This file contains any messages produced by compilers while
running configure, to aid debugging if configure makes a mistake.

It was created by python configure 3.9, which was
generated by GNU Autoconf 2.69.  Invocation command line was

  $ ./configure --prefix=/data/data/com.termux/files/usr

## --------- ##
## Platform. ##
## --------- ##

hostname = localhost
uname -m = aarch64
uname -r = 4.19.113-27223811
uname -s = Linux
uname -v = #1 SMP PREEMPT Wed Jun 26 15:52:55 KST 2024

/usr/bin/uname -p = unknown
/bin/uname -X     = unknown

/bin/arch              = unknown
/usr/bin/arch -k       = unknown
/usr/convex/getsysinfo = unknown
/usr/bin/hostinfo      = unknown
/bin/machine           = unknown
/usr/bin/oslevel       = unknown
/bin/universe          = unknown

PATH: /data/data/com.termux/files/home/Python-3.10.12
PATH: /data/data/com.termux/files/home/.pyenv/shims
PATH: /data/data/com.termux/files/home/.pyenv/bin
PATH: /data/data/com.termux/files/home/.pyenv/bin
PATH: /data/data/com.termux/files/home/.pyenv/bin
PATH: /data/data/com.termux/files/home/.pyenv/bin
PATH: /data/data/com.termux/files/usr/bin


## ----------- ##
## Core tests. ##
## ----------- ##

configure:2846: checking build system type
configure:2860: result: aarch64-unknown-linux-gnu
configure:2880: checking host system type
configure:2893: result: aarch64-unknown-linux-gnu
configure:2923: checking for python3.9
configure:2953: result: no
configure:2923: checking for python3
configure:2939: found /data/data/com.termux/files/usr/bin/python3
configure:2950: result: python3
configure:3044: checking for --enable-universalsdk
configure:3091: result: no
configure:3114: checking for --with-universal-archs
configure:3129: result: no
configure:3285: checking MACHDEP
configure:3336: result: "linux"
configure:3630: checking for gcc
configure:3646: found /data/data/com.termux/files/usr/bin/gcc
configure:3657: result: gcc
configure:3886: checking for C compiler version
configure:3895: gcc --version >&5
clang version 19.1.6
Target: aarch64-unknown-linux-android24
Thread model: posix
InstalledDir: /data/data/com.termux/files/usr/bin
configure:3906: $? = 0
configure:3895: gcc -v >&5
clang version 19.1.6
Target: aarch64-unknown-linux-android24
Thread model: posix
InstalledDir: /data/data/com.termux/files/usr/bin
configure:3906: $? = 0
configure:3895: gcc -V >&5
gcc: error: argument to '-V' is missing (expected 1 value)
gcc: error: no input files
configure:3906: $? = 1
configure:3895: gcc -qversion >&5
gcc: error: unknown argument '-qversion'; did you mean '--version'?
gcc: error: no input files
configure:3906: $? = 1
configure:3926: checking whether the C compiler works
configure:3948: gcc -I/data/data/com.termux/files/usr/include  -L/data/data/com.termux/files/usr/lib conftest.c  >&5
configure:3952: $? = 0
configure:4000: result: yes
configure:4003: checking for C compiler default output file name
configure:4005: result: a.out
configure:4011: checking for suffix of executables
configure:4018: gcc -o conftest -I/data/data/com.termux/files/usr/include  -L/data/data/com.termux/files/usr/lib conftest.c  >&5
configure:4022: $? = 0
configure:4044: result: 
configure:4066: checking whether we are cross compiling
configure:4074: gcc -o conftest -I/data/data/com.termux/files/usr/include  -L/data/data/com.termux/files/usr/lib conftest.c  >&5
configure:4078: $? = 0
configure:4085: ./conftest
configure:4089: $? = 0
configure:4104: result: no
configure:4109: checking for suffix of object files
configure:4131: gcc -c -I/data/data/com.termux/files/usr/include  conftest.c >&5
configure:4135: $? = 0
configure:4156: result: o
configure:4160: checking whether we are using the GNU C compiler
configure:4179: gcc -c -I/data/data/com.termux/files/usr/include  conftest.c >&5
configure:4179: $? = 0
configure:4188: result: yes
configure:4197: checking whether gcc accepts -g
configure:4217: gcc -c -g  conftest.c >&5
configure:4217: $? = 0
configure:4258: result: yes
configure:4275: checking for gcc option to accept ISO C89
configure:4338: gcc  -c -I/data/data/com.termux/files/usr/include  conftest.c >&5
conftest.c:17:14: warning: a function definition without a prototype is deprecated in all versions of C and is not supported in C23 [-Wdeprecated-non-prototype]
   17 | static char *e (p, i)
      |              ^
1 warning generated.
configure:4338: $? = 0
configure:4351: result: none needed
configure:4376: checking how to run the C preprocessor
configure:4407: gcc -E  conftest.c
configure:4407: $? = 0
configure:4421: gcc -E  conftest.c
conftest.c:11:10: fatal error: 'ac_nonexistent.h' file not found
   11 | #include <ac_nonexistent.h>
      |          ^~~~~~~~~~~~~~~~~~
1 error generated.
configure:4421: $? = 1
configure: failed program was:
| /* confdefs.h */
| #define _GNU_SOURCE 1
| #define _NETBSD_SOURCE 1
| #define __BSD_VISIBLE 1
| #define _DARWIN_C_SOURCE 1
| #define _PYTHONFRAMEWORK ""
| #define _XOPEN_SOURCE 700
| #define _XOPEN_SOURCE_EXTENDED 1
| #define _POSIX_C_SOURCE 200809L
| /* end confdefs.h.  */
| #include <ac_nonexistent.h>
configure:4446: result: gcc -E
configure:4466: gcc -E  conftest.c
configure:4466: $? = 0
configure:4480: gcc -E  conftest.c
conftest.c:11:10: fatal error: 'ac_nonexistent.h' file not found
   11 | #include <ac_nonexistent.h>
      |          ^~~~~~~~~~~~~~~~~~
1 error generated.
configure:4480: $? = 1
configure: failed program was:
| /* confdefs.h */
| #define _GNU_SOURCE 1
| #define _NETBSD_SOURCE 1
| #define __BSD_VISIBLE 1
| #define _DARWIN_C_SOURCE 1
| #define _PYTHONFRAMEWORK ""
| #define _XOPEN_SOURCE 700
| #define _XOPEN_SOURCE_EXTENDED 1
| #define _POSIX_C_SOURCE 200809L
| /* end confdefs.h.  */
| #include <ac_nonexistent.h>
configure:4508: checking for grep that handles long lines and -e
configure:4566: result: /data/data/com.termux/files/usr/bin/grep
configure:4571: checking for a sed that does not truncate output
configure:4635: result: /data/data/com.termux/files/usr/bin/sed
configure:4643: checking for --with-cxx-main=<compiler>
configure:4669: result: no
configure:4722: checking for g++
configure:4755: result: no
configure:5183:

  By default, distutils will build C++ extension modules with "g++".
  If this is not intended, then set CXX on the configure command line.
  
configure:5199: checking for the platform triplet based on compiler characteristics
configure:5352: result: none
configure:5370: checking for -Wl,--no-as-needed
configure:5386: gcc -o conftest -I/data/data/com.termux/files/usr/include  -L/data/data/com.termux/files/usr/lib -Wl,--no-as-needed conftest.c  >&5
configure:5386: $? = 0
configure:5388: result: yes
configure:5403: checking for egrep
configure:5465: result: /data/data/com.termux/files/usr/bin/grep -E
configure:5470: checking for ANSI C header files
configure:5490: gcc -c -I/data/data/com.termux/files/usr/include  conftest.c >&5
configure:5490: $? = 0
configure:5563: gcc -o conftest -I/data/data/com.termux/files/usr/include  -L/data/data/com.termux/files/usr/lib conftest.c  >&5
configure:5563: $? = 0
configure:5563: ./conftest
configure:5563: $? = 0
configure:5574: result: yes
configure:5587: checking for sys/types.h
configure:5587: gcc -c -I/data/data/com.termux/files/usr/include  conftest.c >&5
configure:5587: $? = 0
configure:5587: result: yes
configure:5587: checking for sys/stat.h
configure:5587: gcc -c -I/data/data/com.termux/files/usr/include  conftest.c >&5
configure:5587: $? = 0
configure:5587: result: yes
configure:5587: checking for stdlib.h
configure:5587: gcc -c -I/data/data/com.termux/files/usr/include  conftest.c >&5
configure:5587: $? = 0
configure:5587: result: yes
configure:5587: checking for string.h
configure:5587: gcc -c -I/data/data/com.termux/files/usr/include  conftest.c >&5
configure:5587: $? = 0
configure:5587: result: yes
configure:5587: checking for memory.h
configure:5587: gcc -c -I/data/data/com.termux/files/usr/include  conftest.c >&5
configure:5587: $? = 0
configure:5587: result: yes
configure:5587: checking for strings.h
configure:5587: gcc -c -I/data/data/com.termux/files/usr/include  conftest.c >&5
configure:5587: $? = 0
configure:5587: result: yes
configure:5587: checking for inttypes.h
configure:5587: gcc -c -I/data/data/com.termux/files/usr/include  conftest.c >&5
configure:5587: $? = 0
configure:5587: result: yes
configure:5587: checking for stdint.h
configure:5587: gcc -c -I/data/data/com.termux/files/usr/include  conftest.c >&5
configure:5587: $? = 0
configure:5587: result: yes
configure:5587: checking for unistd.h
configure:5587: gcc -c -I/data/data/com.termux/files/usr/include  conftest.c >&5
configure:5587: $? = 0
configure:5587: result: yes
configure:5600: checking minix/config.h usability
configure:5600: gcc -c -I/data/data/com.termux/files/usr/include  conftest.c >&5
conftest.c:54:10: fatal error: 'minix/config.h' file not found
   54 | #include <minix/config.h>
      |          ^~~~~~~~~~~~~~~~
1 error generated.
configure:5600: $? = 1
configure: failed program was:
| /* confdefs.h */
| #define _GNU_SOURCE 1
| #define _NETBSD_SOURCE 1
| #define __BSD_VISIBLE 1
| #define _DARWIN_C_SOURCE 1
| #define _PYTHONFRAMEWORK ""
| #define _XOPEN_SOURCE 700
| #define _XOPEN_SOURCE_EXTENDED 1
| #define _POSIX_C_SOURCE 200809L
| #define STDC_HEADERS 1
| #define HAVE_SYS_TYPES_H 1
| #define HAVE_SYS_STAT_H 1
| #define HAVE_STDLIB_H 1
| #define HAVE_STRING_H 1
| #define HAVE_MEMORY_H 1
| #define HAVE_STRINGS_H 1
| #define HAVE_INTTYPES_H 1
| #define HAVE_STDINT_H 1
| #define HAVE_UNISTD_H 1
| /* end confdefs.h.  */
| #include <stdio.h>
| #ifdef HAVE_SYS_TYPES_H
| # include <sys/types.h>
| #endif
| #ifdef HAVE_SYS_STAT_H
| # include <sys/stat.h>
| #endif
| #ifdef STDC_HEADERS
| # include <stdlib.h>
| # include <stddef.h>
| #else
| # ifdef HAVE_STDLIB_H
| #  include <stdlib.h>
| # endif
| #endif
| #ifdef HAVE_STRING_H
| # if !defined STDC_HEADERS && defined HAVE_MEMORY_H
| #  include <memory.h>
| # endif
| # include <string.h>
| #endif
| #ifdef HAVE_STRINGS_H
| # include <strings.h>
| #endif
| #ifdef HAVE_INTTYPES_H
| # include <inttypes.h>
| #endif
| #ifdef HAVE_STDINT_H
| # include <stdint.h>
| #endif
| #ifdef HAVE_UNISTD_H
| # include <unistd.h>
| #endif
| #include <minix/config.h>
configure:5600: result: no
configure:5600: checking minix/config.h presence
configure:5600: gcc -E  conftest.c
conftest.c:21:10: fatal error: 'minix/config.h' file not found
   21 | #include <minix/config.h>
      |          ^~~~~~~~~~~~~~~~
1 error generated.
configure:5600: $? = 1
configure: failed program was:
| /* confdefs.h */
| #define _GNU_SOURCE 1
| #define _NETBSD_SOURCE 1
| #define __BSD_VISIBLE 1
| #define _DARWIN_C_SOURCE 1
| #define _PYTHONFRAMEWORK ""
| #define _XOPEN_SOURCE 700
| #define _XOPEN_SOURCE_EXTENDED 1
| #define _POSIX_C_SOURCE 200809L
| #define STDC_HEADERS 1
| #define HAVE_SYS_TYPES_H 1
| #define HAVE_SYS_STAT_H 1
| #define HAVE_STDLIB_H 1
| #define HAVE_STRING_H 1
| #define HAVE_MEMORY_H 1
| #define HAVE_STRINGS_H 1
| #define HAVE_INTTYPES_H 1
| #define HAVE_STDINT_H 1
| #define HAVE_UNISTD_H 1
| /* end confdefs.h.  */
| #include <minix/config.h>
configure:5600: result: no
configure:5600: checking for minix/config.h
configure:5600: result: no
configure:5621: checking whether it is safe to define __EXTENSIONS__
configure:5639: gcc -c -I/data/data/com.termux/files/usr/include  conftest.c >&5
configure:5639: $? = 0
configure:5646: result: yes
configure:5661: checking for the Android API level
configure:5675: result: 24
configure:5687: checking for the Android arm ABI
configure:5689: result: 8
configure:5710: checking for --with-suffix
configure:5723: result: 
configure:5729: checking for case-insensitive build directory
configure:5741: result: no
configure:5755: checking LIBRARY
configure:5761: result: libpython$(VERSION)$(ABIFLAGS).a
configure:5801: checking LINKCC
configure:5813: result: $(PURIFY) $(MAINCC)
configure:5822: checking EXPORTSYMS
configure:5833: result: 
configure:5842: checking for GNU ld
configure:5854: result: yes
configure:5857: checking for --enable-shared
configure:5874: result: no
configure:5877: checking for --enable-profiling
configure:5902: result: no
configure:5910: checking LDLIBRARY
configure:5996: result: libpython$(VERSION)$(ABIFLAGS).a
configure:6049: checking for ar
configure:6065: found /data/data/com.termux/files/usr/bin/ar
configure:6076: result: ar
configure:6157: checking for readelf
configure:6173: found /data/data/com.termux/files/usr/bin/readelf
configure:6184: result: readelf
configure:6240: checking for a BSD-compatible install
configure:6308: result: /data/data/com.termux/files/usr/bin/install -c
configure:6319: checking for a thread-safe mkdir -p
configure:6358: result: /data/data/com.termux/files/usr/bin/mkdir -p
configure:6376: checking for --with-pydebug
configure:6395: result: no
configure:6402: checking for --with-trace-refs
configure:6412: result: no
configure:6425: checking for --with-assertions
configure:6445: result: no
configure:6453: checking for --enable-optimizations
configure:6469: result: no
configure:6488: checking PROFILE_TASK
configure:6494: result: -m test --pgo
configure:6518: checking for --with-lto
configure:6535: result: no
configure:6753: checking for llvm-profdata
configure:6771: found /data/data/com.termux/files/usr/bin/llvm-profdata
configure:6783: result: /data/data/com.termux/files/usr/bin/llvm-profdata
configure:6966: checking for -Wextra
configure:6986: gcc -Wextra -Werror -c -I/data/data/com.termux/files/usr/include  conftest.c >&5
configure:6986: $? = 0
configure:6999: result: yes
configure:7011: checking whether gcc accepts and needs -fno-strict-aliasing
configure:7032: gcc -fno-strict-aliasing -c -I/data/data/com.termux/files/usr/include  conftest.c >&5
configure:7032: $? = 0
configure:7049: gcc -fstrict-aliasing -c -I/data/data/com.termux/files/usr/include -Werror -Wstrict-aliasing  conftest.c >&5
configure:7049: $? = 0
configure:7070: result: no
configure:7084: checking if we can turn off gcc unused result warning
configure:7105: gcc -Wunused-result -Werror -c -I/data/data/com.termux/files/usr/include  conftest.c >&5
configure:7105: $? = 0
configure:7119: result: yes
configure:7130: checking if we can turn off gcc unused parameter warning
configure:7150: gcc -Wunused-parameter -Werror -c -I/data/data/com.termux/files/usr/include  conftest.c >&5
configure:7150: $? = 0
configure:7163: result: yes
configure:7171: checking if we can turn off gcc missing field initializers warning
configure:7191: gcc -Wmissing-field-initializers -Werror -c -I/data/data/com.termux/files/usr/include  conftest.c >&5
configure:7191: $? = 0
configure:7204: result: yes
configure:7212: checking if we can turn on gcc mixed sign comparison warning
configure:7233: gcc -Wsign-compare -c -I/data/data/com.termux/files/usr/include  conftest.c >&5
configure:7233: $? = 0
configure:7247: result: yes
configure:7255: checking if we can turn on gcc unreachable code warning
configure:7276: gcc -Wunreachable-code -c -I/data/data/com.termux/files/usr/include  conftest.c >&5
configure:7276: $? = 0
configure:7306: result: yes
configure:7309: checking if we can turn on gcc strict-prototypes warning
configure:7329: gcc -Werror -Wstrict-prototypes -c -I/data/data/com.termux/files/usr/include  conftest.c >&5
conftest.c:30:6: error: a function declaration without a prototype is deprecated in all versions of C [-Werror,-Wstrict-prototypes]
   30 | main ()
      |      ^
      |       void
1 error generated.
configure:7329: $? = 1
configure: failed program was:
| /* confdefs.h */
| #define _GNU_SOURCE 1
| #define _NETBSD_SOURCE 1
| #define __BSD_VISIBLE 1
| #define _DARWIN_C_SOURCE 1
| #define _PYTHONFRAMEWORK ""
| #define _XOPEN_SOURCE 700
| #define _XOPEN_SOURCE_EXTENDED 1
| #define _POSIX_C_SOURCE 200809L
| #define STDC_HEADERS 1
| #define HAVE_SYS_TYPES_H 1
| #define HAVE_SYS_STAT_H 1
| #define HAVE_STDLIB_H 1
| #define HAVE_STRING_H 1
| #define HAVE_MEMORY_H 1
| #define HAVE_STRINGS_H 1
| #define HAVE_INTTYPES_H 1
| #define HAVE_STDINT_H 1
| #define HAVE_UNISTD_H 1
| #define __EXTENSIONS__ 1
| #define _ALL_SOURCE 1
| #define _GNU_SOURCE 1
| #define _POSIX_PTHREAD_SEMANTICS 1
| #define _TANDEM_SOURCE 1
| #define ANDROID_API_LEVEL 24
| /* end confdefs.h.  */
| 
| 
| int
| main ()
| {
| 
|   ;
|   return 0;
| }
| 
configure:7342: result: no
configure:7350: checking if we can make implicit function declaration an error in gcc
configure:7370: gcc -Werror=implicit-function-declaration -c -I/data/data/com.termux/files/usr/include  conftest.c >&5
configure:7370: $? = 0
configure:7383: result: yes
configure:7391: checking if we can use visibility in gcc
configure:7411: gcc -fvisibility=hidden -c -I/data/data/com.termux/files/usr/include  conftest.c >&5
configure:7411: $? = 0
configure:7424: result: yes
configure:7647: checking whether pthreads are available without options
configure:7672: gcc -o conftest -I/data/data/com.termux/files/usr/include  -L/data/data/com.termux/files/usr/lib conftest.c  >&5
configure:7672: $? = 0
configure:7672: ./conftest
configure:7672: $? = 0
configure:7688: result: yes
configure:7849: checking whether g++ also accepts flags for thread support
configure:7880: result: no
configure:7887: checking for ANSI C header files
configure:7991: result: yes
configure:8015: checking asm/types.h usability
configure:8015: gcc -c -I/data/data/com.termux/files/usr/include  conftest.c >&5
configure:8015: $? = 0
configure:8015: result: yes
configure:8015: checking asm/types.h presence
configure:8015: gcc -E  conftest.c
configure:8015: $? = 0
configure:8015: result: yes
configure:8015: checking for asm/types.h
configure:8015: result: yes
configure:8015: checking crypt.h usability
configure:8015: gcc -c -I/data/data/com.termux/files/usr/include  conftest.c >&5
configure:8015: $? = 0
configure:8015: result: yes
configure:8015: checking crypt.h presence
configure:8015: gcc -E  conftest.c
configure:8015: $? = 0
configure:8015: result: yes
configure:8015: checking for crypt.h
configure:8015: result: yes
configure:8015: checking conio.h usability
configure:8015: gcc -c -I/data/data/com.termux/files/usr/include  conftest.c >&5
conftest.c:63:10: fatal error: 'conio.h' file not found
   63 | #include <conio.h>
      |          ^~~~~~~~~
1 error generated.
configure:8015: $? = 1
configure: failed program was:
| /* confdefs.h */
| #define _GNU_SOURCE 1
| #define _NETBSD_SOURCE 1
| #define __BSD_VISIBLE 1
| #define _DARWIN_C_SOURCE 1
| #define _PYTHONFRAMEWORK ""
| #define _XOPEN_SOURCE 700
| #define _XOPEN_SOURCE_EXTENDED 1
| #define _POSIX_C_SOURCE 200809L
| #define STDC_HEADERS 1
| #define HAVE_SYS_TYPES_H 1
| #define HAVE_SYS_STAT_H 1
| #define HAVE_STDLIB_H 1
| #define HAVE_STRING_H 1
| #define HAVE_MEMORY_H 1
| #define HAVE_STRINGS_H 1
| #define HAVE_INTTYPES_H 1
| #define HAVE_STDINT_H 1
| #define HAVE_UNISTD_H 1
| #define __EXTENSIONS__ 1
| #define _ALL_SOURCE 1
| #define _GNU_SOURCE 1
| #define _POSIX_PTHREAD_SEMANTICS 1
| #define _TANDEM_SOURCE 1
| #define ANDROID_API_LEVEL 24
| #define STDC_HEADERS 1
| #define HAVE_ASM_TYPES_H 1
| #define HAVE_CRYPT_H 1
| /* end confdefs.h.  */
| #include <stdio.h>
| #ifdef HAVE_SYS_TYPES_H
| # include <sys/types.h>
| #endif
| #ifdef HAVE_SYS_STAT_H
| # include <sys/stat.h>
| #endif
| #ifdef STDC_HEADERS
| # include <stdlib.h>
| # include <stddef.h>
| #else
| # ifdef HAVE_STDLIB_H
| #  include <stdlib.h>
| # endif
| #endif
| #ifdef HAVE_STRING_H
| # if !defined STDC_HEADERS && defined HAVE_MEMORY_H
| #  include <memory.h>
| # endif
| # include <string.h>
| #endif
| #ifdef HAVE_STRINGS_H
| # include <strings.h>
| #endif
| #ifdef HAVE_INTTYPES_H
| # include <inttypes.h>
| #endif
| #ifdef HAVE_STDINT_H
| # include <stdint.h>
| #endif
| #ifdef HAVE_UNISTD_H
| # include <unistd.h>
| #endif
| #include <conio.h>
configure:8015: result: no
configure:8015: checking conio.h presence
configure:8015: gcc -E  conftest.c
conftest.c:30:10: fatal error: 'conio.h' file not found
   30 | #include <conio.h>
      |          ^~~~~~~~~
1 error generated.
configure:8015: $? = 1
configure: failed program was:
| /* confdefs.h */
| #define _GNU_SOURCE 1
| #define _NETBSD_SOURCE 1
| #define __BSD_VISIBLE 1
| #define _DARWIN_C_SOURCE 1
| #define _PYTHONFRAMEWORK ""
| #define _XOPEN_SOURCE 700
| #define _XOPEN_SOURCE_EXTENDED 1
| #define _POSIX_C_SOURCE 200809L
| #define STDC_HEADERS 1
| #define HAVE_SYS_TYPES_H 1
| #define HAVE_SYS_STAT_H 1
| #define HAVE_STDLIB_H 1
| #define HAVE_STRING_H 1
| #define HAVE_MEMORY_H 1
| #define HAVE_STRINGS_H 1
| #define HAVE_INTTYPES_H 1
| #define HAVE_STDINT_H 1
| #define HAVE_UNISTD_H 1
| #define __EXTENSIONS__ 1
| #define _ALL_SOURCE 1
| #define _GNU_SOURCE 1
| #define _POSIX_PTHREAD_SEMANTICS 1
| #define _TANDEM_SOURCE 1
| #define ANDROID_API_LEVEL 24
| #define STDC_HEADERS 1
| #define HAVE_ASM_TYPES_H 1
| #define HAVE_CRYPT_H 1
| /* end confdefs.h.  */
| #include <conio.h>
configure:8015: result: no
configure:8015: checking for conio.h
configure:8015: result: no
configure:8015: checking direct.h usability
configure:8015: gcc -c -I/data/data/com.termux/files/usr/include  conftest.c >&5
conftest.c:63:10: fatal error: 'direct.h' file not found
   63 | #include <direct.h>
      |          ^~~~~~~~~~
1 error generated.
configure:8015: $? = 1
configure: failed program was:
| /* confdefs.h */
| #define _GNU_SOURCE 1
| #define _NETBSD_SOURCE 1
| #define __BSD_VISIBLE 1
| #define _DARWIN_C_SOURCE 1
| #define _PYTHONFRAMEWORK ""
| #define _XOPEN_SOURCE 700
| #define _XOPEN_SOURCE_EXTENDED 1
| #define _POSIX_C_SOURCE 200809L
| #define STDC_HEADERS 1
| #define HAVE_SYS_TYPES_H 1
| #define HAVE_SYS_STAT_H 1
| #define HAVE_STDLIB_H 1
| #define HAVE_STRING_H 1
| #define HAVE_MEMORY_H 1
| #define HAVE_STRINGS_H 1
| #define HAVE_INTTYPES_H 1
| #define HAVE_STDINT_H 1
| #define HAVE_UNISTD_H 1
| #define __EXTENSIONS__ 1
| #define _ALL_SOURCE 1
| #define _GNU_SOURCE 1
| #define _POSIX_PTHREAD_SEMANTICS 1
| #define _TANDEM_SOURCE 1
| #define ANDROID_API_LEVEL 24
| #define STDC_HEADERS 1
| #define HAVE_ASM_TYPES_H 1
| #define HAVE_CRYPT_H 1
| /* end confdefs.h.  */
| #include <stdio.h>
| #ifdef HAVE_SYS_TYPES_H
| # include <sys/types.h>
| #endif
| #ifdef HAVE_SYS_STAT_H
| # include <sys/stat.h>
| #endif
| #ifdef STDC_HEADERS
| # include <stdlib.h>
| # include <stddef.h>
| #else
| # ifdef HAVE_STDLIB_H
| #  include <stdlib.h>
| # endif
| #endif
| #ifdef HAVE_STRING_H
| # if !defined STDC_HEADERS && defined HAVE_MEMORY_H
| #  include <memory.h>
| # endif
| # include <string.h>
| #endif
| #ifdef HAVE_STRINGS_H
| # include <strings.h>
| #endif
| #ifdef HAVE_INTTYPES_H
| # include <inttypes.h>
| #endif
| #ifdef HAVE_STDINT_H
| # include <stdint.h>
| #endif
| #ifdef HAVE_UNISTD_H
| # include <unistd.h>
| #endif
| #include <direct.h>
configure:8015: result: no
configure:8015: checking direct.h presence
configure:8015: gcc -E  conftest.c
conftest.c:30:10: fatal error: 'direct.h' file not found
   30 | #include <direct.h>
      |          ^~~~~~~~~~
1 error generated.
configure:8015: $? = 1
configure: failed program was:
| /* confdefs.h */
| #define _GNU_SOURCE 1
| #define _NETBSD_SOURCE 1
| #define __BSD_VISIBLE 1
| #define _DARWIN_C_SOURCE 1
| #define _PYTHONFRAMEWORK ""
| #define _XOPEN_SOURCE 700
| #define _XOPEN_SOURCE_EXTENDED 1
| #define _POSIX_C_SOURCE 200809L
| #define STDC_HEADERS 1
| #define HAVE_SYS_TYPES_H 1
| #define HAVE_SYS_STAT_H 1
| #define HAVE_STDLIB_H 1
| #define HAVE_STRING_H 1
| #define HAVE_MEMORY_H 1
| #define HAVE_STRINGS_H 1
| #define HAVE_INTTYPES_H 1
| #define HAVE_STDINT_H 1
| #define HAVE_UNISTD_H 1
| #define __EXTENSIONS__ 1
| #define _ALL_SOURCE 1
| #define _GNU_SOURCE 1
| #define _POSIX_PTHREAD_SEMANTICS 1
| #define _TANDEM_SOURCE 1
| #define ANDROID_API_LEVEL 24
| #define STDC_HEADERS 1
| #define HAVE_ASM_TYPES_H 1
| #define HAVE_CRYPT_H 1
| /* end confdefs.h.  */
| #include <direct.h>
configure:8015: result: no
configure:8015: checking for direct.h
configure:8015: result: no
configure:8015: checking dlfcn.h usability
configure:8015: gcc -c -I/data/data/com.termux/files/usr/include  conftest.c >&5
configure:8015: $? = 0
configure:8015: result: yes
configure:8015: checking dlfcn.h presence
configure:8015: gcc -E  conftest.c
configure:8015: $? = 0
configure:8015: result: yes
configure:8015: checking for dlfcn.h
configure:8015: result: yes
configure:8015: checking errno.h usability
configure:8015: gcc -c -I/data/data/com.termux/files/usr/include  conftest.c >&5
configure:8015: $? = 0
configure:8015: result: yes
configure:8015: checking errno.h presence
configure:8015: gcc -E  conftest.c
configure:8015: $? = 0
configure:8015: result: yes
configure:8015: checking for errno.h
configure:8015: result: yes
configure:8015: checking fcntl.h usability
configure:8015: gcc -c -I/data/data/com.termux/files/usr/include  conftest.c >&5
configure:8015: $? = 0
configure:8015: result: yes
configure:8015: checking fcntl.h presence
configure:8015: gcc -E  conftest.c
configure:8015: $? = 0
configure:8015: result: yes
configure:8015: checking for fcntl.h
configure:8015: result: yes
configure:8015: checking grp.h usability
configure:8015: gcc -c -I/data/data/com.termux/files/usr/include  conftest.c >&5
configure:8015: $? = 0
configure:8015: result: yes
configure:8015: checking grp.h presence
configure:8015: gcc -E  conftest.c
configure:8015: $? = 0
configure:8015: result: yes
configure:8015: checking for grp.h
configure:8015: result: yes
configure:8015: checking ieeefp.h usability
configure:8015: gcc -c -I/data/data/com.termux/files/usr/include  conftest.c >&5
conftest.c:67:10: fatal error: 'ieeefp.h' file not found
   67 | #include <ieeefp.h>
      |          ^~~~~~~~~~
1 error generated.
configure:8015: $? = 1
configure: failed program was:
| /* confdefs.h */
| #define _GNU_SOURCE 1
| #define _NETBSD_SOURCE 1
| #define __BSD_VISIBLE 1
| #define _DARWIN_C_SOURCE 1
| #define _PYTHONFRAMEWORK ""
| #define _XOPEN_SOURCE 700
| #define _XOPEN_SOURCE_EXTENDED 1
| #define _POSIX_C_SOURCE 200809L
| #define STDC_HEADERS 1
| #define HAVE_SYS_TYPES_H 1
| #define HAVE_SYS_STAT_H 1
| #define HAVE_STDLIB_H 1
| #define HAVE_STRING_H 1
| #define HAVE_MEMORY_H 1
| #define HAVE_STRINGS_H 1
| #define HAVE_INTTYPES_H 1
| #define HAVE_STDINT_H 1
| #define HAVE_UNISTD_H 1
| #define __EXTENSIONS__ 1
| #define _ALL_SOURCE 1
| #define _GNU_SOURCE 1
| #define _POSIX_PTHREAD_SEMANTICS 1
| #define _TANDEM_SOURCE 1
| #define ANDROID_API_LEVEL 24
| #define STDC_HEADERS 1
| #define HAVE_ASM_TYPES_H 1
| #define HAVE_CRYPT_H 1
| #define HAVE_DLFCN_H 1
| #define HAVE_ERRNO_H 1
| #define HAVE_FCNTL_H 1
| #define HAVE_GRP_H 1
| /* end confdefs.h.  */
| #include <stdio.h>
| #ifdef HAVE_SYS_TYPES_H
| # include <sys/types.h>
| #endif
| #ifdef HAVE_SYS_STAT_H
| # include <sys/stat.h>
| #endif
| #ifdef STDC_HEADERS
| # include <stdlib.h>
| # include <stddef.h>
| #else
| # ifdef HAVE_STDLIB_H
| #  include <stdlib.h>
| # endif
| #endif
| #ifdef HAVE_STRING_H
| # if !defined STDC_HEADERS && defined HAVE_MEMORY_H
| #  include <memory.h>
| # endif
| # include <string.h>
| #endif
| #ifdef HAVE_STRINGS_H
| # include <strings.h>
| #endif
| #ifdef HAVE_INTTYPES_H
| # include <inttypes.h>
| #endif
| #ifdef HAVE_STDINT_H
| # include <stdint.h>
| #endif
| #ifdef HAVE_UNISTD_H
| # include <unistd.h>
| #endif
| #include <ieeefp.h>
configure:8015: result: no
configure:8015: checking ieeefp.h presence
configure:8015: gcc -E  conftest.c
conftest.c:34:10: fatal error: 'ieeefp.h' file not found
   34 | #include <ieeefp.h>
      |          ^~~~~~~~~~
1 error generated.
configure:8015: $? = 1
configure: failed program was:
| /* confdefs.h */
| #define _GNU_SOURCE 1
| #define _NETBSD_SOURCE 1
| #define __BSD_VISIBLE 1
| #define _DARWIN_C_SOURCE 1
| #define _PYTHONFRAMEWORK ""
| #define _XOPEN_SOURCE 700
| #define _XOPEN_SOURCE_EXTENDED 1
| #define _POSIX_C_SOURCE 200809L
| #define STDC_HEADERS 1
| #define HAVE_SYS_TYPES_H 1
| #define HAVE_SYS_STAT_H 1
| #define HAVE_STDLIB_H 1
| #define HAVE_STRING_H 1
| #define HAVE_MEMORY_H 1
| #define HAVE_STRINGS_H 1
| #define HAVE_INTTYPES_H 1
| #define HAVE_STDINT_H 1
| #define HAVE_UNISTD_H 1
| #define __EXTENSIONS__ 1
| #define _ALL_SOURCE 1
| #define _GNU_SOURCE 1
| #define _POSIX_PTHREAD_SEMANTICS 1
| #define _TANDEM_SOURCE 1
| #define ANDROID_API_LEVEL 24
| #define STDC_HEADERS 1
| #define HAVE_ASM_TYPES_H 1
| #define HAVE_CRYPT_H 1
| #define HAVE_DLFCN_H 1
| #define HAVE_ERRNO_H 1
| #define HAVE_FCNTL_H 1
| #define HAVE_GRP_H 1
| /* end confdefs.h.  */
| #include <ieeefp.h>
configure:8015: result: no
configure:8015: checking for ieeefp.h
configure:8015: result: no
configure:8015: checking io.h usability
configure:8015: gcc -c -I/data/data/com.termux/files/usr/include  conftest.c >&5
conftest.c:67:10: fatal error: 'io.h' file not found
   67 | #include <io.h>
      |          ^~~~~~
1 error generated.
configure:8015: $? = 1
configure: failed program was:
| /* confdefs.h */
| #define _GNU_SOURCE 1
| #define _NETBSD_SOURCE 1
| #define __BSD_VISIBLE 1
| #define _DARWIN_C_SOURCE 1
| #define _PYTHONFRAMEWORK ""
| #define _XOPEN_SOURCE 700
| #define _XOPEN_SOURCE_EXTENDED 1
| #define _POSIX_C_SOURCE 200809L
| #define STDC_HEADERS 1
| #define HAVE_SYS_TYPES_H 1
| #define HAVE_SYS_STAT_H 1
| #define HAVE_STDLIB_H 1
| #define HAVE_STRING_H 1
| #define HAVE_MEMORY_H 1
| #define HAVE_STRINGS_H 1
| #define HAVE_INTTYPES_H 1
| #define HAVE_STDINT_H 1
| #define HAVE_UNISTD_H 1
| #define __EXTENSIONS__ 1
| #define _ALL_SOURCE 1
| #define _GNU_SOURCE 1
| #define _POSIX_PTHREAD_SEMANTICS 1
| #define _TANDEM_SOURCE 1
| #define ANDROID_API_LEVEL 24
| #define STDC_HEADERS 1
| #define HAVE_ASM_TYPES_H 1
| #define HAVE_CRYPT_H 1
| #define HAVE_DLFCN_H 1
| #define HAVE_ERRNO_H 1
| #define HAVE_FCNTL_H 1
| #define HAVE_GRP_H 1
| /* end confdefs.h.  */
| #include <stdio.h>
| #ifdef HAVE_SYS_TYPES_H
| # include <sys/types.h>
| #endif
| #ifdef HAVE_SYS_STAT_H
| # include <sys/stat.h>
| #endif
| #ifdef STDC_HEADERS
| # include <stdlib.h>
| # include <stddef.h>
| #else
| # ifdef HAVE_STDLIB_H
| #  include <stdlib.h>
| # endif
| #endif
| #ifdef HAVE_STRING_H
| # if !defined STDC_HEADERS && defined HAVE_MEMORY_H
| #  include <memory.h>
| # endif
| # include <string.h>
| #endif
| #ifdef HAVE_STRINGS_H
| # include <strings.h>
| #endif
| #ifdef HAVE_INTTYPES_H
| # include <inttypes.h>
| #endif
| #ifdef HAVE_STDINT_H
| # include <stdint.h>
| #endif
| #ifdef HAVE_UNISTD_H
| # include <unistd.h>
| #endif
| #include <io.h>
configure:8015: result: no
configure:8015: checking io.h presence
configure:8015: gcc -E  conftest.c
conftest.c:34:10: fatal error: 'io.h' file not found
   34 | #include <io.h>
      |          ^~~~~~
1 error generated.
configure:8015: $? = 1
configure: failed program was:
| /* confdefs.h */
| #define _GNU_SOURCE 1
| #define _NETBSD_SOURCE 1
| #define __BSD_VISIBLE 1
| #define _DARWIN_C_SOURCE 1
| #define _PYTHONFRAMEWORK ""
| #define _XOPEN_SOURCE 700
| #define _XOPEN_SOURCE_EXTENDED 1
| #define _POSIX_C_SOURCE 200809L
| #define STDC_HEADERS 1
| #define HAVE_SYS_TYPES_H 1
| #define HAVE_SYS_STAT_H 1
| #define HAVE_STDLIB_H 1
| #define HAVE_STRING_H 1
| #define HAVE_MEMORY_H 1
| #define HAVE_STRINGS_H 1
| #define HAVE_INTTYPES_H 1
| #define HAVE_STDINT_H 1
| #define HAVE_UNISTD_H 1
| #define __EXTENSIONS__ 1
| #define _ALL_SOURCE 1
| #define _GNU_SOURCE 1
| #define _POSIX_PTHREAD_SEMANTICS 1
| #define _TANDEM_SOURCE 1
| #define ANDROID_API_LEVEL 24
| #define STDC_HEADERS 1
| #define HAVE_ASM_TYPES_H 1
| #define HAVE_CRYPT_H 1
| #define HAVE_DLFCN_H 1
| #define HAVE_ERRNO_H 1
| #define HAVE_FCNTL_H 1
| #define HAVE_GRP_H 1
| /* end confdefs.h.  */
| #include <io.h>
configure:8015: result: no
configure:8015: checking for io.h
configure:8015: result: no
configure:8015: checking langinfo.h usability
configure:8015: gcc -c -I/data/data/com.termux/files/usr/include  conftest.c >&5
configure:8015: $? = 0
configure:8015: result: yes
configure:8015: checking langinfo.h presence
configure:8015: gcc -E  conftest.c
configure:8015: $? = 0
configure:8015: result: yes
configure:8015: checking for langinfo.h
configure:8015: result: yes
configure:8015: checking libintl.h usability
configure:8015: gcc -c -I/data/data/com.termux/files/usr/include  conftest.c >&5
configure:8015: $? = 0
configure:8015: result: yes
configure:8015: checking libintl.h presence
configure:8015: gcc -E  conftest.c
configure:8015: $? = 0
configure:8015: result: yes
configure:8015: checking for libintl.h
configure:8015: result: yes
configure:8015: checking process.h usability
configure:8015: gcc -c -I/data/data/com.termux/files/usr/include  conftest.c >&5
conftest.c:69:10: fatal error: 'process.h' file not found
   69 | #include <process.h>
      |          ^~~~~~~~~~~
1 error generated.
configure:8015: $? = 1
configure: failed program was:
| /* confdefs.h */
| #define _GNU_SOURCE 1
| #define _NETBSD_SOURCE 1
| #define __BSD_VISIBLE 1
| #define _DARWIN_C_SOURCE 1
| #define _PYTHONFRAMEWORK ""
| #define _XOPEN_SOURCE 700
| #define _XOPEN_SOURCE_EXTENDED 1
| #define _POSIX_C_SOURCE 200809L
| #define STDC_HEADERS 1
| #define HAVE_SYS_TYPES_H 1
| #define HAVE_SYS_STAT_H 1
| #define HAVE_STDLIB_H 1
| #define HAVE_STRING_H 1
| #define HAVE_MEMORY_H 1
| #define HAVE_STRINGS_H 1
| #define HAVE_INTTYPES_H 1
| #define HAVE_STDINT_H 1
| #define HAVE_UNISTD_H 1
| #define __EXTENSIONS__ 1
| #define _ALL_SOURCE 1
| #define _GNU_SOURCE 1
| #define _POSIX_PTHREAD_SEMANTICS 1
| #define _TANDEM_SOURCE 1
| #define ANDROID_API_LEVEL 24
| #define STDC_HEADERS 1
| #define HAVE_ASM_TYPES_H 1
| #define HAVE_CRYPT_H 1
| #define HAVE_DLFCN_H 1
| #define HAVE_ERRNO_H 1
| #define HAVE_FCNTL_H 1
| #define HAVE_GRP_H 1
| #define HAVE_LANGINFO_H 1
| #define HAVE_LIBINTL_H 1
| /* end confdefs.h.  */
| #include <stdio.h>
| #ifdef HAVE_SYS_TYPES_H
| # include <sys/types.h>
| #endif
| #ifdef HAVE_SYS_STAT_H
| # include <sys/stat.h>
| #endif
| #ifdef STDC_HEADERS
| # include <stdlib.h>
| # include <stddef.h>
| #else
| # ifdef HAVE_STDLIB_H
| #  include <stdlib.h>
| # endif
| #endif
| #ifdef HAVE_STRING_H
| # if !defined STDC_HEADERS && defined HAVE_MEMORY_H
| #  include <memory.h>
| # endif
| # include <string.h>
| #endif
| #ifdef HAVE_STRINGS_H
| # include <strings.h>
| #endif
| #ifdef HAVE_INTTYPES_H
| # include <inttypes.h>
| #endif
| #ifdef HAVE_STDINT_H
| # include <stdint.h>
| #endif
| #ifdef HAVE_UNISTD_H
| # include <unistd.h>
| #endif
| #include <process.h>
configure:8015: result: no
configure:8015: checking process.h presence
configure:8015: gcc -E  conftest.c
conftest.c:36:10: fatal error: 'process.h' file not found
   36 | #include <process.h>
      |          ^~~~~~~~~~~
1 error generated.
configure:8015: $? = 1
configure: failed program was:
| /* confdefs.h */
| #define _GNU_SOURCE 1
| #define _NETBSD_SOURCE 1
| #define __BSD_VISIBLE 1
| #define _DARWIN_C_SOURCE 1
| #define _PYTHONFRAMEWORK ""
| #define _XOPEN_SOURCE 700
| #define _XOPEN_SOURCE_EXTENDED 1
| #define _POSIX_C_SOURCE 200809L
| #define STDC_HEADERS 1
| #define HAVE_SYS_TYPES_H 1
| #define HAVE_SYS_STAT_H 1
| #define HAVE_STDLIB_H 1
| #define HAVE_STRING_H 1
| #define HAVE_MEMORY_H 1
| #define HAVE_STRINGS_H 1
| #define HAVE_INTTYPES_H 1
| #define HAVE_STDINT_H 1
| #define HAVE_UNISTD_H 1
| #define __EXTENSIONS__ 1
| #define _ALL_SOURCE 1
| #define _GNU_SOURCE 1
| #define _POSIX_PTHREAD_SEMANTICS 1
| #define _TANDEM_SOURCE 1
| #define ANDROID_API_LEVEL 24
| #define STDC_HEADERS 1
| #define HAVE_ASM_TYPES_H 1
| #define HAVE_CRYPT_H 1
| #define HAVE_DLFCN_H 1
| #define HAVE_ERRNO_H 1
| #define HAVE_FCNTL_H 1
| #define HAVE_GRP_H 1
| #define HAVE_LANGINFO_H 1
| #define HAVE_LIBINTL_H 1
| /* end confdefs.h.  */
| #include <process.h>
configure:8015: result: no
configure:8015: checking for process.h
configure:8015: result: no
configure:8015: checking pthread.h usability
configure:8015: gcc -c -I/data/data/com.termux/files/usr/include  conftest.c >&5
configure:8015: $? = 0
configure:8015: result: yes
configure:8015: checking pthread.h presence
configure:8015: gcc -E  conftest.c
configure:8015: $? = 0
configure:8015: result: yes
configure:8015: checking for pthread.h
configure:8015: result: yes
configure:8015: checking sched.h usability
configure:8015: gcc -c -I/data/data/com.termux/files/usr/include  conftest.c >&5
configure:8015: $? = 0
configure:8015: result: yes
configure:8015: checking sched.h presence
configure:8015: gcc -E  conftest.c
configure:8015: $? = 0
configure:8015: result: yes
configure:8015: checking for sched.h
configure:8015: result: yes
configure:8015: checking shadow.h usability
configure:8015: gcc -c -I/data/data/com.termux/files/usr/include  conftest.c >&5
conftest.c:71:10: fatal error: 'shadow.h' file not found
   71 | #include <shadow.h>
      |          ^~~~~~~~~~
1 error generated.
configure:8015: $? = 1
configure: failed program was:
| /* confdefs.h */
| #define _GNU_SOURCE 1
| #define _NETBSD_SOURCE 1
| #define __BSD_VISIBLE 1
| #define _DARWIN_C_SOURCE 1
| #define _PYTHONFRAMEWORK ""
| #define _XOPEN_SOURCE 700
| #define _XOPEN_SOURCE_EXTENDED 1
| #define _POSIX_C_SOURCE 200809L
| #define STDC_HEADERS 1
| #define HAVE_SYS_TYPES_H 1
| #define HAVE_SYS_STAT_H 1
| #define HAVE_STDLIB_H 1
| #define HAVE_STRING_H 1
| #define HAVE_MEMORY_H 1
| #define HAVE_STRINGS_H 1
| #define HAVE_INTTYPES_H 1
| #define HAVE_STDINT_H 1
| #define HAVE_UNISTD_H 1
| #define __EXTENSIONS__ 1
| #define _ALL_SOURCE 1
| #define _GNU_SOURCE 1
| #define _POSIX_PTHREAD_SEMANTICS 1
| #define _TANDEM_SOURCE 1
| #define ANDROID_API_LEVEL 24
| #define STDC_HEADERS 1
| #define HAVE_ASM_TYPES_H 1
| #define HAVE_CRYPT_H 1
| #define HAVE_DLFCN_H 1
| #define HAVE_ERRNO_H 1
| #define HAVE_FCNTL_H 1
| #define HAVE_GRP_H 1
| #define HAVE_LANGINFO_H 1
| #define HAVE_LIBINTL_H 1
| #define HAVE_PTHREAD_H 1
| #define HAVE_SCHED_H 1
| /* end confdefs.h.  */
| #include <stdio.h>
| #ifdef HAVE_SYS_TYPES_H
| # include <sys/types.h>
| #endif
| #ifdef HAVE_SYS_STAT_H
| # include <sys/stat.h>
| #endif
| #ifdef STDC_HEADERS
| # include <stdlib.h>
| # include <stddef.h>
| #else
| # ifdef HAVE_STDLIB_H
| #  include <stdlib.h>
| # endif
| #endif
| #ifdef HAVE_STRING_H
| # if !defined STDC_HEADERS && defined HAVE_MEMORY_H
| #  include <memory.h>
| # endif
| # include <string.h>
| #endif
| #ifdef HAVE_STRINGS_H
| # include <strings.h>
| #endif
| #ifdef HAVE_INTTYPES_H
| # include <inttypes.h>
| #endif
| #ifdef HAVE_STDINT_H
| # include <stdint.h>
| #endif
| #ifdef HAVE_UNISTD_H
| # include <unistd.h>
| #endif
| #include <shadow.h>
configure:8015: result: no
configure:8015: checking shadow.h presence
configure:8015: gcc -E  conftest.c
conftest.c:38:10: fatal error: 'shadow.h' file not found
   38 | #include <shadow.h>
      |          ^~~~~~~~~~
1 error generated.
configure:8015: $? = 1
configure: failed program was:
| /* confdefs.h */
| #define _GNU_SOURCE 1
| #define _NETBSD_SOURCE 1
| #define __BSD_VISIBLE 1
| #define _DARWIN_C_SOURCE 1
| #define _PYTHONFRAMEWORK ""
| #define _XOPEN_SOURCE 700
| #define _XOPEN_SOURCE_EXTENDED 1
| #define _POSIX_C_SOURCE 200809L
| #define STDC_HEADERS 1
| #define HAVE_SYS_TYPES_H 1
| #define HAVE_SYS_STAT_H 1
| #define HAVE_STDLIB_H 1
| #define HAVE_STRING_H 1
| #define HAVE_MEMORY_H 1
| #define HAVE_STRINGS_H 1
| #define HAVE_INTTYPES_H 1
| #define HAVE_STDINT_H 1
| #define HAVE_UNISTD_H 1
| #define __EXTENSIONS__ 1
| #define _ALL_SOURCE 1
| #define _GNU_SOURCE 1
| #define _POSIX_PTHREAD_SEMANTICS 1
| #define _TANDEM_SOURCE 1
| #define ANDROID_API_LEVEL 24
| #define STDC_HEADERS 1
| #define HAVE_ASM_TYPES_H 1
| #define HAVE_CRYPT_H 1
| #define HAVE_DLFCN_H 1
| #define HAVE_ERRNO_H 1
| #define HAVE_FCNTL_H 1
| #define HAVE_GRP_H 1
| #define HAVE_LANGINFO_H 1
| #define HAVE_LIBINTL_H 1
| #define HAVE_PTHREAD_H 1
| #define HAVE_SCHED_H 1
| /* end confdefs.h.  */
| #include <shadow.h>
configure:8015: result: no
configure:8015: checking for shadow.h
configure:8015: result: no
configure:8015: checking signal.h usability
configure:8015: gcc -c -I/data/data/com.termux/files/usr/include  conftest.c >&5
configure:8015: $? = 0
configure:8015: result: yes
configure:8015: checking signal.h presence
configure:8015: gcc -E  conftest.c
configure:8015: $? = 0
configure:8015: result: yes
configure:8015: checking for signal.h
configure:8015: result: yes
configure:8015: checking stropts.h usability
configure:8015: gcc -c -I/data/data/com.termux/files/usr/include  conftest.c >&5
conftest.c:72:10: fatal error: 'stropts.h' file not found
   72 | #include <stropts.h>
      |          ^~~~~~~~~~~
1 error generated.
configure:8015: $? = 1
configure: failed program was:
| /* confdefs.h */
| #define _GNU_SOURCE 1
| #define _NETBSD_SOURCE 1
| #define __BSD_VISIBLE 1
| #define _DARWIN_C_SOURCE 1
| #define _PYTHONFRAMEWORK ""
| #define _XOPEN_SOURCE 700
| #define _XOPEN_SOURCE_EXTENDED 1
| #define _POSIX_C_SOURCE 200809L
| #define STDC_HEADERS 1
| #define HAVE_SYS_TYPES_H 1
| #define HAVE_SYS_STAT_H 1
| #define HAVE_STDLIB_H 1
| #define HAVE_STRING_H 1
| #define HAVE_MEMORY_H 1
| #define HAVE_STRINGS_H 1
| #define HAVE_INTTYPES_H 1
| #define HAVE_STDINT_H 1
| #define HAVE_UNISTD_H 1
| #define __EXTENSIONS__ 1
| #define _ALL_SOURCE 1
| #define _GNU_SOURCE 1
| #define _POSIX_PTHREAD_SEMANTICS 1
| #define _TANDEM_SOURCE 1
| #define ANDROID_API_LEVEL 24
| #define STDC_HEADERS 1
| #define HAVE_ASM_TYPES_H 1
| #define HAVE_CRYPT_H 1
| #define HAVE_DLFCN_H 1
| #define HAVE_ERRNO_H 1
| #define HAVE_FCNTL_H 1
| #define HAVE_GRP_H 1
| #define HAVE_LANGINFO_H 1
| #define HAVE_LIBINTL_H 1
| #define HAVE_PTHREAD_H 1
| #define HAVE_SCHED_H 1
| #define HAVE_SIGNAL_H 1
| /* end confdefs.h.  */
| #include <stdio.h>
| #ifdef HAVE_SYS_TYPES_H
| # include <sys/types.h>
| #endif
| #ifdef HAVE_SYS_STAT_H
| # include <sys/stat.h>
| #endif
| #ifdef STDC_HEADERS
| # include <stdlib.h>
| # include <stddef.h>
| #else
| # ifdef HAVE_STDLIB_H
| #  include <stdlib.h>
| # endif
| #endif
| #ifdef HAVE_STRING_H
| # if !defined STDC_HEADERS && defined HAVE_MEMORY_H
| #  include <memory.h>
| # endif
| # include <string.h>
| #endif
| #ifdef HAVE_STRINGS_H
| # include <strings.h>
| #endif
| #ifdef HAVE_INTTYPES_H
| # include <inttypes.h>
| #endif
| #ifdef HAVE_STDINT_H
| # include <stdint.h>
| #endif
| #ifdef HAVE_UNISTD_H
| # include <unistd.h>
| #endif
| #include <stropts.h>
configure:8015: result: no
configure:8015: checking stropts.h presence
configure:8015: gcc -E  conftest.c
conftest.c:39:10: fatal error: 'stropts.h' file not found
   39 | #include <stropts.h>
      |          ^~~~~~~~~~~
1 error generated.
configure:8015: $? = 1
configure: failed program was:
| /* confdefs.h */
| #define _GNU_SOURCE 1
| #define _NETBSD_SOURCE 1
| #define __BSD_VISIBLE 1
| #define _DARWIN_C_SOURCE 1
| #define _PYTHONFRAMEWORK ""
| #define _XOPEN_SOURCE 700
| #define _XOPEN_SOURCE_EXTENDED 1
| #define _POSIX_C_SOURCE 200809L
| #define STDC_HEADERS 1
| #define HAVE_SYS_TYPES_H 1
| #define HAVE_SYS_STAT_H 1
| #define HAVE_STDLIB_H 1
| #define HAVE_STRING_H 1
| #define HAVE_MEMORY_H 1
| #define HAVE_STRINGS_H 1
| #define HAVE_INTTYPES_H 1
| #define HAVE_STDINT_H 1
| #define HAVE_UNISTD_H 1
| #define __EXTENSIONS__ 1
| #define _ALL_SOURCE 1
| #define _GNU_SOURCE 1
| #define _POSIX_PTHREAD_SEMANTICS 1
| #define _TANDEM_SOURCE 1
| #define ANDROID_API_LEVEL 24
| #define STDC_HEADERS 1
| #define HAVE_ASM_TYPES_H 1
| #define HAVE_CRYPT_H 1
| #define HAVE_DLFCN_H 1
| #define HAVE_ERRNO_H 1
| #define HAVE_FCNTL_H 1
| #define HAVE_GRP_H 1
| #define HAVE_LANGINFO_H 1
| #define HAVE_LIBINTL_H 1
| #define HAVE_PTHREAD_H 1
| #define HAVE_SCHED_H 1
| #define HAVE_SIGNAL_H 1
| /* end confdefs.h.  */
| #include <stropts.h>
configure:8015: result: no
configure:8015: checking for stropts.h
configure:8015: result: no
configure:8015: checking termios.h usability
configure:8015: gcc -c -I/data/data/com.termux/files/usr/include  conftest.c >&5
configure:8015: $? = 0
configure:8015: result: yes
configure:8015: checking termios.h presence
configure:8015: gcc -E  conftest.c
configure:8015: $? = 0
configure:8015: result: yes
configure:8015: checking for termios.h
configure:8015: result: yes
configure:8015: checking utime.h usability
configure:8015: gcc -c -I/data/data/com.termux/files/usr/include  conftest.c >&5
configure:8015: $? = 0
configure:8015: result: yes
configure:8015: checking utime.h presence
configure:8015: gcc -E  conftest.c
configure:8015: $? = 0
configure:8015: result: yes
configure:8015: checking for utime.h
configure:8015: result: yes
configure:8015: checking poll.h usability
configure:8015: gcc -c -I/data/data/com.termux/files/usr/include  conftest.c >&5
configure:8015: $? = 0
configure:8015: result: yes
configure:8015: checking poll.h presence
configure:8015: gcc -E  conftest.c
configure:8015: $? = 0
configure:8015: result: yes
configure:8015: checking for poll.h
configure:8015: result: yes
configure:8015: checking sys/devpoll.h usability
configure:8015: gcc -c -I/data/data/com.termux/files/usr/include  conftest.c >&5
conftest.c:75:10: fatal error: 'sys/devpoll.h' file not found
   75 | #include <sys/devpoll.h>
      |          ^~~~~~~~~~~~~~~
1 error generated.
configure:8015: $? = 1
configure: failed program was:
| /* confdefs.h */
| #define _GNU_SOURCE 1
| #define _NETBSD_SOURCE 1
| #define __BSD_VISIBLE 1
| #define _DARWIN_C_SOURCE 1
| #define _PYTHONFRAMEWORK ""
| #define _XOPEN_SOURCE 700
| #define _XOPEN_SOURCE_EXTENDED 1
| #define _POSIX_C_SOURCE 200809L
| #define STDC_HEADERS 1
| #define HAVE_SYS_TYPES_H 1
| #define HAVE_SYS_STAT_H 1
| #define HAVE_STDLIB_H 1
| #define HAVE_STRING_H 1
| #define HAVE_MEMORY_H 1
| #define HAVE_STRINGS_H 1
| #define HAVE_INTTYPES_H 1
| #define HAVE_STDINT_H 1
| #define HAVE_UNISTD_H 1
| #define __EXTENSIONS__ 1
| #define _ALL_SOURCE 1
| #define _GNU_SOURCE 1
| #define _POSIX_PTHREAD_SEMANTICS 1
| #define _TANDEM_SOURCE 1
| #define ANDROID_API_LEVEL 24
| #define STDC_HEADERS 1
| #define HAVE_ASM_TYPES_H 1
| #define HAVE_CRYPT_H 1
| #define HAVE_DLFCN_H 1
| #define HAVE_ERRNO_H 1
| #define HAVE_FCNTL_H 1
| #define HAVE_GRP_H 1
| #define HAVE_LANGINFO_H 1
| #define HAVE_LIBINTL_H 1
| #define HAVE_PTHREAD_H 1
| #define HAVE_SCHED_H 1
| #define HAVE_SIGNAL_H 1
| #define HAVE_TERMIOS_H 1
| #define HAVE_UTIME_H 1
| #define HAVE_POLL_H 1
| /* end confdefs.h.  */
| #include <stdio.h>
| #ifdef HAVE_SYS_TYPES_H
| # include <sys/types.h>
| #endif
| #ifdef HAVE_SYS_STAT_H
| # include <sys/stat.h>
| #endif
| #ifdef STDC_HEADERS
| # include <stdlib.h>
| # include <stddef.h>
| #else
| # ifdef HAVE_STDLIB_H
| #  include <stdlib.h>
| # endif
| #endif
| #ifdef HAVE_STRING_H
| # if !defined STDC_HEADERS && defined HAVE_MEMORY_H
| #  include <memory.h>
| # endif
| # include <string.h>
| #endif
| #ifdef HAVE_STRINGS_H
| # include <strings.h>
| #endif
| #ifdef HAVE_INTTYPES_H
| # include <inttypes.h>
| #endif
| #ifdef HAVE_STDINT_H
| # include <stdint.h>
| #endif
| #ifdef HAVE_UNISTD_H
| # include <unistd.h>
| #endif
| #include <sys/devpoll.h>
configure:8015: result: no
configure:8015: checking sys/devpoll.h presence
configure:8015: gcc -E  conftest.c
conftest.c:42:10: fatal error: 'sys/devpoll.h' file not found
   42 | #include <sys/devpoll.h>
      |          ^~~~~~~~~~~~~~~
1 error generated.
configure:8015: $? = 1
configure: failed program was:
| /* confdefs.h */
| #define _GNU_SOURCE 1
| #define _NETBSD_SOURCE 1
| #define __BSD_VISIBLE 1
| #define _DARWIN_C_SOURCE 1
| #define _PYTHONFRAMEWORK ""
| #define _XOPEN_SOURCE 700
| #define _XOPEN_SOURCE_EXTENDED 1
| #define _POSIX_C_SOURCE 200809L
| #define STDC_HEADERS 1
| #define HAVE_SYS_TYPES_H 1
| #define HAVE_SYS_STAT_H 1
| #define HAVE_STDLIB_H 1
| #define HAVE_STRING_H 1
| #define HAVE_MEMORY_H 1
| #define HAVE_STRINGS_H 1
| #define HAVE_INTTYPES_H 1
| #define HAVE_STDINT_H 1
| #define HAVE_UNISTD_H 1
| #define __EXTENSIONS__ 1
| #define _ALL_SOURCE 1
| #define _GNU_SOURCE 1
| #define _POSIX_PTHREAD_SEMANTICS 1
| #define _TANDEM_SOURCE 1
| #define ANDROID_API_LEVEL 24
| #define STDC_HEADERS 1
| #define HAVE_ASM_TYPES_H 1
| #define HAVE_CRYPT_H 1
| #define HAVE_DLFCN_H 1
| #define HAVE_ERRNO_H 1
| #define HAVE_FCNTL_H 1
| #define HAVE_GRP_H 1
| #define HAVE_LANGINFO_H 1
| #define HAVE_LIBINTL_H 1
| #define HAVE_PTHREAD_H 1
| #define HAVE_SCHED_H 1
| #define HAVE_SIGNAL_H 1
| #define HAVE_TERMIOS_H 1
| #define HAVE_UTIME_H 1
| #define HAVE_POLL_H 1
| /* end confdefs.h.  */
| #include <sys/devpoll.h>
configure:8015: result: no
configure:8015: checking for sys/devpoll.h
configure:8015: result: no
configure:8015: checking sys/epoll.h usability
configure:8015: gcc -c -I/data/data/com.termux/files/usr/include  conftest.c >&5
configure:8015: $? = 0
configure:8015: result: yes
configure:8015: checking sys/epoll.h presence
configure:8015: gcc -E  conftest.c
configure:8015: $? = 0
configure:8015: result: yes
configure:8015: checking for sys/epoll.h
configure:8015: result: yes
configure:8015: checking sys/poll.h usability
configure:8015: gcc -c -I/data/data/com.termux/files/usr/include  conftest.c >&5
configure:8015: $? = 0
configure:8015: result: yes
configure:8015: checking sys/poll.h presence
configure:8015: gcc -E  conftest.c
configure:8015: $? = 0
configure:8015: result: yes
configure:8015: checking for sys/poll.h
configure:8015: result: yes
configure:8015: checking sys/audioio.h usability
configure:8015: gcc -c -I/data/data/com.termux/files/usr/include  conftest.c >&5
conftest.c:77:10: fatal error: 'sys/audioio.h' file not found
   77 | #include <sys/audioio.h>
      |          ^~~~~~~~~~~~~~~
1 error generated.
configure:8015: $? = 1
configure: failed program was:
| /* confdefs.h */
| #define _GNU_SOURCE 1
| #define _NETBSD_SOURCE 1
| #define __BSD_VISIBLE 1
| #define _DARWIN_C_SOURCE 1
| #define _PYTHONFRAMEWORK ""
| #define _XOPEN_SOURCE 700
| #define _XOPEN_SOURCE_EXTENDED 1
| #define _POSIX_C_SOURCE 200809L
| #define STDC_HEADERS 1
| #define HAVE_SYS_TYPES_H 1
| #define HAVE_SYS_STAT_H 1
| #define HAVE_STDLIB_H 1
| #define HAVE_STRING_H 1
| #define HAVE_MEMORY_H 1
| #define HAVE_STRINGS_H 1
| #define HAVE_INTTYPES_H 1
| #define HAVE_STDINT_H 1
| #define HAVE_UNISTD_H 1
| #define __EXTENSIONS__ 1
| #define _ALL_SOURCE 1
| #define _GNU_SOURCE 1
| #define _POSIX_PTHREAD_SEMANTICS 1
| #define _TANDEM_SOURCE 1
| #define ANDROID_API_LEVEL 24
| #define STDC_HEADERS 1
| #define HAVE_ASM_TYPES_H 1
| #define HAVE_CRYPT_H 1
| #define HAVE_DLFCN_H 1
| #define HAVE_ERRNO_H 1
| #define HAVE_FCNTL_H 1
| #define HAVE_GRP_H 1
| #define HAVE_LANGINFO_H 1
| #define HAVE_LIBINTL_H 1
| #define HAVE_PTHREAD_H 1
| #define HAVE_SCHED_H 1
| #define HAVE_SIGNAL_H 1
| #define HAVE_TERMIOS_H 1
| #define HAVE_UTIME_H 1
| #define HAVE_POLL_H 1
| #define HAVE_SYS_EPOLL_H 1
| #define HAVE_SYS_POLL_H 1
| /* end confdefs.h.  */
| #include <stdio.h>
| #ifdef HAVE_SYS_TYPES_H
| # include <sys/types.h>
| #endif
| #ifdef HAVE_SYS_STAT_H
| # include <sys/stat.h>
| #endif
| #ifdef STDC_HEADERS
| # include <stdlib.h>
| # include <stddef.h>
| #else
| # ifdef HAVE_STDLIB_H
| #  include <stdlib.h>
| # endif
| #endif
| #ifdef HAVE_STRING_H
| # if !defined STDC_HEADERS && defined HAVE_MEMORY_H
| #  include <memory.h>
| # endif
| # include <string.h>
| #endif
| #ifdef HAVE_STRINGS_H
| # include <strings.h>
| #endif
| #ifdef HAVE_INTTYPES_H
| # include <inttypes.h>
| #endif
| #ifdef HAVE_STDINT_H
| # include <stdint.h>
| #endif
| #ifdef HAVE_UNISTD_H
| # include <unistd.h>
| #endif
| #include <sys/audioio.h>
configure:8015: result: no
configure:8015: checking sys/audioio.h presence
configure:8015: gcc -E  conftest.c
conftest.c:44:10: fatal error: 'sys/audioio.h' file not found
   44 | #include <sys/audioio.h>
      |          ^~~~~~~~~~~~~~~
1 error generated.
configure:8015: $? = 1
configure: failed program was:
| /* confdefs.h */
| #define _GNU_SOURCE 1
| #define _NETBSD_SOURCE 1
| #define __BSD_VISIBLE 1
| #define _DARWIN_C_SOURCE 1
| #define _PYTHONFRAMEWORK ""
| #define _XOPEN_SOURCE 700
| #define _XOPEN_SOURCE_EXTENDED 1
| #define _POSIX_C_SOURCE 200809L
| #define STDC_HEADERS 1
| #define HAVE_SYS_TYPES_H 1
| #define HAVE_SYS_STAT_H 1
| #define HAVE_STDLIB_H 1
| #define HAVE_STRING_H 1
| #define HAVE_MEMORY_H 1
| #define HAVE_STRINGS_H 1
| #define HAVE_INTTYPES_H 1
| #define HAVE_STDINT_H 1
| #define HAVE_UNISTD_H 1
| #define __EXTENSIONS__ 1
| #define _ALL_SOURCE 1
| #define _GNU_SOURCE 1
| #define _POSIX_PTHREAD_SEMANTICS 1
| #define _TANDEM_SOURCE 1
| #define ANDROID_API_LEVEL 24
| #define STDC_HEADERS 1
| #define HAVE_ASM_TYPES_H 1
| #define HAVE_CRYPT_H 1
| #define HAVE_DLFCN_H 1
| #define HAVE_ERRNO_H 1
| #define HAVE_FCNTL_H 1
| #define HAVE_GRP_H 1
| #define HAVE_LANGINFO_H 1
| #define HAVE_LIBINTL_H 1
| #define HAVE_PTHREAD_H 1
| #define HAVE_SCHED_H 1
| #define HAVE_SIGNAL_H 1
| #define HAVE_TERMIOS_H 1
| #define HAVE_UTIME_H 1
| #define HAVE_POLL_H 1
| #define HAVE_SYS_EPOLL_H 1
| #define HAVE_SYS_POLL_H 1
| /* end confdefs.h.  */
| #include <sys/audioio.h>
configure:8015: result: no
configure:8015: checking for sys/audioio.h
configure:8015: result: no
configure:8015: checking sys/xattr.h usability
configure:8015: gcc -c -I/data/data/com.termux/files/usr/include  conftest.c >&5
configure:8015: $? = 0
configure:8015: result: yes
configure:8015: checking sys/xattr.h presence
configure:8015: gcc -E  conftest.c
configure:8015: $? = 0
configure:8015: result: yes
configure:8015: checking for sys/xattr.h
configure:8015: result: yes
configure:8015: checking sys/bsdtty.h usability
configure:8015: gcc -c -I/data/data/com.termux/files/usr/include  conftest.c >&5
conftest.c:78:10: fatal error: 'sys/bsdtty.h' file not found
   78 | #include <sys/bsdtty.h>
      |          ^~~~~~~~~~~~~~
1 error generated.
configure:8015: $? = 1
configure: failed program was:
| /* confdefs.h */
| #define _GNU_SOURCE 1
| #define _NETBSD_SOURCE 1
| #define __BSD_VISIBLE 1
| #define _DARWIN_C_SOURCE 1
| #define _PYTHONFRAMEWORK ""
| #define _XOPEN_SOURCE 700
| #define _XOPEN_SOURCE_EXTENDED 1
| #define _POSIX_C_SOURCE 200809L
| #define STDC_HEADERS 1
| #define HAVE_SYS_TYPES_H 1
| #define HAVE_SYS_STAT_H 1
| #define HAVE_STDLIB_H 1
| #define HAVE_STRING_H 1
| #define HAVE_MEMORY_H 1
| #define HAVE_STRINGS_H 1
| #define HAVE_INTTYPES_H 1
| #define HAVE_STDINT_H 1
| #define HAVE_UNISTD_H 1
| #define __EXTENSIONS__ 1
| #define _ALL_SOURCE 1
| #define _GNU_SOURCE 1
| #define _POSIX_PTHREAD_SEMANTICS 1
| #define _TANDEM_SOURCE 1
| #define ANDROID_API_LEVEL 24
| #define STDC_HEADERS 1
| #define HAVE_ASM_TYPES_H 1
| #define HAVE_CRYPT_H 1
| #define HAVE_DLFCN_H 1
| #define HAVE_ERRNO_H 1
| #define HAVE_FCNTL_H 1
| #define HAVE_GRP_H 1
| #define HAVE_LANGINFO_H 1
| #define HAVE_LIBINTL_H 1
| #define HAVE_PTHREAD_H 1
| #define HAVE_SCHED_H 1
| #define HAVE_SIGNAL_H 1
| #define HAVE_TERMIOS_H 1
| #define HAVE_UTIME_H 1
| #define HAVE_POLL_H 1
| #define HAVE_SYS_EPOLL_H 1
| #define HAVE_SYS_POLL_H 1
| #define HAVE_SYS_XATTR_H 1
| /* end confdefs.h.  */
| #include <stdio.h>
| #ifdef HAVE_SYS_TYPES_H
| # include <sys/types.h>
| #endif
| #ifdef HAVE_SYS_STAT_H
| # include <sys/stat.h>
| #endif
| #ifdef STDC_HEADERS
| # include <stdlib.h>
| # include <stddef.h>
| #else
| # ifdef HAVE_STDLIB_H
| #  include <stdlib.h>
| # endif
| #endif
| #ifdef HAVE_STRING_H
| # if !defined STDC_HEADERS && defined HAVE_MEMORY_H
| #  include <memory.h>
| # endif
| # include <string.h>
| #endif
| #ifdef HAVE_STRINGS_H
| # include <strings.h>
| #endif
| #ifdef HAVE_INTTYPES_H
| # include <inttypes.h>
| #endif
| #ifdef HAVE_STDINT_H
| # include <stdint.h>
| #endif
| #ifdef HAVE_UNISTD_H
| # include <unistd.h>
| #endif
| #include <sys/bsdtty.h>
configure:8015: result: no
configure:8015: checking sys/bsdtty.h presence
configure:8015: gcc -E  conftest.c
conftest.c:45:10: fatal error: 'sys/bsdtty.h' file not found
   45 | #include <sys/bsdtty.h>
      |          ^~~~~~~~~~~~~~
1 error generated.
configure:8015: $? = 1
configure: failed program was:
| /* confdefs.h */
| #define _GNU_SOURCE 1
| #define _NETBSD_SOURCE 1
| #define __BSD_VISIBLE 1
| #define _DARWIN_C_SOURCE 1
| #define _PYTHONFRAMEWORK ""
| #define _XOPEN_SOURCE 700
| #define _XOPEN_SOURCE_EXTENDED 1
| #define _POSIX_C_SOURCE 200809L
| #define STDC_HEADERS 1
| #define HAVE_SYS_TYPES_H 1
| #define HAVE_SYS_STAT_H 1
| #define HAVE_STDLIB_H 1
| #define HAVE_STRING_H 1
| #define HAVE_MEMORY_H 1
| #define HAVE_STRINGS_H 1
| #define HAVE_INTTYPES_H 1
| #define HAVE_STDINT_H 1
| #define HAVE_UNISTD_H 1
| #define __EXTENSIONS__ 1
| #define _ALL_SOURCE 1
| #define _GNU_SOURCE 1
| #define _POSIX_PTHREAD_SEMANTICS 1
| #define _TANDEM_SOURCE 1
| #define ANDROID_API_LEVEL 24
| #define STDC_HEADERS 1
| #define HAVE_ASM_TYPES_H 1
| #define HAVE_CRYPT_H 1
| #define HAVE_DLFCN_H 1
| #define HAVE_ERRNO_H 1
| #define HAVE_FCNTL_H 1
| #define HAVE_GRP_H 1
| #define HAVE_LANGINFO_H 1
| #define HAVE_LIBINTL_H 1
| #define HAVE_PTHREAD_H 1
| #define HAVE_SCHED_H 1
| #define HAVE_SIGNAL_H 1
| #define HAVE_TERMIOS_H 1
| #define HAVE_UTIME_H 1
| #define HAVE_POLL_H 1
| #define HAVE_SYS_EPOLL_H 1
| #define HAVE_SYS_POLL_H 1
| #define HAVE_SYS_XATTR_H 1
| /* end confdefs.h.  */
| #include <sys/bsdtty.h>
configure:8015: result: no
configure:8015: checking for sys/bsdtty.h
configure:8015: result: no
configure:8015: checking sys/event.h usability
configure:8015: gcc -c -I/data/data/com.termux/files/usr/include  conftest.c >&5
conftest.c:78:10: fatal error: 'sys/event.h' file not found
   78 | #include <sys/event.h>
      |          ^~~~~~~~~~~~~
1 error generated.
configure:8015: $? = 1
configure: failed program was:
| /* confdefs.h */
| #define _GNU_SOURCE 1
| #define _NETBSD_SOURCE 1
| #define __BSD_VISIBLE 1
| #define _DARWIN_C_SOURCE 1
| #define _PYTHONFRAMEWORK ""
| #define _XOPEN_SOURCE 700
| #define _XOPEN_SOURCE_EXTENDED 1
| #define _POSIX_C_SOURCE 200809L
| #define STDC_HEADERS 1
| #define HAVE_SYS_TYPES_H 1
| #define HAVE_SYS_STAT_H 1
| #define HAVE_STDLIB_H 1
| #define HAVE_STRING_H 1
| #define HAVE_MEMORY_H 1
| #define HAVE_STRINGS_H 1
| #define HAVE_INTTYPES_H 1
| #define HAVE_STDINT_H 1
| #define HAVE_UNISTD_H 1
| #define __EXTENSIONS__ 1
| #define _ALL_SOURCE 1
| #define _GNU_SOURCE 1
| #define _POSIX_PTHREAD_SEMANTICS 1
| #define _TANDEM_SOURCE 1
| #define ANDROID_API_LEVEL 24
| #define STDC_HEADERS 1
| #define HAVE_ASM_TYPES_H 1
| #define HAVE_CRYPT_H 1
| #define HAVE_DLFCN_H 1
| #define HAVE_ERRNO_H 1
| #define HAVE_FCNTL_H 1
| #define HAVE_GRP_H 1
| #define HAVE_LANGINFO_H 1
| #define HAVE_LIBINTL_H 1
| #define HAVE_PTHREAD_H 1
| #define HAVE_SCHED_H 1
| #define HAVE_SIGNAL_H 1
| #define HAVE_TERMIOS_H 1
| #define HAVE_UTIME_H 1
| #define HAVE_POLL_H 1
| #define HAVE_SYS_EPOLL_H 1
| #define HAVE_SYS_POLL_H 1
| #define HAVE_SYS_XATTR_H 1
| /* end confdefs.h.  */
| #include <stdio.h>
| #ifdef HAVE_SYS_TYPES_H
| # include <sys/types.h>
| #endif
| #ifdef HAVE_SYS_STAT_H
| # include <sys/stat.h>
| #endif
| #ifdef STDC_HEADERS
| # include <stdlib.h>
| # include <stddef.h>
| #else
| # ifdef HAVE_STDLIB_H
| #  include <stdlib.h>
| # endif
| #endif
| #ifdef HAVE_STRING_H
| # if !defined STDC_HEADERS && defined HAVE_MEMORY_H
| #  include <memory.h>
| # endif
| # include <string.h>
| #endif
| #ifdef HAVE_STRINGS_H
| # include <strings.h>
| #endif
| #ifdef HAVE_INTTYPES_H
| # include <inttypes.h>
| #endif
| #ifdef HAVE_STDINT_H
| # include <stdint.h>
| #endif
| #ifdef HAVE_UNISTD_H
| # include <unistd.h>
| #endif
| #include <sys/event.h>
configure:8015: result: no
configure:8015: checking sys/event.h presence
configure:8015: gcc -E  conftest.c
conftest.c:45:10: fatal error: 'sys/event.h' file not found
   45 | #include <sys/event.h>
      |          ^~~~~~~~~~~~~
1 error generated.
configure:8015: $? = 1
configure: failed program was:
| /* confdefs.h */
| #define _GNU_SOURCE 1
| #define _NETBSD_SOURCE 1
| #define __BSD_VISIBLE 1
| #define _DARWIN_C_SOURCE 1
| #define _PYTHONFRAMEWORK ""
| #define _XOPEN_SOURCE 700
| #define _XOPEN_SOURCE_EXTENDED 1
| #define _POSIX_C_SOURCE 200809L
| #define STDC_HEADERS 1
| #define HAVE_SYS_TYPES_H 1
| #define HAVE_SYS_STAT_H 1
| #define HAVE_STDLIB_H 1
| #define HAVE_STRING_H 1
| #define HAVE_MEMORY_H 1
| #define HAVE_STRINGS_H 1
| #define HAVE_INTTYPES_H 1
| #define HAVE_STDINT_H 1
| #define HAVE_UNISTD_H 1
| #define __EXTENSIONS__ 1
| #define _ALL_SOURCE 1
| #define _GNU_SOURCE 1
| #define _POSIX_PTHREAD_SEMANTICS 1
| #define _TANDEM_SOURCE 1
| #define ANDROID_API_LEVEL 24
| #define STDC_HEADERS 1
| #define HAVE_ASM_TYPES_H 1
| #define HAVE_CRYPT_H 1
| #define HAVE_DLFCN_H 1
| #define HAVE_ERRNO_H 1
| #define HAVE_FCNTL_H 1
| #define HAVE_GRP_H 1
| #define HAVE_LANGINFO_H 1
| #define HAVE_LIBINTL_H 1
| #define HAVE_PTHREAD_H 1
| #define HAVE_SCHED_H 1
| #define HAVE_SIGNAL_H 1
| #define HAVE_TERMIOS_H 1
| #define HAVE_UTIME_H 1
| #define HAVE_POLL_H 1
| #define HAVE_SYS_EPOLL_H 1
| #define HAVE_SYS_POLL_H 1
| #define HAVE_SYS_XATTR_H 1
| /* end confdefs.h.  */
| #include <sys/event.h>
configure:8015: result: no
configure:8015: checking for sys/event.h
configure:8015: result: no
configure:8015: checking sys/file.h usability
configure:8015: gcc -c -I/data/data/com.termux/files/usr/include  conftest.c >&5
configure:8015: $? = 0
configure:8015: result: yes
configure:8015: checking sys/file.h presence
configure:8015: gcc -E  conftest.c
configure:8015: $? = 0
configure:8015: result: yes
configure:8015: checking for sys/file.h
configure:8015: result: yes
configure:8015: checking sys/ioctl.h usability
configure:8015: gcc -c -I/data/data/com.termux/files/usr/include  conftest.c >&5
configure:8015: $? = 0
configure:8015: result: yes
configure:8015: checking sys/ioctl.h presence
configure:8015: gcc -E  conftest.c
configure:8015: $? = 0
configure:8015: result: yes
configure:8015: checking for sys/ioctl.h
configure:8015: result: yes
configure:8015: checking sys/kern_control.h usability
configure:8015: gcc -c -I/data/data/com.termux/files/usr/include  conftest.c >&5
conftest.c:80:10: fatal error: 'sys/kern_control.h' file not found
   80 | #include <sys/kern_control.h>
      |          ^~~~~~~~~~~~~~~~~~~~
1 error generated.
configure:8015: $? = 1
configure: failed program was:
| /* confdefs.h */
| #define _GNU_SOURCE 1
| #define _NETBSD_SOURCE 1
| #define __BSD_VISIBLE 1
| #define _DARWIN_C_SOURCE 1
| #define _PYTHONFRAMEWORK ""
| #define _XOPEN_SOURCE 700
| #define _XOPEN_SOURCE_EXTENDED 1
| #define _POSIX_C_SOURCE 200809L
| #define STDC_HEADERS 1
| #define HAVE_SYS_TYPES_H 1
| #define HAVE_SYS_STAT_H 1
| #define HAVE_STDLIB_H 1
| #define HAVE_STRING_H 1
| #define HAVE_MEMORY_H 1
| #define HAVE_STRINGS_H 1
| #define HAVE_INTTYPES_H 1
| #define HAVE_STDINT_H 1
| #define HAVE_UNISTD_H 1
| #define __EXTENSIONS__ 1
| #define _ALL_SOURCE 1
| #define _GNU_SOURCE 1
| #define _POSIX_PTHREAD_SEMANTICS 1
| #define _TANDEM_SOURCE 1
| #define ANDROID_API_LEVEL 24
| #define STDC_HEADERS 1
| #define HAVE_ASM_TYPES_H 1
| #define HAVE_CRYPT_H 1
| #define HAVE_DLFCN_H 1
| #define HAVE_ERRNO_H 1
| #define HAVE_FCNTL_H 1
| #define HAVE_GRP_H 1
| #define HAVE_LANGINFO_H 1
| #define HAVE_LIBINTL_H 1
| #define HAVE_PTHREAD_H 1
| #define HAVE_SCHED_H 1
| #define HAVE_SIGNAL_H 1
| #define HAVE_TERMIOS_H 1
| #define HAVE_UTIME_H 1
| #define HAVE_POLL_H 1
| #define HAVE_SYS_EPOLL_H 1
| #define HAVE_SYS_POLL_H 1
| #define HAVE_SYS_XATTR_H 1
| #define HAVE_SYS_FILE_H 1
| #define HAVE_SYS_IOCTL_H 1
| /* end confdefs.h.  */
| #include <stdio.h>
| #ifdef HAVE_SYS_TYPES_H
| # include <sys/types.h>
| #endif
| #ifdef HAVE_SYS_STAT_H
| # include <sys/stat.h>
| #endif
| #ifdef STDC_HEADERS
| # include <stdlib.h>
| # include <stddef.h>
| #else
| # ifdef HAVE_STDLIB_H
| #  include <stdlib.h>
| # endif
| #endif
| #ifdef HAVE_STRING_H
| # if !defined STDC_HEADERS && defined HAVE_MEMORY_H
| #  include <memory.h>
| # endif
| # include <string.h>
| #endif
| #ifdef HAVE_STRINGS_H
| # include <strings.h>
| #endif
| #ifdef HAVE_INTTYPES_H
| # include <inttypes.h>
| #endif
| #ifdef HAVE_STDINT_H
| # include <stdint.h>
| #endif
| #ifdef HAVE_UNISTD_H
| # include <unistd.h>
| #endif
| #include <sys/kern_control.h>
configure:8015: result: no
configure:8015: checking sys/kern_control.h presence
configure:8015: gcc -E  conftest.c
conftest.c:47:10: fatal error: 'sys/kern_control.h' file not found
   47 | #include <sys/kern_control.h>
      |          ^~~~~~~~~~~~~~~~~~~~
1 error generated.
configure:8015: $? = 1
configure: failed program was:
| /* confdefs.h */
| #define _GNU_SOURCE 1
| #define _NETBSD_SOURCE 1
| #define __BSD_VISIBLE 1
| #define _DARWIN_C_SOURCE 1
| #define _PYTHONFRAMEWORK ""
| #define _XOPEN_SOURCE 700
| #define _XOPEN_SOURCE_EXTENDED 1
| #define _POSIX_C_SOURCE 200809L
| #define STDC_HEADERS 1
| #define HAVE_SYS_TYPES_H 1
| #define HAVE_SYS_STAT_H 1
| #define HAVE_STDLIB_H 1
| #define HAVE_STRING_H 1
| #define HAVE_MEMORY_H 1
| #define HAVE_STRINGS_H 1
| #define HAVE_INTTYPES_H 1
| #define HAVE_STDINT_H 1
| #define HAVE_UNISTD_H 1
| #define __EXTENSIONS__ 1
| #define _ALL_SOURCE 1
| #define _GNU_SOURCE 1
| #define _POSIX_PTHREAD_SEMANTICS 1
| #define _TANDEM_SOURCE 1
| #define ANDROID_API_LEVEL 24
| #define STDC_HEADERS 1
| #define HAVE_ASM_TYPES_H 1
| #define HAVE_CRYPT_H 1
| #define HAVE_DLFCN_H 1
| #define HAVE_ERRNO_H 1
| #define HAVE_FCNTL_H 1
| #define HAVE_GRP_H 1
| #define HAVE_LANGINFO_H 1
| #define HAVE_LIBINTL_H 1
| #define HAVE_PTHREAD_H 1
| #define HAVE_SCHED_H 1
| #define HAVE_SIGNAL_H 1
| #define HAVE_TERMIOS_H 1
| #define HAVE_UTIME_H 1
| #define HAVE_POLL_H 1
| #define HAVE_SYS_EPOLL_H 1
| #define HAVE_SYS_POLL_H 1
| #define HAVE_SYS_XATTR_H 1
| #define HAVE_SYS_FILE_H 1
| #define HAVE_SYS_IOCTL_H 1
| /* end confdefs.h.  */
| #include <sys/kern_control.h>
configure:8015: result: no
configure:8015: checking for sys/kern_control.h
configure:8015: result: no
configure:8015: checking sys/loadavg.h usability
configure:8015: gcc -c -I/data/data/com.termux/files/usr/include  conftest.c >&5
conftest.c:80:10: fatal error: 'sys/loadavg.h' file not found
   80 | #include <sys/loadavg.h>
      |          ^~~~~~~~~~~~~~~
1 error generated.
configure:8015: $? = 1
configure: failed program was:
| /* confdefs.h */
| #define _GNU_SOURCE 1
| #define _NETBSD_SOURCE 1
| #define __BSD_VISIBLE 1
| #define _DARWIN_C_SOURCE 1
| #define _PYTHONFRAMEWORK ""
| #define _XOPEN_SOURCE 700
| #define _XOPEN_SOURCE_EXTENDED 1
| #define _POSIX_C_SOURCE 200809L
| #define STDC_HEADERS 1
| #define HAVE_SYS_TYPES_H 1
| #define HAVE_SYS_STAT_H 1
| #define HAVE_STDLIB_H 1
| #define HAVE_STRING_H 1
| #define HAVE_MEMORY_H 1
| #define HAVE_STRINGS_H 1
| #define HAVE_INTTYPES_H 1
| #define HAVE_STDINT_H 1
| #define HAVE_UNISTD_H 1
| #define __EXTENSIONS__ 1
| #define _ALL_SOURCE 1
| #define _GNU_SOURCE 1
| #define _POSIX_PTHREAD_SEMANTICS 1
| #define _TANDEM_SOURCE 1
| #define ANDROID_API_LEVEL 24
| #define STDC_HEADERS 1
| #define HAVE_ASM_TYPES_H 1
| #define HAVE_CRYPT_H 1
| #define HAVE_DLFCN_H 1
| #define HAVE_ERRNO_H 1
| #define HAVE_FCNTL_H 1
| #define HAVE_GRP_H 1
| #define HAVE_LANGINFO_H 1
| #define HAVE_LIBINTL_H 1
| #define HAVE_PTHREAD_H 1
| #define HAVE_SCHED_H 1
| #define HAVE_SIGNAL_H 1
| #define HAVE_TERMIOS_H 1
| #define HAVE_UTIME_H 1
| #define HAVE_POLL_H 1
| #define HAVE_SYS_EPOLL_H 1
| #define HAVE_SYS_POLL_H 1
| #define HAVE_SYS_XATTR_H 1
| #define HAVE_SYS_FILE_H 1
| #define HAVE_SYS_IOCTL_H 1
| /* end confdefs.h.  */
| #include <stdio.h>
| #ifdef HAVE_SYS_TYPES_H
| # include <sys/types.h>
| #endif
| #ifdef HAVE_SYS_STAT_H
| # include <sys/stat.h>
| #endif
| #ifdef STDC_HEADERS
| # include <stdlib.h>
| # include <stddef.h>
| #else
| # ifdef HAVE_STDLIB_H
| #  include <stdlib.h>
| # endif
| #endif
| #ifdef HAVE_STRING_H
| # if !defined STDC_HEADERS && defined HAVE_MEMORY_H
| #  include <memory.h>
| # endif
| # include <string.h>
| #endif
| #ifdef HAVE_STRINGS_H
| # include <strings.h>
| #endif
| #ifdef HAVE_INTTYPES_H
| # include <inttypes.h>
| #endif
| #ifdef HAVE_STDINT_H
| # include <stdint.h>
| #endif
| #ifdef HAVE_UNISTD_H
| # include <unistd.h>
| #endif
| #include <sys/loadavg.h>
configure:8015: result: no
configure:8015: checking sys/loadavg.h presence
configure:8015: gcc -E  conftest.c
conftest.c:47:10: fatal error: 'sys/loadavg.h' file not found
   47 | #include <sys/loadavg.h>
      |          ^~~~~~~~~~~~~~~
1 error generated.
configure:8015: $? = 1
configure: failed program was:
| /* confdefs.h */
| #define _GNU_SOURCE 1
| #define _NETBSD_SOURCE 1
| #define __BSD_VISIBLE 1
| #define _DARWIN_C_SOURCE 1
| #define _PYTHONFRAMEWORK ""
| #define _XOPEN_SOURCE 700
| #define _XOPEN_SOURCE_EXTENDED 1
| #define _POSIX_C_SOURCE 200809L
| #define STDC_HEADERS 1
| #define HAVE_SYS_TYPES_H 1
| #define HAVE_SYS_STAT_H 1
| #define HAVE_STDLIB_H 1
| #define HAVE_STRING_H 1
| #define HAVE_MEMORY_H 1
| #define HAVE_STRINGS_H 1
| #define HAVE_INTTYPES_H 1
| #define HAVE_STDINT_H 1
| #define HAVE_UNISTD_H 1
| #define __EXTENSIONS__ 1
| #define _ALL_SOURCE 1
| #define _GNU_SOURCE 1
| #define _POSIX_PTHREAD_SEMANTICS 1
| #define _TANDEM_SOURCE 1
| #define ANDROID_API_LEVEL 24
| #define STDC_HEADERS 1
| #define HAVE_ASM_TYPES_H 1
| #define HAVE_CRYPT_H 1
| #define HAVE_DLFCN_H 1
| #define HAVE_ERRNO_H 1
| #define HAVE_FCNTL_H 1
| #define HAVE_GRP_H 1
| #define HAVE_LANGINFO_H 1
| #define HAVE_LIBINTL_H 1
| #define HAVE_PTHREAD_H 1
| #define HAVE_SCHED_H 1
| #define HAVE_SIGNAL_H 1
| #define HAVE_TERMIOS_H 1
| #define HAVE_UTIME_H 1
| #define HAVE_POLL_H 1
| #define HAVE_SYS_EPOLL_H 1
| #define HAVE_SYS_POLL_H 1
| #define HAVE_SYS_XATTR_H 1
| #define HAVE_SYS_FILE_H 1
| #define HAVE_SYS_IOCTL_H 1
| /* end confdefs.h.  */
| #include <sys/loadavg.h>
configure:8015: result: no
configure:8015: checking for sys/loadavg.h
configure:8015: result: no
configure:8015: checking sys/lock.h usability
configure:8015: gcc -c -I/data/data/com.termux/files/usr/include  conftest.c >&5
conftest.c:80:10: fatal error: 'sys/lock.h' file not found
   80 | #include <sys/lock.h>
      |          ^~~~~~~~~~~~
1 error generated.
configure:8015: $? = 1
configure: failed program was:
| /* confdefs.h */
| #define _GNU_SOURCE 1
| #define _NETBSD_SOURCE 1
| #define __BSD_VISIBLE 1
| #define _DARWIN_C_SOURCE 1
| #define _PYTHONFRAMEWORK ""
| #define _XOPEN_SOURCE 700
| #define _XOPEN_SOURCE_EXTENDED 1
| #define _POSIX_C_SOURCE 200809L
| #define STDC_HEADERS 1
| #define HAVE_SYS_TYPES_H 1
| #define HAVE_SYS_STAT_H 1
| #define HAVE_STDLIB_H 1
| #define HAVE_STRING_H 1
| #define HAVE_MEMORY_H 1
| #define HAVE_STRINGS_H 1
| #define HAVE_INTTYPES_H 1
| #define HAVE_STDINT_H 1
| #define HAVE_UNISTD_H 1
| #define __EXTENSIONS__ 1
| #define _ALL_SOURCE 1
| #define _GNU_SOURCE 1
| #define _POSIX_PTHREAD_SEMANTICS 1
| #define _TANDEM_SOURCE 1
| #define ANDROID_API_LEVEL 24
| #define STDC_HEADERS 1
| #define HAVE_ASM_TYPES_H 1
| #define HAVE_CRYPT_H 1
| #define HAVE_DLFCN_H 1
| #define HAVE_ERRNO_H 1
| #define HAVE_FCNTL_H 1
| #define HAVE_GRP_H 1
| #define HAVE_LANGINFO_H 1
| #define HAVE_LIBINTL_H 1
| #define HAVE_PTHREAD_H 1
| #define HAVE_SCHED_H 1
| #define HAVE_SIGNAL_H 1
| #define HAVE_TERMIOS_H 1
| #define HAVE_UTIME_H 1
| #define HAVE_POLL_H 1
| #define HAVE_SYS_EPOLL_H 1
| #define HAVE_SYS_POLL_H 1
| #define HAVE_SYS_XATTR_H 1
| #define HAVE_SYS_FILE_H 1
| #define HAVE_SYS_IOCTL_H 1
| /* end confdefs.h.  */
| #include <stdio.h>
| #ifdef HAVE_SYS_TYPES_H
| # include <sys/types.h>
| #endif
| #ifdef HAVE_SYS_STAT_H
| # include <sys/stat.h>
| #endif
| #ifdef STDC_HEADERS
| # include <stdlib.h>
| # include <stddef.h>
| #else
| # ifdef HAVE_STDLIB_H
| #  include <stdlib.h>
| # endif
| #endif
| #ifdef HAVE_STRING_H
| # if !defined STDC_HEADERS && defined HAVE_MEMORY_H
| #  include <memory.h>
| # endif
| # include <string.h>
| #endif
| #ifdef HAVE_STRINGS_H
| # include <strings.h>
| #endif
| #ifdef HAVE_INTTYPES_H
| # include <inttypes.h>
| #endif
| #ifdef HAVE_STDINT_H
| # include <stdint.h>
| #endif
| #ifdef HAVE_UNISTD_H
| # include <unistd.h>
| #endif
| #include <sys/lock.h>
configure:8015: result: no
configure:8015: checking sys/lock.h presence
configure:8015: gcc -E  conftest.c
conftest.c:47:10: fatal error: 'sys/lock.h' file not found
   47 | #include <sys/lock.h>
      |          ^~~~~~~~~~~~
1 error generated.
configure:8015: $? = 1
configure: failed program was:
| /* confdefs.h */
| #define _GNU_SOURCE 1
| #define _NETBSD_SOURCE 1
| #define __BSD_VISIBLE 1
| #define _DARWIN_C_SOURCE 1
| #define _PYTHONFRAMEWORK ""
| #define _XOPEN_SOURCE 700
| #define _XOPEN_SOURCE_EXTENDED 1
| #define _POSIX_C_SOURCE 200809L
| #define STDC_HEADERS 1
| #define HAVE_SYS_TYPES_H 1
| #define HAVE_SYS_STAT_H 1
| #define HAVE_STDLIB_H 1
| #define HAVE_STRING_H 1
| #define HAVE_MEMORY_H 1
| #define HAVE_STRINGS_H 1
| #define HAVE_INTTYPES_H 1
| #define HAVE_STDINT_H 1
| #define HAVE_UNISTD_H 1
| #define __EXTENSIONS__ 1
| #define _ALL_SOURCE 1
| #define _GNU_SOURCE 1
| #define _POSIX_PTHREAD_SEMANTICS 1
| #define _TANDEM_SOURCE 1
| #define ANDROID_API_LEVEL 24
| #define STDC_HEADERS 1
| #define HAVE_ASM_TYPES_H 1
| #define HAVE_CRYPT_H 1
| #define HAVE_DLFCN_H 1
| #define HAVE_ERRNO_H 1
| #define HAVE_FCNTL_H 1
| #define HAVE_GRP_H 1
| #define HAVE_LANGINFO_H 1
| #define HAVE_LIBINTL_H 1
| #define HAVE_PTHREAD_H 1
| #define HAVE_SCHED_H 1
| #define HAVE_SIGNAL_H 1
| #define HAVE_TERMIOS_H 1
| #define HAVE_UTIME_H 1
| #define HAVE_POLL_H 1
| #define HAVE_SYS_EPOLL_H 1
| #define HAVE_SYS_POLL_H 1
| #define HAVE_SYS_XATTR_H 1
| #define HAVE_SYS_FILE_H 1
| #define HAVE_SYS_IOCTL_H 1
| /* end confdefs.h.  */
| #include <sys/lock.h>
configure:8015: result: no
configure:8015: checking for sys/lock.h
configure:8015: result: no
configure:8015: checking sys/mkdev.h usability
configure:8015: gcc -c -I/data/data/com.termux/files/usr/include  conftest.c >&5
conftest.c:80:10: fatal error: 'sys/mkdev.h' file not found
   80 | #include <sys/mkdev.h>
      |          ^~~~~~~~~~~~~
1 error generated.
configure:8015: $? = 1
configure: failed program was:
| /* confdefs.h */
| #define _GNU_SOURCE 1
| #define _NETBSD_SOURCE 1
| #define __BSD_VISIBLE 1
| #define _DARWIN_C_SOURCE 1
| #define _PYTHONFRAMEWORK ""
| #define _XOPEN_SOURCE 700
| #define _XOPEN_SOURCE_EXTENDED 1
| #define _POSIX_C_SOURCE 200809L
| #define STDC_HEADERS 1
| #define HAVE_SYS_TYPES_H 1
| #define HAVE_SYS_STAT_H 1
| #define HAVE_STDLIB_H 1
| #define HAVE_STRING_H 1
| #define HAVE_MEMORY_H 1
| #define HAVE_STRINGS_H 1
| #define HAVE_INTTYPES_H 1
| #define HAVE_STDINT_H 1
| #define HAVE_UNISTD_H 1
| #define __EXTENSIONS__ 1
| #define _ALL_SOURCE 1
| #define _GNU_SOURCE 1
| #define _POSIX_PTHREAD_SEMANTICS 1
| #define _TANDEM_SOURCE 1
| #define ANDROID_API_LEVEL 24
| #define STDC_HEADERS 1
| #define HAVE_ASM_TYPES_H 1
| #define HAVE_CRYPT_H 1
| #define HAVE_DLFCN_H 1
| #define HAVE_ERRNO_H 1
| #define HAVE_FCNTL_H 1
| #define HAVE_GRP_H 1
| #define HAVE_LANGINFO_H 1
| #define HAVE_LIBINTL_H 1
| #define HAVE_PTHREAD_H 1
| #define HAVE_SCHED_H 1
| #define HAVE_SIGNAL_H 1
| #define HAVE_TERMIOS_H 1
| #define HAVE_UTIME_H 1
| #define HAVE_POLL_H 1
| #define HAVE_SYS_EPOLL_H 1
| #define HAVE_SYS_POLL_H 1
| #define HAVE_SYS_XATTR_H 1
| #define HAVE_SYS_FILE_H 1
| #define HAVE_SYS_IOCTL_H 1
| /* end confdefs.h.  */
| #include <stdio.h>
| #ifdef HAVE_SYS_TYPES_H
| # include <sys/types.h>
| #endif
| #ifdef HAVE_SYS_STAT_H
| # include <sys/stat.h>
| #endif
| #ifdef STDC_HEADERS
| # include <stdlib.h>
| # include <stddef.h>
| #else
| # ifdef HAVE_STDLIB_H
| #  include <stdlib.h>
| # endif
| #endif
| #ifdef HAVE_STRING_H
| # if !defined STDC_HEADERS && defined HAVE_MEMORY_H
| #  include <memory.h>
| # endif
| # include <string.h>
| #endif
| #ifdef HAVE_STRINGS_H
| # include <strings.h>
| #endif
| #ifdef HAVE_INTTYPES_H
| # include <inttypes.h>
| #endif
| #ifdef HAVE_STDINT_H
| # include <stdint.h>
| #endif
| #ifdef HAVE_UNISTD_H
| # include <unistd.h>
| #endif
| #include <sys/mkdev.h>
configure:8015: result: no
configure:8015: checking sys/mkdev.h presence
configure:8015: gcc -E  conftest.c
conftest.c:47:10: fatal error: 'sys/mkdev.h' file not found
   47 | #include <sys/mkdev.h>
      |          ^~~~~~~~~~~~~
1 error generated.
configure:8015: $? = 1
configure: failed program was:
| /* confdefs.h */
| #define _GNU_SOURCE 1
| #define _NETBSD_SOURCE 1
| #define __BSD_VISIBLE 1
| #define _DARWIN_C_SOURCE 1
| #define _PYTHONFRAMEWORK ""
| #define _XOPEN_SOURCE 700
| #define _XOPEN_SOURCE_EXTENDED 1
| #define _POSIX_C_SOURCE 200809L
| #define STDC_HEADERS 1
| #define HAVE_SYS_TYPES_H 1
| #define HAVE_SYS_STAT_H 1
| #define HAVE_STDLIB_H 1
| #define HAVE_STRING_H 1
| #define HAVE_MEMORY_H 1
| #define HAVE_STRINGS_H 1
| #define HAVE_INTTYPES_H 1
| #define HAVE_STDINT_H 1
| #define HAVE_UNISTD_H 1
| #define __EXTENSIONS__ 1
| #define _ALL_SOURCE 1
| #define _GNU_SOURCE 1
| #define _POSIX_PTHREAD_SEMANTICS 1
| #define _TANDEM_SOURCE 1
| #define ANDROID_API_LEVEL 24
| #define STDC_HEADERS 1
| #define HAVE_ASM_TYPES_H 1
| #define HAVE_CRYPT_H 1
| #define HAVE_DLFCN_H 1
| #define HAVE_ERRNO_H 1
| #define HAVE_FCNTL_H 1
| #define HAVE_GRP_H 1
| #define HAVE_LANGINFO_H 1
| #define HAVE_LIBINTL_H 1
| #define HAVE_PTHREAD_H 1
| #define HAVE_SCHED_H 1
| #define HAVE_SIGNAL_H 1
| #define HAVE_TERMIOS_H 1
| #define HAVE_UTIME_H 1
| #define HAVE_POLL_H 1
| #define HAVE_SYS_EPOLL_H 1
| #define HAVE_SYS_POLL_H 1
| #define HAVE_SYS_XATTR_H 1
| #define HAVE_SYS_FILE_H 1
| #define HAVE_SYS_IOCTL_H 1
| /* end confdefs.h.  */
| #include <sys/mkdev.h>
configure:8015: result: no
configure:8015: checking for sys/mkdev.h
configure:8015: result: no
configure:8015: checking sys/modem.h usability
configure:8015: gcc -c -I/data/data/com.termux/files/usr/include  conftest.c >&5
conftest.c:80:10: fatal error: 'sys/modem.h' file not found
   80 | #include <sys/modem.h>
      |          ^~~~~~~~~~~~~
1 error generated.
configure:8015: $? = 1
configure: failed program was:
| /* confdefs.h */
| #define _GNU_SOURCE 1
| #define _NETBSD_SOURCE 1
| #define __BSD_VISIBLE 1
| #define _DARWIN_C_SOURCE 1
| #define _PYTHONFRAMEWORK ""
| #define _XOPEN_SOURCE 700
| #define _XOPEN_SOURCE_EXTENDED 1
| #define _POSIX_C_SOURCE 200809L
| #define STDC_HEADERS 1
| #define HAVE_SYS_TYPES_H 1
| #define HAVE_SYS_STAT_H 1
| #define HAVE_STDLIB_H 1
| #define HAVE_STRING_H 1
| #define HAVE_MEMORY_H 1
| #define HAVE_STRINGS_H 1
| #define HAVE_INTTYPES_H 1
| #define HAVE_STDINT_H 1
| #define HAVE_UNISTD_H 1
| #define __EXTENSIONS__ 1
| #define _ALL_SOURCE 1
| #define _GNU_SOURCE 1
| #define _POSIX_PTHREAD_SEMANTICS 1
| #define _TANDEM_SOURCE 1
| #define ANDROID_API_LEVEL 24
| #define STDC_HEADERS 1
| #define HAVE_ASM_TYPES_H 1
| #define HAVE_CRYPT_H 1
| #define HAVE_DLFCN_H 1
| #define HAVE_ERRNO_H 1
| #define HAVE_FCNTL_H 1
| #define HAVE_GRP_H 1
| #define HAVE_LANGINFO_H 1
| #define HAVE_LIBINTL_H 1
| #define HAVE_PTHREAD_H 1
| #define HAVE_SCHED_H 1
| #define HAVE_SIGNAL_H 1
| #define HAVE_TERMIOS_H 1
| #define HAVE_UTIME_H 1
| #define HAVE_POLL_H 1
| #define HAVE_SYS_EPOLL_H 1
| #define HAVE_SYS_POLL_H 1
| #define HAVE_SYS_XATTR_H 1
| #define HAVE_SYS_FILE_H 1
| #define HAVE_SYS_IOCTL_H 1
| /* end confdefs.h.  */
| #include <stdio.h>
| #ifdef HAVE_SYS_TYPES_H
| # include <sys/types.h>
| #endif
| #ifdef HAVE_SYS_STAT_H
| # include <sys/stat.h>
| #endif
| #ifdef STDC_HEADERS
| # include <stdlib.h>
| # include <stddef.h>
| #else
| # ifdef HAVE_STDLIB_H
| #  include <stdlib.h>
| # endif
| #endif
| #ifdef HAVE_STRING_H
| # if !defined STDC_HEADERS && defined HAVE_MEMORY_H
| #  include <memory.h>
| # endif
| # include <string.h>
| #endif
| #ifdef HAVE_STRINGS_H
| # include <strings.h>
| #endif
| #ifdef HAVE_INTTYPES_H
| # include <inttypes.h>
| #endif
| #ifdef HAVE_STDINT_H
| # include <stdint.h>
| #endif
| #ifdef HAVE_UNISTD_H
| # include <unistd.h>
| #endif
| #include <sys/modem.h>
configure:8015: result: no
configure:8015: checking sys/modem.h presence
configure:8015: gcc -E  conftest.c
conftest.c:47:10: fatal error: 'sys/modem.h' file not found
   47 | #include <sys/modem.h>
      |          ^~~~~~~~~~~~~
1 error generated.
configure:8015: $? = 1
configure: failed program was:
| /* confdefs.h */
| #define _GNU_SOURCE 1
| #define _NETBSD_SOURCE 1
| #define __BSD_VISIBLE 1
| #define _DARWIN_C_SOURCE 1
| #define _PYTHONFRAMEWORK ""
| #define _XOPEN_SOURCE 700
| #define _XOPEN_SOURCE_EXTENDED 1
| #define _POSIX_C_SOURCE 200809L
| #define STDC_HEADERS 1
| #define HAVE_SYS_TYPES_H 1
| #define HAVE_SYS_STAT_H 1
| #define HAVE_STDLIB_H 1
| #define HAVE_STRING_H 1
| #define HAVE_MEMORY_H 1
| #define HAVE_STRINGS_H 1
| #define HAVE_INTTYPES_H 1
| #define HAVE_STDINT_H 1
| #define HAVE_UNISTD_H 1
| #define __EXTENSIONS__ 1
| #define _ALL_SOURCE 1
| #define _GNU_SOURCE 1
| #define _POSIX_PTHREAD_SEMANTICS 1
| #define _TANDEM_SOURCE 1
| #define ANDROID_API_LEVEL 24
| #define STDC_HEADERS 1
| #define HAVE_ASM_TYPES_H 1
| #define HAVE_CRYPT_H 1
| #define HAVE_DLFCN_H 1
| #define HAVE_ERRNO_H 1
| #define HAVE_FCNTL_H 1
| #define HAVE_GRP_H 1
| #define HAVE_LANGINFO_H 1
| #define HAVE_LIBINTL_H 1
| #define HAVE_PTHREAD_H 1
| #define HAVE_SCHED_H 1
| #define HAVE_SIGNAL_H 1
| #define HAVE_TERMIOS_H 1
| #define HAVE_UTIME_H 1
| #define HAVE_POLL_H 1
| #define HAVE_SYS_EPOLL_H 1
| #define HAVE_SYS_POLL_H 1
| #define HAVE_SYS_XATTR_H 1
| #define HAVE_SYS_FILE_H 1
| #define HAVE_SYS_IOCTL_H 1
| /* end confdefs.h.  */
| #include <sys/modem.h>
configure:8015: result: no
configure:8015: checking for sys/modem.h
configure:8015: result: no
configure:8015: checking sys/param.h usability
configure:8015: gcc -c -I/data/data/com.termux/files/usr/include  conftest.c >&5
configure:8015: $? = 0
configure:8015: result: yes
configure:8015: checking sys/param.h presence
configure:8015: gcc -E  conftest.c
configure:8015: $? = 0
configure:8015: result: yes
configure:8015: checking for sys/param.h
configure:8015: result: yes
configure:8015: checking sys/random.h usability
configure:8015: gcc -c -I/data/data/com.termux/files/usr/include  conftest.c >&5
configure:8015: $? = 0
configure:8015: result: yes
configure:8015: checking sys/random.h presence
configure:8015: gcc -E  conftest.c
configure:8015: $? = 0
configure:8015: result: yes
configure:8015: checking for sys/random.h
configure:8015: result: yes
configure:8015: checking sys/select.h usability
configure:8015: gcc -c -I/data/data/com.termux/files/usr/include  conftest.c >&5
configure:8015: $? = 0
configure:8015: result: yes
configure:8015: checking sys/select.h presence
configure:8015: gcc -E  conftest.c
configure:8015: $? = 0
configure:8015: result: yes
configure:8015: checking for sys/select.h
configure:8015: result: yes
configure:8015: checking sys/sendfile.h usability
configure:8015: gcc -c -I/data/data/com.termux/files/usr/include  conftest.c >&5
configure:8015: $? = 0
configure:8015: result: yes
configure:8015: checking sys/sendfile.h presence
configure:8015: gcc -E  conftest.c
configure:8015: $? = 0
configure:8015: result: yes
configure:8015: checking for sys/sendfile.h
configure:8015: result: yes
configure:8015: checking sys/socket.h usability
configure:8015: gcc -c -I/data/data/com.termux/files/usr/include  conftest.c >&5
configure:8015: $? = 0
configure:8015: result: yes
configure:8015: checking sys/socket.h presence
configure:8015: gcc -E  conftest.c
configure:8015: $? = 0
configure:8015: result: yes
configure:8015: checking for sys/socket.h
configure:8015: result: yes
configure:8015: checking sys/statvfs.h usability
configure:8015: gcc -c -I/data/data/com.termux/files/usr/include  conftest.c >&5
configure:8015: $? = 0
configure:8015: result: yes
configure:8015: checking sys/statvfs.h presence
configure:8015: gcc -E  conftest.c
configure:8015: $? = 0
configure:8015: result: yes
configure:8015: checking for sys/statvfs.h
configure:8015: result: yes
configure:8015: checking for sys/stat.h
configure:8015: result: yes
configure:8015: checking sys/syscall.h usability
configure:8015: gcc -c -I/data/data/com.termux/files/usr/include  conftest.c >&5
configure:8015: $? = 0
configure:8015: result: yes
configure:8015: checking sys/syscall.h presence
configure:8015: gcc -E  conftest.c
configure:8015: $? = 0
configure:8015: result: yes
configure:8015: checking for sys/syscall.h
configure:8015: result: yes
configure:8015: checking sys/sys_domain.h usability
configure:8015: gcc -c -I/data/data/com.termux/files/usr/include  conftest.c >&5
conftest.c:88:10: fatal error: 'sys/sys_domain.h' file not found
   88 | #include <sys/sys_domain.h>
      |          ^~~~~~~~~~~~~~~~~~
1 error generated.
configure:8015: $? = 1
configure: failed program was:
| /* confdefs.h */
| #define _GNU_SOURCE 1
| #define _NETBSD_SOURCE 1
| #define __BSD_VISIBLE 1
| #define _DARWIN_C_SOURCE 1
| #define _PYTHONFRAMEWORK ""
| #define _XOPEN_SOURCE 700
| #define _XOPEN_SOURCE_EXTENDED 1
| #define _POSIX_C_SOURCE 200809L
| #define STDC_HEADERS 1
| #define HAVE_SYS_TYPES_H 1
| #define HAVE_SYS_STAT_H 1
| #define HAVE_STDLIB_H 1
| #define HAVE_STRING_H 1
| #define HAVE_MEMORY_H 1
| #define HAVE_STRINGS_H 1
| #define HAVE_INTTYPES_H 1
| #define HAVE_STDINT_H 1
| #define HAVE_UNISTD_H 1
| #define __EXTENSIONS__ 1
| #define _ALL_SOURCE 1
| #define _GNU_SOURCE 1
| #define _POSIX_PTHREAD_SEMANTICS 1
| #define _TANDEM_SOURCE 1
| #define ANDROID_API_LEVEL 24
| #define STDC_HEADERS 1
| #define HAVE_ASM_TYPES_H 1
| #define HAVE_CRYPT_H 1
| #define HAVE_DLFCN_H 1
| #define HAVE_ERRNO_H 1
| #define HAVE_FCNTL_H 1
| #define HAVE_GRP_H 1
| #define HAVE_LANGINFO_H 1
| #define HAVE_LIBINTL_H 1
| #define HAVE_PTHREAD_H 1
| #define HAVE_SCHED_H 1
| #define HAVE_SIGNAL_H 1
| #define HAVE_TERMIOS_H 1
| #define HAVE_UTIME_H 1
| #define HAVE_POLL_H 1
| #define HAVE_SYS_EPOLL_H 1
| #define HAVE_SYS_POLL_H 1
| #define HAVE_SYS_XATTR_H 1
| #define HAVE_SYS_FILE_H 1
| #define HAVE_SYS_IOCTL_H 1
| #define HAVE_SYS_PARAM_H 1
| #define HAVE_SYS_RANDOM_H 1
| #define HAVE_SYS_SELECT_H 1
| #define HAVE_SYS_SENDFILE_H 1
| #define HAVE_SYS_SOCKET_H 1
| #define HAVE_SYS_STATVFS_H 1
| #define HAVE_SYS_STAT_H 1
| #define HAVE_SYS_SYSCALL_H 1
| /* end confdefs.h.  */
| #include <stdio.h>
| #ifdef HAVE_SYS_TYPES_H
| # include <sys/types.h>
| #endif
| #ifdef HAVE_SYS_STAT_H
| # include <sys/stat.h>
| #endif
| #ifdef STDC_HEADERS
| # include <stdlib.h>
| # include <stddef.h>
| #else
| # ifdef HAVE_STDLIB_H
| #  include <stdlib.h>
| # endif
| #endif
| #ifdef HAVE_STRING_H
| # if !defined STDC_HEADERS && defined HAVE_MEMORY_H
| #  include <memory.h>
| # endif
| # include <string.h>
| #endif
| #ifdef HAVE_STRINGS_H
| # include <strings.h>
| #endif
| #ifdef HAVE_INTTYPES_H
| # include <inttypes.h>
| #endif
| #ifdef HAVE_STDINT_H
| # include <stdint.h>
| #endif
| #ifdef HAVE_UNISTD_H
| # include <unistd.h>
| #endif
| #include <sys/sys_domain.h>
configure:8015: result: no
configure:8015: checking sys/sys_domain.h presence
configure:8015: gcc -E  conftest.c
conftest.c:55:10: fatal error: 'sys/sys_domain.h' file not found
   55 | #include <sys/sys_domain.h>
      |          ^~~~~~~~~~~~~~~~~~
1 error generated.
configure:8015: $? = 1
configure: failed program was:
| /* confdefs.h */
| #define _GNU_SOURCE 1
| #define _NETBSD_SOURCE 1
| #define __BSD_VISIBLE 1
| #define _DARWIN_C_SOURCE 1
| #define _PYTHONFRAMEWORK ""
| #define _XOPEN_SOURCE 700
| #define _XOPEN_SOURCE_EXTENDED 1
| #define _POSIX_C_SOURCE 200809L
| #define STDC_HEADERS 1
| #define HAVE_SYS_TYPES_H 1
| #define HAVE_SYS_STAT_H 1
| #define HAVE_STDLIB_H 1
| #define HAVE_STRING_H 1
| #define HAVE_MEMORY_H 1
| #define HAVE_STRINGS_H 1
| #define HAVE_INTTYPES_H 1
| #define HAVE_STDINT_H 1
| #define HAVE_UNISTD_H 1
| #define __EXTENSIONS__ 1
| #define _ALL_SOURCE 1
| #define _GNU_SOURCE 1
| #define _POSIX_PTHREAD_SEMANTICS 1
| #define _TANDEM_SOURCE 1
| #define ANDROID_API_LEVEL 24
| #define STDC_HEADERS 1
| #define HAVE_ASM_TYPES_H 1
| #define HAVE_CRYPT_H 1
| #define HAVE_DLFCN_H 1
| #define HAVE_ERRNO_H 1
| #define HAVE_FCNTL_H 1
| #define HAVE_GRP_H 1
| #define HAVE_LANGINFO_H 1
| #define HAVE_LIBINTL_H 1
| #define HAVE_PTHREAD_H 1
| #define HAVE_SCHED_H 1
| #define HAVE_SIGNAL_H 1
| #define HAVE_TERMIOS_H 1
| #define HAVE_UTIME_H 1
| #define HAVE_POLL_H 1
| #define HAVE_SYS_EPOLL_H 1
| #define HAVE_SYS_POLL_H 1
| #define HAVE_SYS_XATTR_H 1
| #define HAVE_SYS_FILE_H 1
| #define HAVE_SYS_IOCTL_H 1
| #define HAVE_SYS_PARAM_H 1
| #define HAVE_SYS_RANDOM_H 1
| #define HAVE_SYS_SELECT_H 1
| #define HAVE_SYS_SENDFILE_H 1
| #define HAVE_SYS_SOCKET_H 1
| #define HAVE_SYS_STATVFS_H 1
| #define HAVE_SYS_STAT_H 1
| #define HAVE_SYS_SYSCALL_H 1
| /* end confdefs.h.  */
| #include <sys/sys_domain.h>
configure:8015: result: no
configure:8015: checking for sys/sys_domain.h
configure:8015: result: no
configure:8015: checking sys/termio.h usability
configure:8015: gcc -c -I/data/data/com.termux/files/usr/include  conftest.c >&5
conftest.c:88:10: fatal error: 'sys/termio.h' file not found
   88 | #include <sys/termio.h>
      |          ^~~~~~~~~~~~~~
1 error generated.
configure:8015: $? = 1
configure: failed program was:
| /* confdefs.h */
| #define _GNU_SOURCE 1
| #define _NETBSD_SOURCE 1
| #define __BSD_VISIBLE 1
| #define _DARWIN_C_SOURCE 1
| #define _PYTHONFRAMEWORK ""
| #define _XOPEN_SOURCE 700
| #define _XOPEN_SOURCE_EXTENDED 1
| #define _POSIX_C_SOURCE 200809L
| #define STDC_HEADERS 1
| #define HAVE_SYS_TYPES_H 1
| #define HAVE_SYS_STAT_H 1
| #define HAVE_STDLIB_H 1
| #define HAVE_STRING_H 1
| #define HAVE_MEMORY_H 1
| #define HAVE_STRINGS_H 1
| #define HAVE_INTTYPES_H 1
| #define HAVE_STDINT_H 1
| #define HAVE_UNISTD_H 1
| #define __EXTENSIONS__ 1
| #define _ALL_SOURCE 1
| #define _GNU_SOURCE 1
| #define _POSIX_PTHREAD_SEMANTICS 1
| #define _TANDEM_SOURCE 1
| #define ANDROID_API_LEVEL 24
| #define STDC_HEADERS 1
| #define HAVE_ASM_TYPES_H 1
| #define HAVE_CRYPT_H 1
| #define HAVE_DLFCN_H 1
| #define HAVE_ERRNO_H 1
| #define HAVE_FCNTL_H 1
| #define HAVE_GRP_H 1
| #define HAVE_LANGINFO_H 1
| #define HAVE_LIBINTL_H 1
| #define HAVE_PTHREAD_H 1
| #define HAVE_SCHED_H 1
| #define HAVE_SIGNAL_H 1
| #define HAVE_TERMIOS_H 1
| #define HAVE_UTIME_H 1
| #define HAVE_POLL_H 1
| #define HAVE_SYS_EPOLL_H 1
| #define HAVE_SYS_POLL_H 1
| #define HAVE_SYS_XATTR_H 1
| #define HAVE_SYS_FILE_H 1
| #define HAVE_SYS_IOCTL_H 1
| #define HAVE_SYS_PARAM_H 1
| #define HAVE_SYS_RANDOM_H 1
| #define HAVE_SYS_SELECT_H 1
| #define HAVE_SYS_SENDFILE_H 1
| #define HAVE_SYS_SOCKET_H 1
| #define HAVE_SYS_STATVFS_H 1
| #define HAVE_SYS_STAT_H 1
| #define HAVE_SYS_SYSCALL_H 1
| /* end confdefs.h.  */
| #include <stdio.h>
| #ifdef HAVE_SYS_TYPES_H
| # include <sys/types.h>
| #endif
| #ifdef HAVE_SYS_STAT_H
| # include <sys/stat.h>
| #endif
| #ifdef STDC_HEADERS
| # include <stdlib.h>
| # include <stddef.h>
| #else
| # ifdef HAVE_STDLIB_H
| #  include <stdlib.h>
| # endif
| #endif
| #ifdef HAVE_STRING_H
| # if !defined STDC_HEADERS && defined HAVE_MEMORY_H
| #  include <memory.h>
| # endif
| # include <string.h>
| #endif
| #ifdef HAVE_STRINGS_H
| # include <strings.h>
| #endif
| #ifdef HAVE_INTTYPES_H
| # include <inttypes.h>
| #endif
| #ifdef HAVE_STDINT_H
| # include <stdint.h>
| #endif
| #ifdef HAVE_UNISTD_H
| # include <unistd.h>
| #endif
| #include <sys/termio.h>
configure:8015: result: no
configure:8015: checking sys/termio.h presence
configure:8015: gcc -E  conftest.c
conftest.c:55:10: fatal error: 'sys/termio.h' file not found
   55 | #include <sys/termio.h>
      |          ^~~~~~~~~~~~~~
1 error generated.
configure:8015: $? = 1
configure: failed program was:
| /* confdefs.h */
| #define _GNU_SOURCE 1
| #define _NETBSD_SOURCE 1
| #define __BSD_VISIBLE 1
| #define _DARWIN_C_SOURCE 1
| #define _PYTHONFRAMEWORK ""
| #define _XOPEN_SOURCE 700
| #define _XOPEN_SOURCE_EXTENDED 1
| #define _POSIX_C_SOURCE 200809L
| #define STDC_HEADERS 1
| #define HAVE_SYS_TYPES_H 1
| #define HAVE_SYS_STAT_H 1
| #define HAVE_STDLIB_H 1
| #define HAVE_STRING_H 1
| #define HAVE_MEMORY_H 1
| #define HAVE_STRINGS_H 1
| #define HAVE_INTTYPES_H 1
| #define HAVE_STDINT_H 1
| #define HAVE_UNISTD_H 1
| #define __EXTENSIONS__ 1
| #define _ALL_SOURCE 1
| #define _GNU_SOURCE 1
| #define _POSIX_PTHREAD_SEMANTICS 1
| #define _TANDEM_SOURCE 1
| #define ANDROID_API_LEVEL 24
| #define STDC_HEADERS 1
| #define HAVE_ASM_TYPES_H 1
| #define HAVE_CRYPT_H 1
| #define HAVE_DLFCN_H 1
| #define HAVE_ERRNO_H 1
| #define HAVE_FCNTL_H 1
| #define HAVE_GRP_H 1
| #define HAVE_LANGINFO_H 1
| #define HAVE_LIBINTL_H 1
| #define HAVE_PTHREAD_H 1
| #define HAVE_SCHED_H 1
| #define HAVE_SIGNAL_H 1
| #define HAVE_TERMIOS_H 1
| #define HAVE_UTIME_H 1
| #define HAVE_POLL_H 1
| #define HAVE_SYS_EPOLL_H 1
| #define HAVE_SYS_POLL_H 1
| #define HAVE_SYS_XATTR_H 1
| #define HAVE_SYS_FILE_H 1
| #define HAVE_SYS_IOCTL_H 1
| #define HAVE_SYS_PARAM_H 1
| #define HAVE_SYS_RANDOM_H 1
| #define HAVE_SYS_SELECT_H 1
| #define HAVE_SYS_SENDFILE_H 1
| #define HAVE_SYS_SOCKET_H 1
| #define HAVE_SYS_STATVFS_H 1
| #define HAVE_SYS_STAT_H 1
| #define HAVE_SYS_SYSCALL_H 1
| /* end confdefs.h.  */
| #include <sys/termio.h>
configure:8015: result: no
configure:8015: checking for sys/termio.h
configure:8015: result: no
configure:8015: checking sys/time.h usability
configure:8015: gcc -c -I/data/data/com.termux/files/usr/include  conftest.c >&5
configure:8015: $? = 0
configure:8015: result: yes
configure:8015: checking sys/time.h presence
configure:8015: gcc -E  conftest.c
configure:8015: $? = 0
configure:8015: result: yes
configure:8015: checking for sys/time.h
configure:8015: result: yes
configure:8015: checking sys/times.h usability
configure:8015: gcc -c -I/data/data/com.termux/files/usr/include  conftest.c >&5
configure:8015: $? = 0
configure:8015: result: yes
configure:8015: checking sys/times.h presence
configure:8015: gcc -E  conftest.c
configure:8015: $? = 0
configure:8015: result: yes
configure:8015: checking for sys/times.h
configure:8015: result: yes
configure:8015: checking for sys/types.h
configure:8015: result: yes
configure:8015: checking sys/uio.h usability
configure:8015: gcc -c -I/data/data/com.termux/files/usr/include  conftest.c >&5
configure:8015: $? = 0
configure:8015: result: yes
configure:8015: checking sys/uio.h presence
configure:8015: gcc -E  conftest.c
configure:8015: $? = 0
configure:8015: result: yes
configure:8015: checking for sys/uio.h
configure:8015: result: yes
configure:8015: checking sys/un.h usability
configure:8015: gcc -c -I/data/data/com.termux/files/usr/include  conftest.c >&5
configure:8015: $? = 0
configure:8015: result: yes
configure:8015: checking sys/un.h presence
configure:8015: gcc -E  conftest.c
configure:8015: $? = 0
configure:8015: result: yes
configure:8015: checking for sys/un.h
configure:8015: result: yes
configure:8015: checking sys/utsname.h usability
configure:8015: gcc -c -I/data/data/com.termux/files/usr/include  conftest.c >&5
configure:8015: $? = 0
configure:8015: result: yes
configure:8015: checking sys/utsname.h presence
configure:8015: gcc -E  conftest.c
configure:8015: $? = 0
configure:8015: result: yes
configure:8015: checking for sys/utsname.h
configure:8015: result: yes
configure:8015: checking sys/wait.h usability
configure:8015: gcc -c -I/data/data/com.termux/files/usr/include  conftest.c >&5
configure:8015: $? = 0
configure:8015: result: yes
configure:8015: checking sys/wait.h presence
configure:8015: gcc -E  conftest.c
configure:8015: $? = 0
configure:8015: result: yes
configure:8015: checking for sys/wait.h
configure:8015: result: yes
configure:8015: checking pty.h usability
configure:8015: gcc -c -I/data/data/com.termux/files/usr/include  conftest.c >&5
configure:8015: $? = 0
configure:8015: result: yes
configure:8015: checking pty.h presence
configure:8015: gcc -E  conftest.c
configure:8015: $? = 0
configure:8015: result: yes
configure:8015: checking for pty.h
configure:8015: result: yes
configure:8015: checking libutil.h usability
configure:8015: gcc -c -I/data/data/com.termux/files/usr/include  conftest.c >&5
conftest.c:96:10: fatal error: 'libutil.h' file not found
   96 | #include <libutil.h>
      |          ^~~~~~~~~~~
1 error generated.
configure:8015: $? = 1
configure: failed program was:
| /* confdefs.h */
| #define _GNU_SOURCE 1
| #define _NETBSD_SOURCE 1
| #define __BSD_VISIBLE 1
| #define _DARWIN_C_SOURCE 1
| #define _PYTHONFRAMEWORK ""
| #define _XOPEN_SOURCE 700
| #define _XOPEN_SOURCE_EXTENDED 1
| #define _POSIX_C_SOURCE 200809L
| #define STDC_HEADERS 1
| #define HAVE_SYS_TYPES_H 1
| #define HAVE_SYS_STAT_H 1
| #define HAVE_STDLIB_H 1
| #define HAVE_STRING_H 1
| #define HAVE_MEMORY_H 1
| #define HAVE_STRINGS_H 1
| #define HAVE_INTTYPES_H 1
| #define HAVE_STDINT_H 1
| #define HAVE_UNISTD_H 1
| #define __EXTENSIONS__ 1
| #define _ALL_SOURCE 1
| #define _GNU_SOURCE 1
| #define _POSIX_PTHREAD_SEMANTICS 1
| #define _TANDEM_SOURCE 1
| #define ANDROID_API_LEVEL 24
| #define STDC_HEADERS 1
| #define HAVE_ASM_TYPES_H 1
| #define HAVE_CRYPT_H 1
| #define HAVE_DLFCN_H 1
| #define HAVE_ERRNO_H 1
| #define HAVE_FCNTL_H 1
| #define HAVE_GRP_H 1
| #define HAVE_LANGINFO_H 1
| #define HAVE_LIBINTL_H 1
| #define HAVE_PTHREAD_H 1
| #define HAVE_SCHED_H 1
| #define HAVE_SIGNAL_H 1
| #define HAVE_TERMIOS_H 1
| #define HAVE_UTIME_H 1
| #define HAVE_POLL_H 1
| #define HAVE_SYS_EPOLL_H 1
| #define HAVE_SYS_POLL_H 1
| #define HAVE_SYS_XATTR_H 1
| #define HAVE_SYS_FILE_H 1
| #define HAVE_SYS_IOCTL_H 1
| #define HAVE_SYS_PARAM_H 1
| #define HAVE_SYS_RANDOM_H 1
| #define HAVE_SYS_SELECT_H 1
| #define HAVE_SYS_SENDFILE_H 1
| #define HAVE_SYS_SOCKET_H 1
| #define HAVE_SYS_STATVFS_H 1
| #define HAVE_SYS_STAT_H 1
| #define HAVE_SYS_SYSCALL_H 1
| #define HAVE_SYS_TIME_H 1
| #define HAVE_SYS_TIMES_H 1
| #define HAVE_SYS_TYPES_H 1
| #define HAVE_SYS_UIO_H 1
| #define HAVE_SYS_UN_H 1
| #define HAVE_SYS_UTSNAME_H 1
| #define HAVE_SYS_WAIT_H 1
| #define HAVE_PTY_H 1
| /* end confdefs.h.  */
| #include <stdio.h>
| #ifdef HAVE_SYS_TYPES_H
| # include <sys/types.h>
| #endif
| #ifdef HAVE_SYS_STAT_H
| # include <sys/stat.h>
| #endif
| #ifdef STDC_HEADERS
| # include <stdlib.h>
| # include <stddef.h>
| #else
| # ifdef HAVE_STDLIB_H
| #  include <stdlib.h>
| # endif
| #endif
| #ifdef HAVE_STRING_H
| # if !defined STDC_HEADERS && defined HAVE_MEMORY_H
| #  include <memory.h>
| # endif
| # include <string.h>
| #endif
| #ifdef HAVE_STRINGS_H
| # include <strings.h>
| #endif
| #ifdef HAVE_INTTYPES_H
| # include <inttypes.h>
| #endif
| #ifdef HAVE_STDINT_H
| # include <stdint.h>
| #endif
| #ifdef HAVE_UNISTD_H
| # include <unistd.h>
| #endif
| #include <libutil.h>
configure:8015: result: no
configure:8015: checking libutil.h presence
configure:8015: gcc -E  conftest.c
conftest.c:63:10: fatal error: 'libutil.h' file not found
   63 | #include <libutil.h>
      |          ^~~~~~~~~~~
1 error generated.
configure:8015: $? = 1
configure: failed program was:
| /* confdefs.h */
| #define _GNU_SOURCE 1
| #define _NETBSD_SOURCE 1
| #define __BSD_VISIBLE 1
| #define _DARWIN_C_SOURCE 1
| #define _PYTHONFRAMEWORK ""
| #define _XOPEN_SOURCE 700
| #define _XOPEN_SOURCE_EXTENDED 1
| #define _POSIX_C_SOURCE 200809L
| #define STDC_HEADERS 1
| #define HAVE_SYS_TYPES_H 1
| #define HAVE_SYS_STAT_H 1
| #define HAVE_STDLIB_H 1
| #define HAVE_STRING_H 1
| #define HAVE_MEMORY_H 1
| #define HAVE_STRINGS_H 1
| #define HAVE_INTTYPES_H 1
| #define HAVE_STDINT_H 1
| #define HAVE_UNISTD_H 1
| #define __EXTENSIONS__ 1
| #define _ALL_SOURCE 1
| #define _GNU_SOURCE 1
| #define _POSIX_PTHREAD_SEMANTICS 1
| #define _TANDEM_SOURCE 1
| #define ANDROID_API_LEVEL 24
| #define STDC_HEADERS 1
| #define HAVE_ASM_TYPES_H 1
| #define HAVE_CRYPT_H 1
| #define HAVE_DLFCN_H 1
| #define HAVE_ERRNO_H 1
| #define HAVE_FCNTL_H 1
| #define HAVE_GRP_H 1
| #define HAVE_LANGINFO_H 1
| #define HAVE_LIBINTL_H 1
| #define HAVE_PTHREAD_H 1
| #define HAVE_SCHED_H 1
| #define HAVE_SIGNAL_H 1
| #define HAVE_TERMIOS_H 1
| #define HAVE_UTIME_H 1
| #define HAVE_POLL_H 1
| #define HAVE_SYS_EPOLL_H 1
| #define HAVE_SYS_POLL_H 1
| #define HAVE_SYS_XATTR_H 1
| #define HAVE_SYS_FILE_H 1
| #define HAVE_SYS_IOCTL_H 1
| #define HAVE_SYS_PARAM_H 1
| #define HAVE_SYS_RANDOM_H 1
| #define HAVE_SYS_SELECT_H 1
| #define HAVE_SYS_SENDFILE_H 1
| #define HAVE_SYS_SOCKET_H 1
| #define HAVE_SYS_STATVFS_H 1
| #define HAVE_SYS_STAT_H 1
| #define HAVE_SYS_SYSCALL_H 1
| #define HAVE_SYS_TIME_H 1
| #define HAVE_SYS_TIMES_H 1
| #define HAVE_SYS_TYPES_H 1
| #define HAVE_SYS_UIO_H 1
| #define HAVE_SYS_UN_H 1
| #define HAVE_SYS_UTSNAME_H 1
| #define HAVE_SYS_WAIT_H 1
| #define HAVE_PTY_H 1
| /* end confdefs.h.  */
| #include <libutil.h>
configure:8015: result: no
configure:8015: checking for libutil.h
configure:8015: result: no
configure:8015: checking sys/resource.h usability
configure:8015: gcc -c -I/data/data/com.termux/files/usr/include  conftest.c >&5
configure:8015: $? = 0
configure:8015: result: yes
configure:8015: checking sys/resource.h presence
configure:8015: gcc -E  conftest.c
configure:8015: $? = 0
configure:8015: result: yes
configure:8015: checking for sys/resource.h
configure:8015: result: yes
configure:8015: checking netpacket/packet.h usability
configure:8015: gcc -c -I/data/data/com.termux/files/usr/include  conftest.c >&5
configure:8015: $? = 0
configure:8015: result: yes
configure:8015: checking netpacket/packet.h presence
configure:8015: gcc -E  conftest.c
configure:8015: $? = 0
configure:8015: result: yes
configure:8015: checking for netpacket/packet.h
configure:8015: result: yes
configure:8015: checking sysexits.h usability
configure:8015: gcc -c -I/data/data/com.termux/files/usr/include  conftest.c >&5
configure:8015: $? = 0
configure:8015: result: yes
configure:8015: checking sysexits.h presence
configure:8015: gcc -E  conftest.c
configure:8015: $? = 0
configure:8015: result: yes
configure:8015: checking for sysexits.h
configure:8015: result: yes
configure:8015: checking bluetooth.h usability
configure:8015: gcc -c -I/data/data/com.termux/files/usr/include  conftest.c >&5
conftest.c:99:10: fatal error: 'bluetooth.h' file not found
   99 | #include <bluetooth.h>
      |          ^~~~~~~~~~~~~
1 error generated.
configure:8015: $? = 1
configure: failed program was:
| /* confdefs.h */
| #define _GNU_SOURCE 1
| #define _NETBSD_SOURCE 1
| #define __BSD_VISIBLE 1
| #define _DARWIN_C_SOURCE 1
| #define _PYTHONFRAMEWORK ""
| #define _XOPEN_SOURCE 700
| #define _XOPEN_SOURCE_EXTENDED 1
| #define _POSIX_C_SOURCE 200809L
| #define STDC_HEADERS 1
| #define HAVE_SYS_TYPES_H 1
| #define HAVE_SYS_STAT_H 1
| #define HAVE_STDLIB_H 1
| #define HAVE_STRING_H 1
| #define HAVE_MEMORY_H 1
| #define HAVE_STRINGS_H 1
| #define HAVE_INTTYPES_H 1
| #define HAVE_STDINT_H 1
| #define HAVE_UNISTD_H 1
| #define __EXTENSIONS__ 1
| #define _ALL_SOURCE 1
| #define _GNU_SOURCE 1
| #define _POSIX_PTHREAD_SEMANTICS 1
| #define _TANDEM_SOURCE 1
| #define ANDROID_API_LEVEL 24
| #define STDC_HEADERS 1
| #define HAVE_ASM_TYPES_H 1
| #define HAVE_CRYPT_H 1
| #define HAVE_DLFCN_H 1
| #define HAVE_ERRNO_H 1
| #define HAVE_FCNTL_H 1
| #define HAVE_GRP_H 1
| #define HAVE_LANGINFO_H 1
| #define HAVE_LIBINTL_H 1
| #define HAVE_PTHREAD_H 1
| #define HAVE_SCHED_H 1
| #define HAVE_SIGNAL_H 1
| #define HAVE_TERMIOS_H 1
| #define HAVE_UTIME_H 1
| #define HAVE_POLL_H 1
| #define HAVE_SYS_EPOLL_H 1
| #define HAVE_SYS_POLL_H 1
| #define HAVE_SYS_XATTR_H 1
| #define HAVE_SYS_FILE_H 1
| #define HAVE_SYS_IOCTL_H 1
| #define HAVE_SYS_PARAM_H 1
| #define HAVE_SYS_RANDOM_H 1
| #define HAVE_SYS_SELECT_H 1
| #define HAVE_SYS_SENDFILE_H 1
| #define HAVE_SYS_SOCKET_H 1
| #define HAVE_SYS_STATVFS_H 1
| #define HAVE_SYS_STAT_H 1
| #define HAVE_SYS_SYSCALL_H 1
| #define HAVE_SYS_TIME_H 1
| #define HAVE_SYS_TIMES_H 1
| #define HAVE_SYS_TYPES_H 1
| #define HAVE_SYS_UIO_H 1
| #define HAVE_SYS_UN_H 1
| #define HAVE_SYS_UTSNAME_H 1
| #define HAVE_SYS_WAIT_H 1
| #define HAVE_PTY_H 1
| #define HAVE_SYS_RESOURCE_H 1
| #define HAVE_NETPACKET_PACKET_H 1
| #define HAVE_SYSEXITS_H 1
| /* end confdefs.h.  */
| #include <stdio.h>
| #ifdef HAVE_SYS_TYPES_H
| # include <sys/types.h>
| #endif
| #ifdef HAVE_SYS_STAT_H
| # include <sys/stat.h>
| #endif
| #ifdef STDC_HEADERS
| # include <stdlib.h>
| # include <stddef.h>
| #else
| # ifdef HAVE_STDLIB_H
| #  include <stdlib.h>
| # endif
| #endif
| #ifdef HAVE_STRING_H
| # if !defined STDC_HEADERS && defined HAVE_MEMORY_H
| #  include <memory.h>
| # endif
| # include <string.h>
| #endif
| #ifdef HAVE_STRINGS_H
| # include <strings.h>
| #endif
| #ifdef HAVE_INTTYPES_H
| # include <inttypes.h>
| #endif
| #ifdef HAVE_STDINT_H
| # include <stdint.h>
| #endif
| #ifdef HAVE_UNISTD_H
| # include <unistd.h>
| #endif
| #include <bluetooth.h>
configure:8015: result: no
configure:8015: checking bluetooth.h presence
configure:8015: gcc -E  conftest.c
conftest.c:66:10: fatal error: 'bluetooth.h' file not found
   66 | #include <bluetooth.h>
      |          ^~~~~~~~~~~~~
1 error generated.
configure:8015: $? = 1
configure: failed program was:
| /* confdefs.h */
| #define _GNU_SOURCE 1
| #define _NETBSD_SOURCE 1
| #define __BSD_VISIBLE 1
| #define _DARWIN_C_SOURCE 1
| #define _PYTHONFRAMEWORK ""
| #define _XOPEN_SOURCE 700
| #define _XOPEN_SOURCE_EXTENDED 1
| #define _POSIX_C_SOURCE 200809L
| #define STDC_HEADERS 1
| #define HAVE_SYS_TYPES_H 1
| #define HAVE_SYS_STAT_H 1
| #define HAVE_STDLIB_H 1
| #define HAVE_STRING_H 1
| #define HAVE_MEMORY_H 1
| #define HAVE_STRINGS_H 1
| #define HAVE_INTTYPES_H 1
| #define HAVE_STDINT_H 1
| #define HAVE_UNISTD_H 1
| #define __EXTENSIONS__ 1
| #define _ALL_SOURCE 1
| #define _GNU_SOURCE 1
| #define _POSIX_PTHREAD_SEMANTICS 1
| #define _TANDEM_SOURCE 1
| #define ANDROID_API_LEVEL 24
| #define STDC_HEADERS 1
| #define HAVE_ASM_TYPES_H 1
| #define HAVE_CRYPT_H 1
| #define HAVE_DLFCN_H 1
| #define HAVE_ERRNO_H 1
| #define HAVE_FCNTL_H 1
| #define HAVE_GRP_H 1
| #define HAVE_LANGINFO_H 1
| #define HAVE_LIBINTL_H 1
| #define HAVE_PTHREAD_H 1
| #define HAVE_SCHED_H 1
| #define HAVE_SIGNAL_H 1
| #define HAVE_TERMIOS_H 1
| #define HAVE_UTIME_H 1
| #define HAVE_POLL_H 1
| #define HAVE_SYS_EPOLL_H 1
| #define HAVE_SYS_POLL_H 1
| #define HAVE_SYS_XATTR_H 1
| #define HAVE_SYS_FILE_H 1
| #define HAVE_SYS_IOCTL_H 1
| #define HAVE_SYS_PARAM_H 1
| #define HAVE_SYS_RANDOM_H 1
| #define HAVE_SYS_SELECT_H 1
| #define HAVE_SYS_SENDFILE_H 1
| #define HAVE_SYS_SOCKET_H 1
| #define HAVE_SYS_STATVFS_H 1
| #define HAVE_SYS_STAT_H 1
| #define HAVE_SYS_SYSCALL_H 1
| #define HAVE_SYS_TIME_H 1
| #define HAVE_SYS_TIMES_H 1
| #define HAVE_SYS_TYPES_H 1
| #define HAVE_SYS_UIO_H 1
| #define HAVE_SYS_UN_H 1
| #define HAVE_SYS_UTSNAME_H 1
| #define HAVE_SYS_WAIT_H 1
| #define HAVE_PTY_H 1
| #define HAVE_SYS_RESOURCE_H 1
| #define HAVE_NETPACKET_PACKET_H 1
| #define HAVE_SYSEXITS_H 1
| /* end confdefs.h.  */
| #include <bluetooth.h>
configure:8015: result: no
configure:8015: checking for bluetooth.h
configure:8015: result: no
configure:8015: checking linux/tipc.h usability
configure:8015: gcc -c -I/data/data/com.termux/files/usr/include  conftest.c >&5
configure:8015: $? = 0
configure:8015: result: yes
configure:8015: checking linux/tipc.h presence
configure:8015: gcc -E  conftest.c
configure:8015: $? = 0
configure:8015: result: yes
configure:8015: checking for linux/tipc.h
configure:8015: result: yes
configure:8015: checking linux/random.h usability
configure:8015: gcc -c -I/data/data/com.termux/files/usr/include  conftest.c >&5
configure:8015: $? = 0
configure:8015: result: yes
configure:8015: checking linux/random.h presence
configure:8015: gcc -E  conftest.c
configure:8015: $? = 0
configure:8015: result: yes
configure:8015: checking for linux/random.h
configure:8015: result: yes
configure:8015: checking spawn.h usability
configure:8015: gcc -c -I/data/data/com.termux/files/usr/include  conftest.c >&5
configure:8015: $? = 0
configure:8015: result: yes
configure:8015: checking spawn.h presence
configure:8015: gcc -E  conftest.c
configure:8015: $? = 0
configure:8015: result: yes
configure:8015: checking for spawn.h
configure:8015: result: yes
configure:8015: checking util.h usability
configure:8015: gcc -c -I/data/data/com.termux/files/usr/include  conftest.c >&5
conftest.c:102:10: fatal error: 'util.h' file not found
  102 | #include <util.h>
      |          ^~~~~~~~
1 error generated.
configure:8015: $? = 1
configure: failed program was:
| /* confdefs.h */
| #define _GNU_SOURCE 1
| #define _NETBSD_SOURCE 1
| #define __BSD_VISIBLE 1
| #define _DARWIN_C_SOURCE 1
| #define _PYTHONFRAMEWORK ""
| #define _XOPEN_SOURCE 700
| #define _XOPEN_SOURCE_EXTENDED 1
| #define _POSIX_C_SOURCE 200809L
| #define STDC_HEADERS 1
| #define HAVE_SYS_TYPES_H 1
| #define HAVE_SYS_STAT_H 1
| #define HAVE_STDLIB_H 1
| #define HAVE_STRING_H 1
| #define HAVE_MEMORY_H 1
| #define HAVE_STRINGS_H 1
| #define HAVE_INTTYPES_H 1
| #define HAVE_STDINT_H 1
| #define HAVE_UNISTD_H 1
| #define __EXTENSIONS__ 1
| #define _ALL_SOURCE 1
| #define _GNU_SOURCE 1
| #define _POSIX_PTHREAD_SEMANTICS 1
| #define _TANDEM_SOURCE 1
| #define ANDROID_API_LEVEL 24
| #define STDC_HEADERS 1
| #define HAVE_ASM_TYPES_H 1
| #define HAVE_CRYPT_H 1
| #define HAVE_DLFCN_H 1
| #define HAVE_ERRNO_H 1
| #define HAVE_FCNTL_H 1
| #define HAVE_GRP_H 1
| #define HAVE_LANGINFO_H 1
| #define HAVE_LIBINTL_H 1
| #define HAVE_PTHREAD_H 1
| #define HAVE_SCHED_H 1
| #define HAVE_SIGNAL_H 1
| #define HAVE_TERMIOS_H 1
| #define HAVE_UTIME_H 1
| #define HAVE_POLL_H 1
| #define HAVE_SYS_EPOLL_H 1
| #define HAVE_SYS_POLL_H 1
| #define HAVE_SYS_XATTR_H 1
| #define HAVE_SYS_FILE_H 1
| #define HAVE_SYS_IOCTL_H 1
| #define HAVE_SYS_PARAM_H 1
| #define HAVE_SYS_RANDOM_H 1
| #define HAVE_SYS_SELECT_H 1
| #define HAVE_SYS_SENDFILE_H 1
| #define HAVE_SYS_SOCKET_H 1
| #define HAVE_SYS_STATVFS_H 1
| #define HAVE_SYS_STAT_H 1
| #define HAVE_SYS_SYSCALL_H 1
| #define HAVE_SYS_TIME_H 1
| #define HAVE_SYS_TIMES_H 1
| #define HAVE_SYS_TYPES_H 1
| #define HAVE_SYS_UIO_H 1
| #define HAVE_SYS_UN_H 1
| #define HAVE_SYS_UTSNAME_H 1
| #define HAVE_SYS_WAIT_H 1
| #define HAVE_PTY_H 1
| #define HAVE_SYS_RESOURCE_H 1
| #define HAVE_NETPACKET_PACKET_H 1
| #define HAVE_SYSEXITS_H 1
| #define HAVE_LINUX_TIPC_H 1
| #define HAVE_LINUX_RANDOM_H 1
| #define HAVE_SPAWN_H 1
| /* end confdefs.h.  */
| #include <stdio.h>
| #ifdef HAVE_SYS_TYPES_H
| # include <sys/types.h>
| #endif
| #ifdef HAVE_SYS_STAT_H
| # include <sys/stat.h>
| #endif
| #ifdef STDC_HEADERS
| # include <stdlib.h>
| # include <stddef.h>
| #else
| # ifdef HAVE_STDLIB_H
| #  include <stdlib.h>
| # endif
| #endif
| #ifdef HAVE_STRING_H
| # if !defined STDC_HEADERS && defined HAVE_MEMORY_H
| #  include <memory.h>
| # endif
| # include <string.h>
| #endif
| #ifdef HAVE_STRINGS_H
| # include <strings.h>
| #endif
| #ifdef HAVE_INTTYPES_H
| # include <inttypes.h>
| #endif
| #ifdef HAVE_STDINT_H
| # include <stdint.h>
| #endif
| #ifdef HAVE_UNISTD_H
| # include <unistd.h>
| #endif
| #include <util.h>
configure:8015: result: no
configure:8015: checking util.h presence
configure:8015: gcc -E  conftest.c
conftest.c:69:10: fatal error: 'util.h' file not found
   69 | #include <util.h>
      |          ^~~~~~~~
1 error generated.
configure:8015: $? = 1
configure: failed program was:
| /* confdefs.h */
| #define _GNU_SOURCE 1
| #define _NETBSD_SOURCE 1
| #define __BSD_VISIBLE 1
| #define _DARWIN_C_SOURCE 1
| #define _PYTHONFRAMEWORK ""
| #define _XOPEN_SOURCE 700
| #define _XOPEN_SOURCE_EXTENDED 1
| #define _POSIX_C_SOURCE 200809L
| #define STDC_HEADERS 1
| #define HAVE_SYS_TYPES_H 1
| #define HAVE_SYS_STAT_H 1
| #define HAVE_STDLIB_H 1
| #define HAVE_STRING_H 1
| #define HAVE_MEMORY_H 1
| #define HAVE_STRINGS_H 1
| #define HAVE_INTTYPES_H 1
| #define HAVE_STDINT_H 1
| #define HAVE_UNISTD_H 1
| #define __EXTENSIONS__ 1
| #define _ALL_SOURCE 1
| #define _GNU_SOURCE 1
| #define _POSIX_PTHREAD_SEMANTICS 1
| #define _TANDEM_SOURCE 1
| #define ANDROID_API_LEVEL 24
| #define STDC_HEADERS 1
| #define HAVE_ASM_TYPES_H 1
| #define HAVE_CRYPT_H 1
| #define HAVE_DLFCN_H 1
| #define HAVE_ERRNO_H 1
| #define HAVE_FCNTL_H 1
| #define HAVE_GRP_H 1
| #define HAVE_LANGINFO_H 1
| #define HAVE_LIBINTL_H 1
| #define HAVE_PTHREAD_H 1
| #define HAVE_SCHED_H 1
| #define HAVE_SIGNAL_H 1
| #define HAVE_TERMIOS_H 1
| #define HAVE_UTIME_H 1
| #define HAVE_POLL_H 1
| #define HAVE_SYS_EPOLL_H 1
| #define HAVE_SYS_POLL_H 1
| #define HAVE_SYS_XATTR_H 1
| #define HAVE_SYS_FILE_H 1
| #define HAVE_SYS_IOCTL_H 1
| #define HAVE_SYS_PARAM_H 1
| #define HAVE_SYS_RANDOM_H 1
| #define HAVE_SYS_SELECT_H 1
| #define HAVE_SYS_SENDFILE_H 1
| #define HAVE_SYS_SOCKET_H 1
| #define HAVE_SYS_STATVFS_H 1
| #define HAVE_SYS_STAT_H 1
| #define HAVE_SYS_SYSCALL_H 1
| #define HAVE_SYS_TIME_H 1
| #define HAVE_SYS_TIMES_H 1
| #define HAVE_SYS_TYPES_H 1
| #define HAVE_SYS_UIO_H 1
| #define HAVE_SYS_UN_H 1
| #define HAVE_SYS_UTSNAME_H 1
| #define HAVE_SYS_WAIT_H 1
| #define HAVE_PTY_H 1
| #define HAVE_SYS_RESOURCE_H 1
| #define HAVE_NETPACKET_PACKET_H 1
| #define HAVE_SYSEXITS_H 1
| #define HAVE_LINUX_TIPC_H 1
| #define HAVE_LINUX_RANDOM_H 1
| #define HAVE_SPAWN_H 1
| /* end confdefs.h.  */
| #include <util.h>
configure:8015: result: no
configure:8015: checking for util.h
configure:8015: result: no
configure:8015: checking alloca.h usability
configure:8015: gcc -c -I/data/data/com.termux/files/usr/include  conftest.c >&5
configure:8015: $? = 0
configure:8015: result: yes
configure:8015: checking alloca.h presence
configure:8015: gcc -E  conftest.c
configure:8015: $? = 0
configure:8015: result: yes
configure:8015: checking for alloca.h
configure:8015: result: yes
configure:8015: checking endian.h usability
configure:8015: gcc -c -I/data/data/com.termux/files/usr/include  conftest.c >&5
configure:8015: $? = 0
configure:8015: result: yes
configure:8015: checking endian.h presence
configure:8015: gcc -E  conftest.c
configure:8015: $? = 0
configure:8015: result: yes
configure:8015: checking for endian.h
configure:8015: result: yes
configure:8015: checking sys/endian.h usability
configure:8015: gcc -c -I/data/data/com.termux/files/usr/include  conftest.c >&5
configure:8015: $? = 0
configure:8015: result: yes
configure:8015: checking sys/endian.h presence
configure:8015: gcc -E  conftest.c
configure:8015: $? = 0
configure:8015: result: yes
configure:8015: checking for sys/endian.h
configure:8015: result: yes
configure:8015: checking sys/sysmacros.h usability
configure:8015: gcc -c -I/data/data/com.termux/files/usr/include  conftest.c >&5
configure:8015: $? = 0
configure:8015: result: yes
configure:8015: checking sys/sysmacros.h presence
configure:8015: gcc -E  conftest.c
configure:8015: $? = 0
configure:8015: result: yes
configure:8015: checking for sys/sysmacros.h
configure:8015: result: yes
configure:8015: checking linux/memfd.h usability
configure:8015: gcc -c -I/data/data/com.termux/files/usr/include  conftest.c >&5
configure:8015: $? = 0
configure:8015: result: yes
configure:8015: checking linux/memfd.h presence
configure:8015: gcc -E  conftest.c
configure:8015: $? = 0
configure:8015: result: yes
configure:8015: checking for linux/memfd.h
configure:8015: result: yes
configure:8015: checking linux/wait.h usability
configure:8015: gcc -c -I/data/data/com.termux/files/usr/include  conftest.c >&5
configure:8015: $? = 0
configure:8015: result: yes
configure:8015: checking linux/wait.h presence
configure:8015: gcc -E  conftest.c
configure:8015: $? = 0
configure:8015: result: yes
configure:8015: checking for linux/wait.h
configure:8015: result: yes
configure:8015: checking sys/memfd.h usability
configure:8015: gcc -c -I/data/data/com.termux/files/usr/include  conftest.c >&5
conftest.c:108:10: fatal error: 'sys/memfd.h' file not found
  108 | #include <sys/memfd.h>
      |          ^~~~~~~~~~~~~
1 error generated.
configure:8015: $? = 1
configure: failed program was:
| /* confdefs.h */
| #define _GNU_SOURCE 1
| #define _NETBSD_SOURCE 1
| #define __BSD_VISIBLE 1
| #define _DARWIN_C_SOURCE 1
| #define _PYTHONFRAMEWORK ""
| #define _XOPEN_SOURCE 700
| #define _XOPEN_SOURCE_EXTENDED 1
| #define _POSIX_C_SOURCE 200809L
| #define STDC_HEADERS 1
| #define HAVE_SYS_TYPES_H 1
| #define HAVE_SYS_STAT_H 1
| #define HAVE_STDLIB_H 1
| #define HAVE_STRING_H 1
| #define HAVE_MEMORY_H 1
| #define HAVE_STRINGS_H 1
| #define HAVE_INTTYPES_H 1
| #define HAVE_STDINT_H 1
| #define HAVE_UNISTD_H 1
| #define __EXTENSIONS__ 1
| #define _ALL_SOURCE 1
| #define _GNU_SOURCE 1
| #define _POSIX_PTHREAD_SEMANTICS 1
| #define _TANDEM_SOURCE 1
| #define ANDROID_API_LEVEL 24
| #define STDC_HEADERS 1
| #define HAVE_ASM_TYPES_H 1
| #define HAVE_CRYPT_H 1
| #define HAVE_DLFCN_H 1
| #define HAVE_ERRNO_H 1
| #define HAVE_FCNTL_H 1
| #define HAVE_GRP_H 1
| #define HAVE_LANGINFO_H 1
| #define HAVE_LIBINTL_H 1
| #define HAVE_PTHREAD_H 1
| #define HAVE_SCHED_H 1
| #define HAVE_SIGNAL_H 1
| #define HAVE_TERMIOS_H 1
| #define HAVE_UTIME_H 1
| #define HAVE_POLL_H 1
| #define HAVE_SYS_EPOLL_H 1
| #define HAVE_SYS_POLL_H 1
| #define HAVE_SYS_XATTR_H 1
| #define HAVE_SYS_FILE_H 1
| #define HAVE_SYS_IOCTL_H 1
| #define HAVE_SYS_PARAM_H 1
| #define HAVE_SYS_RANDOM_H 1
| #define HAVE_SYS_SELECT_H 1
| #define HAVE_SYS_SENDFILE_H 1
| #define HAVE_SYS_SOCKET_H 1
| #define HAVE_SYS_STATVFS_H 1
| #define HAVE_SYS_STAT_H 1
| #define HAVE_SYS_SYSCALL_H 1
| #define HAVE_SYS_TIME_H 1
| #define HAVE_SYS_TIMES_H 1
| #define HAVE_SYS_TYPES_H 1
| #define HAVE_SYS_UIO_H 1
| #define HAVE_SYS_UN_H 1
| #define HAVE_SYS_UTSNAME_H 1
| #define HAVE_SYS_WAIT_H 1
| #define HAVE_PTY_H 1
| #define HAVE_SYS_RESOURCE_H 1
| #define HAVE_NETPACKET_PACKET_H 1
| #define HAVE_SYSEXITS_H 1
| #define HAVE_LINUX_TIPC_H 1
| #define HAVE_LINUX_RANDOM_H 1
| #define HAVE_SPAWN_H 1
| #define HAVE_ALLOCA_H 1
| #define HAVE_ENDIAN_H 1
| #define HAVE_SYS_ENDIAN_H 1
| #define HAVE_SYS_SYSMACROS_H 1
| #define HAVE_LINUX_MEMFD_H 1
| #define HAVE_LINUX_WAIT_H 1
| /* end confdefs.h.  */
| #include <stdio.h>
| #ifdef HAVE_SYS_TYPES_H
| # include <sys/types.h>
| #endif
| #ifdef HAVE_SYS_STAT_H
| # include <sys/stat.h>
| #endif
| #ifdef STDC_HEADERS
| # include <stdlib.h>
| # include <stddef.h>
| #else
| # ifdef HAVE_STDLIB_H
| #  include <stdlib.h>
| # endif
| #endif
| #ifdef HAVE_STRING_H
| # if !defined STDC_HEADERS && defined HAVE_MEMORY_H
| #  include <memory.h>
| # endif
| # include <string.h>
| #endif
| #ifdef HAVE_STRINGS_H
| # include <strings.h>
| #endif
| #ifdef HAVE_INTTYPES_H
| # include <inttypes.h>
| #endif
| #ifdef HAVE_STDINT_H
| # include <stdint.h>
| #endif
| #ifdef HAVE_UNISTD_H
| # include <unistd.h>
| #endif
| #include <sys/memfd.h>
configure:8015: result: no
configure:8015: checking sys/memfd.h presence
configure:8015: gcc -E  conftest.c
conftest.c:75:10: fatal error: 'sys/memfd.h' file not found
   75 | #include <sys/memfd.h>
      |          ^~~~~~~~~~~~~
1 error generated.
configure:8015: $? = 1
configure: failed program was:
| /* confdefs.h */
| #define _GNU_SOURCE 1
| #define _NETBSD_SOURCE 1
| #define __BSD_VISIBLE 1
| #define _DARWIN_C_SOURCE 1
| #define _PYTHONFRAMEWORK ""
| #define _XOPEN_SOURCE 700
| #define _XOPEN_SOURCE_EXTENDED 1
| #define _POSIX_C_SOURCE 200809L
| #define STDC_HEADERS 1
| #define HAVE_SYS_TYPES_H 1
| #define HAVE_SYS_STAT_H 1
| #define HAVE_STDLIB_H 1
| #define HAVE_STRING_H 1
| #define HAVE_MEMORY_H 1
| #define HAVE_STRINGS_H 1
| #define HAVE_INTTYPES_H 1
| #define HAVE_STDINT_H 1
| #define HAVE_UNISTD_H 1
| #define __EXTENSIONS__ 1
| #define _ALL_SOURCE 1
| #define _GNU_SOURCE 1
| #define _POSIX_PTHREAD_SEMANTICS 1
| #define _TANDEM_SOURCE 1
| #define ANDROID_API_LEVEL 24
| #define STDC_HEADERS 1
| #define HAVE_ASM_TYPES_H 1
| #define HAVE_CRYPT_H 1
| #define HAVE_DLFCN_H 1
| #define HAVE_ERRNO_H 1
| #define HAVE_FCNTL_H 1
| #define HAVE_GRP_H 1
| #define HAVE_LANGINFO_H 1
| #define HAVE_LIBINTL_H 1
| #define HAVE_PTHREAD_H 1
| #define HAVE_SCHED_H 1
| #define HAVE_SIGNAL_H 1
| #define HAVE_TERMIOS_H 1
| #define HAVE_UTIME_H 1
| #define HAVE_POLL_H 1
| #define HAVE_SYS_EPOLL_H 1
| #define HAVE_SYS_POLL_H 1
| #define HAVE_SYS_XATTR_H 1
| #define HAVE_SYS_FILE_H 1
| #define HAVE_SYS_IOCTL_H 1
| #define HAVE_SYS_PARAM_H 1
| #define HAVE_SYS_RANDOM_H 1
| #define HAVE_SYS_SELECT_H 1
| #define HAVE_SYS_SENDFILE_H 1
| #define HAVE_SYS_SOCKET_H 1
| #define HAVE_SYS_STATVFS_H 1
| #define HAVE_SYS_STAT_H 1
| #define HAVE_SYS_SYSCALL_H 1
| #define HAVE_SYS_TIME_H 1
| #define HAVE_SYS_TIMES_H 1
| #define HAVE_SYS_TYPES_H 1
| #define HAVE_SYS_UIO_H 1
| #define HAVE_SYS_UN_H 1
| #define HAVE_SYS_UTSNAME_H 1
| #define HAVE_SYS_WAIT_H 1
| #define HAVE_PTY_H 1
| #define HAVE_SYS_RESOURCE_H 1
| #define HAVE_NETPACKET_PACKET_H 1
| #define HAVE_SYSEXITS_H 1
| #define HAVE_LINUX_TIPC_H 1
| #define HAVE_LINUX_RANDOM_H 1
| #define HAVE_SPAWN_H 1
| #define HAVE_ALLOCA_H 1
| #define HAVE_ENDIAN_H 1
| #define HAVE_SYS_ENDIAN_H 1
| #define HAVE_SYS_SYSMACROS_H 1
| #define HAVE_LINUX_MEMFD_H 1
| #define HAVE_LINUX_WAIT_H 1
| /* end confdefs.h.  */
| #include <sys/memfd.h>
configure:8015: result: no
configure:8015: checking for sys/memfd.h
configure:8015: result: no
configure:8015: checking sys/mman.h usability
configure:8015: gcc -c -I/data/data/com.termux/files/usr/include  conftest.c >&5
configure:8015: $? = 0
configure:8015: result: yes
configure:8015: checking sys/mman.h presence
configure:8015: gcc -E  conftest.c
configure:8015: $? = 0
configure:8015: result: yes
configure:8015: checking for sys/mman.h
configure:8015: result: yes
configure:8028: checking for dirent.h that defines DIR
configure:8047: gcc -c -I/data/data/com.termux/files/usr/include  conftest.c >&5
configure:8047: $? = 0
configure:8055: result: yes
configure:8068: checking for library containing opendir
configure:8099: gcc -o conftest -I/data/data/com.termux/files/usr/include  -L/data/data/com.termux/files/usr/lib conftest.c  >&5
configure:8099: $? = 0
configure:8116: result: none required
configure:8183: checking whether sys/types.h defines makedev
configure:8199: gcc -o conftest -I/data/data/com.termux/files/usr/include  -L/data/data/com.termux/files/usr/lib conftest.c  >&5
conftest.c:81:8: error: call to undeclared function 'makedev'; ISO C99 and later do not support implicit function declarations [-Wimplicit-function-declaration]
   81 | return makedev(0, 0);
      |        ^
1 error generated.
configure:8199: $? = 1
configure: failed program was:
| /* confdefs.h */
| #define _GNU_SOURCE 1
| #define _NETBSD_SOURCE 1
| #define __BSD_VISIBLE 1
| #define _DARWIN_C_SOURCE 1
| #define _PYTHONFRAMEWORK ""
| #define _XOPEN_SOURCE 700
| #define _XOPEN_SOURCE_EXTENDED 1
| #define _POSIX_C_SOURCE 200809L
| #define STDC_HEADERS 1
| #define HAVE_SYS_TYPES_H 1
| #define HAVE_SYS_STAT_H 1
| #define HAVE_STDLIB_H 1
| #define HAVE_STRING_H 1
| #define HAVE_MEMORY_H 1
| #define HAVE_STRINGS_H 1
| #define HAVE_INTTYPES_H 1
| #define HAVE_STDINT_H 1
| #define HAVE_UNISTD_H 1
| #define __EXTENSIONS__ 1
| #define _ALL_SOURCE 1
| #define _GNU_SOURCE 1
| #define _POSIX_PTHREAD_SEMANTICS 1
| #define _TANDEM_SOURCE 1
| #define ANDROID_API_LEVEL 24
| #define STDC_HEADERS 1
| #define HAVE_ASM_TYPES_H 1
| #define HAVE_CRYPT_H 1
| #define HAVE_DLFCN_H 1
| #define HAVE_ERRNO_H 1
| #define HAVE_FCNTL_H 1
| #define HAVE_GRP_H 1
| #define HAVE_LANGINFO_H 1
| #define HAVE_LIBINTL_H 1
| #define HAVE_PTHREAD_H 1
| #define HAVE_SCHED_H 1
| #define HAVE_SIGNAL_H 1
| #define HAVE_TERMIOS_H 1
| #define HAVE_UTIME_H 1
| #define HAVE_POLL_H 1
| #define HAVE_SYS_EPOLL_H 1
| #define HAVE_SYS_POLL_H 1
| #define HAVE_SYS_XATTR_H 1
| #define HAVE_SYS_FILE_H 1
| #define HAVE_SYS_IOCTL_H 1
| #define HAVE_SYS_PARAM_H 1
| #define HAVE_SYS_RANDOM_H 1
| #define HAVE_SYS_SELECT_H 1
| #define HAVE_SYS_SENDFILE_H 1
| #define HAVE_SYS_SOCKET_H 1
| #define HAVE_SYS_STATVFS_H 1
| #define HAVE_SYS_STAT_H 1
| #define HAVE_SYS_SYSCALL_H 1
| #define HAVE_SYS_TIME_H 1
| #define HAVE_SYS_TIMES_H 1
| #define HAVE_SYS_TYPES_H 1
| #define HAVE_SYS_UIO_H 1
| #define HAVE_SYS_UN_H 1
| #define HAVE_SYS_UTSNAME_H 1
| #define HAVE_SYS_WAIT_H 1
| #define HAVE_PTY_H 1
| #define HAVE_SYS_RESOURCE_H 1
| #define HAVE_NETPACKET_PACKET_H 1
| #define HAVE_SYSEXITS_H 1
| #define HAVE_LINUX_TIPC_H 1
| #define HAVE_LINUX_RANDOM_H 1
| #define HAVE_SPAWN_H 1
| #define HAVE_ALLOCA_H 1
| #define HAVE_ENDIAN_H 1
| #define HAVE_SYS_ENDIAN_H 1
| #define HAVE_SYS_SYSMACROS_H 1
| #define HAVE_LINUX_MEMFD_H 1
| #define HAVE_LINUX_WAIT_H 1
| #define HAVE_SYS_MMAN_H 1
| #define HAVE_DIRENT_H 1
| /* end confdefs.h.  */
| #include <sys/types.h>
| int
| main ()
| {
| return makedev(0, 0);
|   ;
|   return 0;
| }
configure:8208: result: no
configure:8212: checking for sys/mkdev.h
configure:8212: result: no
configure:8222: checking for sys/sysmacros.h
configure:8222: result: yes
configure:8240: checking bluetooth/bluetooth.h usability
configure:8240: gcc -c -std=c99 -I/data/data/com.termux/files/usr/include  conftest.c >&5
conftest.c:111:10: fatal error: 'bluetooth/bluetooth.h' file not found
  111 | #include <bluetooth/bluetooth.h>
      |          ^~~~~~~~~~~~~~~~~~~~~~~
1 error generated.
configure:8240: $? = 1
configure: failed program was:
| /* confdefs.h */
| #define _GNU_SOURCE 1
| #define _NETBSD_SOURCE 1
| #define __BSD_VISIBLE 1
| #define _DARWIN_C_SOURCE 1
| #define _PYTHONFRAMEWORK ""
| #define _XOPEN_SOURCE 700
| #define _XOPEN_SOURCE_EXTENDED 1
| #define _POSIX_C_SOURCE 200809L
| #define STDC_HEADERS 1
| #define HAVE_SYS_TYPES_H 1
| #define HAVE_SYS_STAT_H 1
| #define HAVE_STDLIB_H 1
| #define HAVE_STRING_H 1
| #define HAVE_MEMORY_H 1
| #define HAVE_STRINGS_H 1
| #define HAVE_INTTYPES_H 1
| #define HAVE_STDINT_H 1
| #define HAVE_UNISTD_H 1
| #define __EXTENSIONS__ 1
| #define _ALL_SOURCE 1
| #define _GNU_SOURCE 1
| #define _POSIX_PTHREAD_SEMANTICS 1
| #define _TANDEM_SOURCE 1
| #define ANDROID_API_LEVEL 24
| #define STDC_HEADERS 1
| #define HAVE_ASM_TYPES_H 1
| #define HAVE_CRYPT_H 1
| #define HAVE_DLFCN_H 1
| #define HAVE_ERRNO_H 1
| #define HAVE_FCNTL_H 1
| #define HAVE_GRP_H 1
| #define HAVE_LANGINFO_H 1
| #define HAVE_LIBINTL_H 1
| #define HAVE_PTHREAD_H 1
| #define HAVE_SCHED_H 1
| #define HAVE_SIGNAL_H 1
| #define HAVE_TERMIOS_H 1
| #define HAVE_UTIME_H 1
| #define HAVE_POLL_H 1
| #define HAVE_SYS_EPOLL_H 1
| #define HAVE_SYS_POLL_H 1
| #define HAVE_SYS_XATTR_H 1
| #define HAVE_SYS_FILE_H 1
| #define HAVE_SYS_IOCTL_H 1
| #define HAVE_SYS_PARAM_H 1
| #define HAVE_SYS_RANDOM_H 1
| #define HAVE_SYS_SELECT_H 1
| #define HAVE_SYS_SENDFILE_H 1
| #define HAVE_SYS_SOCKET_H 1
| #define HAVE_SYS_STATVFS_H 1
| #define HAVE_SYS_STAT_H 1
| #define HAVE_SYS_SYSCALL_H 1
| #define HAVE_SYS_TIME_H 1
| #define HAVE_SYS_TIMES_H 1
| #define HAVE_SYS_TYPES_H 1
| #define HAVE_SYS_UIO_H 1
| #define HAVE_SYS_UN_H 1
| #define HAVE_SYS_UTSNAME_H 1
| #define HAVE_SYS_WAIT_H 1
| #define HAVE_PTY_H 1
| #define HAVE_SYS_RESOURCE_H 1
| #define HAVE_NETPACKET_PACKET_H 1
| #define HAVE_SYSEXITS_H 1
| #define HAVE_LINUX_TIPC_H 1
| #define HAVE_LINUX_RANDOM_H 1
| #define HAVE_SPAWN_H 1
| #define HAVE_ALLOCA_H 1
| #define HAVE_ENDIAN_H 1
| #define HAVE_SYS_ENDIAN_H 1
| #define HAVE_SYS_SYSMACROS_H 1
| #define HAVE_LINUX_MEMFD_H 1
| #define HAVE_LINUX_WAIT_H 1
| #define HAVE_SYS_MMAN_H 1
| #define HAVE_DIRENT_H 1
| #define MAJOR_IN_SYSMACROS 1
| /* end confdefs.h.  */
| #include <stdio.h>
| #ifdef HAVE_SYS_TYPES_H
| # include <sys/types.h>
| #endif
| #ifdef HAVE_SYS_STAT_H
| # include <sys/stat.h>
| #endif
| #ifdef STDC_HEADERS
| # include <stdlib.h>
| # include <stddef.h>
| #else
| # ifdef HAVE_STDLIB_H
| #  include <stdlib.h>
| # endif
| #endif
| #ifdef HAVE_STRING_H
| # if !defined STDC_HEADERS && defined HAVE_MEMORY_H
| #  include <memory.h>
| # endif
| # include <string.h>
| #endif
| #ifdef HAVE_STRINGS_H
| # include <strings.h>
| #endif
| #ifdef HAVE_INTTYPES_H
| # include <inttypes.h>
| #endif
| #ifdef HAVE_STDINT_H
| # include <stdint.h>
| #endif
| #ifdef HAVE_UNISTD_H
| # include <unistd.h>
| #endif
| #include <bluetooth/bluetooth.h>
configure:8240: result: no
configure:8240: checking bluetooth/bluetooth.h presence
configure:8240: gcc -E  conftest.c
conftest.c:78:10: fatal error: 'bluetooth/bluetooth.h' file not found
   78 | #include <bluetooth/bluetooth.h>
      |          ^~~~~~~~~~~~~~~~~~~~~~~
1 error generated.
configure:8240: $? = 1
configure: failed program was:
| /* confdefs.h */
| #define _GNU_SOURCE 1
| #define _NETBSD_SOURCE 1
| #define __BSD_VISIBLE 1
| #define _DARWIN_C_SOURCE 1
| #define _PYTHONFRAMEWORK ""
| #define _XOPEN_SOURCE 700
| #define _XOPEN_SOURCE_EXTENDED 1
| #define _POSIX_C_SOURCE 200809L
| #define STDC_HEADERS 1
| #define HAVE_SYS_TYPES_H 1
| #define HAVE_SYS_STAT_H 1
| #define HAVE_STDLIB_H 1
| #define HAVE_STRING_H 1
| #define HAVE_MEMORY_H 1
| #define HAVE_STRINGS_H 1
| #define HAVE_INTTYPES_H 1
| #define HAVE_STDINT_H 1
| #define HAVE_UNISTD_H 1
| #define __EXTENSIONS__ 1
| #define _ALL_SOURCE 1
| #define _GNU_SOURCE 1
| #define _POSIX_PTHREAD_SEMANTICS 1
| #define _TANDEM_SOURCE 1
| #define ANDROID_API_LEVEL 24
| #define STDC_HEADERS 1
| #define HAVE_ASM_TYPES_H 1
| #define HAVE_CRYPT_H 1
| #define HAVE_DLFCN_H 1
| #define HAVE_ERRNO_H 1
| #define HAVE_FCNTL_H 1
| #define HAVE_GRP_H 1
| #define HAVE_LANGINFO_H 1
| #define HAVE_LIBINTL_H 1
| #define HAVE_PTHREAD_H 1
| #define HAVE_SCHED_H 1
| #define HAVE_SIGNAL_H 1
| #define HAVE_TERMIOS_H 1
| #define HAVE_UTIME_H 1
| #define HAVE_POLL_H 1
| #define HAVE_SYS_EPOLL_H 1
| #define HAVE_SYS_POLL_H 1
| #define HAVE_SYS_XATTR_H 1
| #define HAVE_SYS_FILE_H 1
| #define HAVE_SYS_IOCTL_H 1
| #define HAVE_SYS_PARAM_H 1
| #define HAVE_SYS_RANDOM_H 1
| #define HAVE_SYS_SELECT_H 1
| #define HAVE_SYS_SENDFILE_H 1
| #define HAVE_SYS_SOCKET_H 1
| #define HAVE_SYS_STATVFS_H 1
| #define HAVE_SYS_STAT_H 1
| #define HAVE_SYS_SYSCALL_H 1
| #define HAVE_SYS_TIME_H 1
| #define HAVE_SYS_TIMES_H 1
| #define HAVE_SYS_TYPES_H 1
| #define HAVE_SYS_UIO_H 1
| #define HAVE_SYS_UN_H 1
| #define HAVE_SYS_UTSNAME_H 1
| #define HAVE_SYS_WAIT_H 1
| #define HAVE_PTY_H 1
| #define HAVE_SYS_RESOURCE_H 1
| #define HAVE_NETPACKET_PACKET_H 1
| #define HAVE_SYSEXITS_H 1
| #define HAVE_LINUX_TIPC_H 1
| #define HAVE_LINUX_RANDOM_H 1
| #define HAVE_SPAWN_H 1
| #define HAVE_ALLOCA_H 1
| #define HAVE_ENDIAN_H 1
| #define HAVE_SYS_ENDIAN_H 1
| #define HAVE_SYS_SYSMACROS_H 1
| #define HAVE_LINUX_MEMFD_H 1
| #define HAVE_LINUX_WAIT_H 1
| #define HAVE_SYS_MMAN_H 1
| #define HAVE_DIRENT_H 1
| #define MAJOR_IN_SYSMACROS 1
| /* end confdefs.h.  */
| #include <bluetooth/bluetooth.h>
configure:8240: result: no
configure:8240: checking for bluetooth/bluetooth.h
configure:8240: result: no
configure:8255: checking for net/if.h
configure:8255: gcc -c -I/data/data/com.termux/files/usr/include  conftest.c >&5
configure:8255: $? = 0
configure:8255: result: yes
configure:8282: checking for linux/netlink.h
configure:8282: gcc -c -I/data/data/com.termux/files/usr/include  conftest.c >&5
configure:8282: $? = 0
configure:8282: result: yes
configure:8304: checking for linux/qrtr.h
configure:8304: gcc -c -I/data/data/com.termux/files/usr/include  conftest.c >&5
configure:8304: $? = 0
configure:8304: result: yes
configure:8325: checking for linux/vm_sockets.h
configure:8325: gcc -c -I/data/data/com.termux/files/usr/include  conftest.c >&5
configure:8325: $? = 0
configure:8325: result: yes
configure:8345: checking for linux/can.h
configure:8345: gcc -c -I/data/data/com.termux/files/usr/include  conftest.c >&5
configure:8345: $? = 0
configure:8345: result: yes
configure:8345: checking for linux/can/bcm.h
configure:8345: gcc -c -I/data/data/com.termux/files/usr/include  conftest.c >&5
configure:8345: $? = 0
configure:8345: result: yes
configure:8345: checking for linux/can/j1939.h
configure:8345: gcc -c -I/data/data/com.termux/files/usr/include  conftest.c >&5
configure:8345: $? = 0
configure:8345: result: yes
configure:8345: checking for linux/can/raw.h
configure:8345: gcc -c -I/data/data/com.termux/files/usr/include  conftest.c >&5
configure:8345: $? = 0
configure:8345: result: yes
configure:8363: checking for clock_t in time.h
configure:8382: result: yes
configure:8385: checking for makedev
configure:8408: gcc -o conftest -I/data/data/com.termux/files/usr/include  -L/data/data/com.termux/files/usr/lib conftest.c  >&5
configure:8408: $? = 0
configure:8415: result: yes
configure:8424: checking for le64toh
configure:8445: gcc -o conftest -I/data/data/com.termux/files/usr/include  -L/data/data/com.termux/files/usr/lib conftest.c  >&5
conftest.c:98:12: warning: expression result unused [-Wunused-value]
   98 |    le64toh(1)
      |            ^
/data/data/com.termux/files/usr/include/sys/endian.h:103:28: note: expanded from macro 'le64toh'
  103 | #define le64toh(x) htole64(x)
      |                            ^
/data/data/com.termux/files/usr/include/sys/endian.h:87:21: note: expanded from macro 'htole64'
   87 | #define htole64(x) (x)
      |                     ^
1 warning generated.
configure:8445: $? = 0
configure:8452: result: yes
configure:8492: checking for mode_t
configure:8492: gcc -c -I/data/data/com.termux/files/usr/include  conftest.c >&5
configure:8492: $? = 0
configure:8492: gcc -c -I/data/data/com.termux/files/usr/include  conftest.c >&5
conftest.c:129:21: error: expected expression
  129 | if (sizeof ((mode_t)))
      |                     ^
1 error generated.
configure:8492: $? = 1
configure: failed program was:
| /* confdefs.h */
| #define _GNU_SOURCE 1
| #define _NETBSD_SOURCE 1
| #define __BSD_VISIBLE 1
| #define _DARWIN_C_SOURCE 1
| #define _PYTHONFRAMEWORK ""
| #define _XOPEN_SOURCE 700
| #define _XOPEN_SOURCE_EXTENDED 1
| #define _POSIX_C_SOURCE 200809L
| #define STDC_HEADERS 1
| #define HAVE_SYS_TYPES_H 1
| #define HAVE_SYS_STAT_H 1
| #define HAVE_STDLIB_H 1
| #define HAVE_STRING_H 1
| #define HAVE_MEMORY_H 1
| #define HAVE_STRINGS_H 1
| #define HAVE_INTTYPES_H 1
| #define HAVE_STDINT_H 1
| #define HAVE_UNISTD_H 1
| #define __EXTENSIONS__ 1
| #define _ALL_SOURCE 1
| #define _GNU_SOURCE 1
| #define _POSIX_PTHREAD_SEMANTICS 1
| #define _TANDEM_SOURCE 1
| #define ANDROID_API_LEVEL 24
| #define STDC_HEADERS 1
| #define HAVE_ASM_TYPES_H 1
| #define HAVE_CRYPT_H 1
| #define HAVE_DLFCN_H 1
| #define HAVE_ERRNO_H 1
| #define HAVE_FCNTL_H 1
| #define HAVE_GRP_H 1
| #define HAVE_LANGINFO_H 1
| #define HAVE_LIBINTL_H 1
| #define HAVE_PTHREAD_H 1
| #define HAVE_SCHED_H 1
| #define HAVE_SIGNAL_H 1
| #define HAVE_TERMIOS_H 1
| #define HAVE_UTIME_H 1
| #define HAVE_POLL_H 1
| #define HAVE_SYS_EPOLL_H 1
| #define HAVE_SYS_POLL_H 1
| #define HAVE_SYS_XATTR_H 1
| #define HAVE_SYS_FILE_H 1
| #define HAVE_SYS_IOCTL_H 1
| #define HAVE_SYS_PARAM_H 1
| #define HAVE_SYS_RANDOM_H 1
| #define HAVE_SYS_SELECT_H 1
| #define HAVE_SYS_SENDFILE_H 1
| #define HAVE_SYS_SOCKET_H 1
| #define HAVE_SYS_STATVFS_H 1
| #define HAVE_SYS_STAT_H 1
| #define HAVE_SYS_SYSCALL_H 1
| #define HAVE_SYS_TIME_H 1
| #define HAVE_SYS_TIMES_H 1
| #define HAVE_SYS_TYPES_H 1
| #define HAVE_SYS_UIO_H 1
| #define HAVE_SYS_UN_H 1
| #define HAVE_SYS_UTSNAME_H 1
| #define HAVE_SYS_WAIT_H 1
| #define HAVE_PTY_H 1
| #define HAVE_SYS_RESOURCE_H 1
| #define HAVE_NETPACKET_PACKET_H 1
| #define HAVE_SYSEXITS_H 1
| #define HAVE_LINUX_TIPC_H 1
| #define HAVE_LINUX_RANDOM_H 1
| #define HAVE_SPAWN_H 1
| #define HAVE_ALLOCA_H 1
| #define HAVE_ENDIAN_H 1
| #define HAVE_SYS_ENDIAN_H 1
| #define HAVE_SYS_SYSMACROS_H 1
| #define HAVE_LINUX_MEMFD_H 1
| #define HAVE_LINUX_WAIT_H 1
| #define HAVE_SYS_MMAN_H 1
| #define HAVE_DIRENT_H 1
| #define MAJOR_IN_SYSMACROS 1
| #define HAVE_NET_IF_H 1
| #define HAVE_LINUX_NETLINK_H 1
| #define HAVE_LINUX_QRTR_H 1
| #define HAVE_LINUX_VM_SOCKETS_H 1
| #define HAVE_LINUX_CAN_H 1
| #define HAVE_LINUX_CAN_BCM_H 1
| #define HAVE_LINUX_CAN_J1939_H 1
| #define HAVE_LINUX_CAN_RAW_H 1
| #define HAVE_MAKEDEV 1
| #define HAVE_HTOLE64 1
| #define _LARGEFILE_SOURCE 1
| #define _FILE_OFFSET_BITS 64
| #if defined(SCO_DS)
| #undef _OFF_T
| #endif
| /* end confdefs.h.  */
| #include <stdio.h>
| #ifdef HAVE_SYS_TYPES_H
| # include <sys/types.h>
| #endif
| #ifdef HAVE_SYS_STAT_H
| # include <sys/stat.h>
| #endif
| #ifdef STDC_HEADERS
| # include <stdlib.h>
| # include <stddef.h>
| #else
| # ifdef HAVE_STDLIB_H
| #  include <stdlib.h>
| # endif
| #endif
| #ifdef HAVE_STRING_H
| # if !defined STDC_HEADERS && defined HAVE_MEMORY_H
| #  include <memory.h>
| # endif
| # include <string.h>
| #endif
| #ifdef HAVE_STRINGS_H
| # include <strings.h>
| #endif
| #ifdef HAVE_INTTYPES_H
| # include <inttypes.h>
| #endif
| #ifdef HAVE_STDINT_H
| # include <stdint.h>
| #endif
| #ifdef HAVE_UNISTD_H
| # include <unistd.h>
| #endif
| int
| main ()
| {
| if (sizeof ((mode_t)))
| 	    return 0;
|   ;
|   return 0;
| }
configure:8492: result: yes
configure:8503: checking for off_t
configure:8503: gcc -c -I/data/data/com.termux/files/usr/include  conftest.c >&5
configure:8503: $? = 0
configure:8503: gcc -c -I/data/data/com.termux/files/usr/include  conftest.c >&5
conftest.c:129:20: error: expected expression
  129 | if (sizeof ((off_t)))
      |                    ^
1 error generated.
configure:8503: $? = 1
configure: failed program was:
| /* confdefs.h */
| #define _GNU_SOURCE 1
| #define _NETBSD_SOURCE 1
| #define __BSD_VISIBLE 1
| #define _DARWIN_C_SOURCE 1
| #define _PYTHONFRAMEWORK ""
| #define _XOPEN_SOURCE 700
| #define _XOPEN_SOURCE_EXTENDED 1
| #define _POSIX_C_SOURCE 200809L
| #define STDC_HEADERS 1
| #define HAVE_SYS_TYPES_H 1
| #define HAVE_SYS_STAT_H 1
| #define HAVE_STDLIB_H 1
| #define HAVE_STRING_H 1
| #define HAVE_MEMORY_H 1
| #define HAVE_STRINGS_H 1
| #define HAVE_INTTYPES_H 1
| #define HAVE_STDINT_H 1
| #define HAVE_UNISTD_H 1
| #define __EXTENSIONS__ 1
| #define _ALL_SOURCE 1
| #define _GNU_SOURCE 1
| #define _POSIX_PTHREAD_SEMANTICS 1
| #define _TANDEM_SOURCE 1
| #define ANDROID_API_LEVEL 24
| #define STDC_HEADERS 1
| #define HAVE_ASM_TYPES_H 1
| #define HAVE_CRYPT_H 1
| #define HAVE_DLFCN_H 1
| #define HAVE_ERRNO_H 1
| #define HAVE_FCNTL_H 1
| #define HAVE_GRP_H 1
| #define HAVE_LANGINFO_H 1
| #define HAVE_LIBINTL_H 1
| #define HAVE_PTHREAD_H 1
| #define HAVE_SCHED_H 1
| #define HAVE_SIGNAL_H 1
| #define HAVE_TERMIOS_H 1
| #define HAVE_UTIME_H 1
| #define HAVE_POLL_H 1
| #define HAVE_SYS_EPOLL_H 1
| #define HAVE_SYS_POLL_H 1
| #define HAVE_SYS_XATTR_H 1
| #define HAVE_SYS_FILE_H 1
| #define HAVE_SYS_IOCTL_H 1
| #define HAVE_SYS_PARAM_H 1
| #define HAVE_SYS_RANDOM_H 1
| #define HAVE_SYS_SELECT_H 1
| #define HAVE_SYS_SENDFILE_H 1
| #define HAVE_SYS_SOCKET_H 1
| #define HAVE_SYS_STATVFS_H 1
| #define HAVE_SYS_STAT_H 1
| #define HAVE_SYS_SYSCALL_H 1
| #define HAVE_SYS_TIME_H 1
| #define HAVE_SYS_TIMES_H 1
| #define HAVE_SYS_TYPES_H 1
| #define HAVE_SYS_UIO_H 1
| #define HAVE_SYS_UN_H 1
| #define HAVE_SYS_UTSNAME_H 1
| #define HAVE_SYS_WAIT_H 1
| #define HAVE_PTY_H 1
| #define HAVE_SYS_RESOURCE_H 1
| #define HAVE_NETPACKET_PACKET_H 1
| #define HAVE_SYSEXITS_H 1
| #define HAVE_LINUX_TIPC_H 1
| #define HAVE_LINUX_RANDOM_H 1
| #define HAVE_SPAWN_H 1
| #define HAVE_ALLOCA_H 1
| #define HAVE_ENDIAN_H 1
| #define HAVE_SYS_ENDIAN_H 1
| #define HAVE_SYS_SYSMACROS_H 1
| #define HAVE_LINUX_MEMFD_H 1
| #define HAVE_LINUX_WAIT_H 1
| #define HAVE_SYS_MMAN_H 1
| #define HAVE_DIRENT_H 1
| #define MAJOR_IN_SYSMACROS 1
| #define HAVE_NET_IF_H 1
| #define HAVE_LINUX_NETLINK_H 1
| #define HAVE_LINUX_QRTR_H 1
| #define HAVE_LINUX_VM_SOCKETS_H 1
| #define HAVE_LINUX_CAN_H 1
| #define HAVE_LINUX_CAN_BCM_H 1
| #define HAVE_LINUX_CAN_J1939_H 1
| #define HAVE_LINUX_CAN_RAW_H 1
| #define HAVE_MAKEDEV 1
| #define HAVE_HTOLE64 1
| #define _LARGEFILE_SOURCE 1
| #define _FILE_OFFSET_BITS 64
| #if defined(SCO_DS)
| #undef _OFF_T
| #endif
| /* end confdefs.h.  */
| #include <stdio.h>
| #ifdef HAVE_SYS_TYPES_H
| # include <sys/types.h>
| #endif
| #ifdef HAVE_SYS_STAT_H
| # include <sys/stat.h>
| #endif
| #ifdef STDC_HEADERS
| # include <stdlib.h>
| # include <stddef.h>
| #else
| # ifdef HAVE_STDLIB_H
| #  include <stdlib.h>
| # endif
| #endif
| #ifdef HAVE_STRING_H
| # if !defined STDC_HEADERS && defined HAVE_MEMORY_H
| #  include <memory.h>
| # endif
| # include <string.h>
| #endif
| #ifdef HAVE_STRINGS_H
| # include <strings.h>
| #endif
| #ifdef HAVE_INTTYPES_H
| # include <inttypes.h>
| #endif
| #ifdef HAVE_STDINT_H
| # include <stdint.h>
| #endif
| #ifdef HAVE_UNISTD_H
| # include <unistd.h>
| #endif
| int
| main ()
| {
| if (sizeof ((off_t)))
| 	    return 0;
|   ;
|   return 0;
| }
configure:8503: result: yes
configure:8514: checking for pid_t
configure:8514: gcc -c -I/data/data/com.termux/files/usr/include  conftest.c >&5
configure:8514: $? = 0
configure:8514: gcc -c -I/data/data/com.termux/files/usr/include  conftest.c >&5
conftest.c:129:20: error: expected expression
  129 | if (sizeof ((pid_t)))
      |                    ^
1 error generated.
configure:8514: $? = 1
configure: failed program was:
| /* confdefs.h */
| #define _GNU_SOURCE 1
| #define _NETBSD_SOURCE 1
| #define __BSD_VISIBLE 1
| #define _DARWIN_C_SOURCE 1
| #define _PYTHONFRAMEWORK ""
| #define _XOPEN_SOURCE 700
| #define _XOPEN_SOURCE_EXTENDED 1
| #define _POSIX_C_SOURCE 200809L
| #define STDC_HEADERS 1
| #define HAVE_SYS_TYPES_H 1
| #define HAVE_SYS_STAT_H 1
| #define HAVE_STDLIB_H 1
| #define HAVE_STRING_H 1
| #define HAVE_MEMORY_H 1
| #define HAVE_STRINGS_H 1
| #define HAVE_INTTYPES_H 1
| #define HAVE_STDINT_H 1
| #define HAVE_UNISTD_H 1
| #define __EXTENSIONS__ 1
| #define _ALL_SOURCE 1
| #define _GNU_SOURCE 1
| #define _POSIX_PTHREAD_SEMANTICS 1
| #define _TANDEM_SOURCE 1
| #define ANDROID_API_LEVEL 24
| #define STDC_HEADERS 1
| #define HAVE_ASM_TYPES_H 1
| #define HAVE_CRYPT_H 1
| #define HAVE_DLFCN_H 1
| #define HAVE_ERRNO_H 1
| #define HAVE_FCNTL_H 1
| #define HAVE_GRP_H 1
| #define HAVE_LANGINFO_H 1
| #define HAVE_LIBINTL_H 1
| #define HAVE_PTHREAD_H 1
| #define HAVE_SCHED_H 1
| #define HAVE_SIGNAL_H 1
| #define HAVE_TERMIOS_H 1
| #define HAVE_UTIME_H 1
| #define HAVE_POLL_H 1
| #define HAVE_SYS_EPOLL_H 1
| #define HAVE_SYS_POLL_H 1
| #define HAVE_SYS_XATTR_H 1
| #define HAVE_SYS_FILE_H 1
| #define HAVE_SYS_IOCTL_H 1
| #define HAVE_SYS_PARAM_H 1
| #define HAVE_SYS_RANDOM_H 1
| #define HAVE_SYS_SELECT_H 1
| #define HAVE_SYS_SENDFILE_H 1
| #define HAVE_SYS_SOCKET_H 1
| #define HAVE_SYS_STATVFS_H 1
| #define HAVE_SYS_STAT_H 1
| #define HAVE_SYS_SYSCALL_H 1
| #define HAVE_SYS_TIME_H 1
| #define HAVE_SYS_TIMES_H 1
| #define HAVE_SYS_TYPES_H 1
| #define HAVE_SYS_UIO_H 1
| #define HAVE_SYS_UN_H 1
| #define HAVE_SYS_UTSNAME_H 1
| #define HAVE_SYS_WAIT_H 1
| #define HAVE_PTY_H 1
| #define HAVE_SYS_RESOURCE_H 1
| #define HAVE_NETPACKET_PACKET_H 1
| #define HAVE_SYSEXITS_H 1
| #define HAVE_LINUX_TIPC_H 1
| #define HAVE_LINUX_RANDOM_H 1
| #define HAVE_SPAWN_H 1
| #define HAVE_ALLOCA_H 1
| #define HAVE_ENDIAN_H 1
| #define HAVE_SYS_ENDIAN_H 1
| #define HAVE_SYS_SYSMACROS_H 1
| #define HAVE_LINUX_MEMFD_H 1
| #define HAVE_LINUX_WAIT_H 1
| #define HAVE_SYS_MMAN_H 1
| #define HAVE_DIRENT_H 1
| #define MAJOR_IN_SYSMACROS 1
| #define HAVE_NET_IF_H 1
| #define HAVE_LINUX_NETLINK_H 1
| #define HAVE_LINUX_QRTR_H 1
| #define HAVE_LINUX_VM_SOCKETS_H 1
| #define HAVE_LINUX_CAN_H 1
| #define HAVE_LINUX_CAN_BCM_H 1
| #define HAVE_LINUX_CAN_J1939_H 1
| #define HAVE_LINUX_CAN_RAW_H 1
| #define HAVE_MAKEDEV 1
| #define HAVE_HTOLE64 1
| #define _LARGEFILE_SOURCE 1
| #define _FILE_OFFSET_BITS 64
| #if defined(SCO_DS)
| #undef _OFF_T
| #endif
| /* end confdefs.h.  */
| #include <stdio.h>
| #ifdef HAVE_SYS_TYPES_H
| # include <sys/types.h>
| #endif
| #ifdef HAVE_SYS_STAT_H
| # include <sys/stat.h>
| #endif
| #ifdef STDC_HEADERS
| # include <stdlib.h>
| # include <stddef.h>
| #else
| # ifdef HAVE_STDLIB_H
| #  include <stdlib.h>
| # endif
| #endif
| #ifdef HAVE_STRING_H
| # if !defined STDC_HEADERS && defined HAVE_MEMORY_H
| #  include <memory.h>
| # endif
| # include <string.h>
| #endif
| #ifdef HAVE_STRINGS_H
| # include <strings.h>
| #endif
| #ifdef HAVE_INTTYPES_H
| # include <inttypes.h>
| #endif
| #ifdef HAVE_STDINT_H
| # include <stdint.h>
| #endif
| #ifdef HAVE_UNISTD_H
| # include <unistd.h>
| #endif
| int
| main ()
| {
| if (sizeof ((pid_t)))
| 	    return 0;
|   ;
|   return 0;
| }
configure:8514: result: yes
configure:8530: checking for size_t
configure:8530: gcc -c -I/data/data/com.termux/files/usr/include  conftest.c >&5
configure:8530: $? = 0
configure:8530: gcc -c -I/data/data/com.termux/files/usr/include  conftest.c >&5
conftest.c:130:21: error: expected expression
  130 | if (sizeof ((size_t)))
      |                     ^
1 error generated.
configure:8530: $? = 1
configure: failed program was:
| /* confdefs.h */
| #define _GNU_SOURCE 1
| #define _NETBSD_SOURCE 1
| #define __BSD_VISIBLE 1
| #define _DARWIN_C_SOURCE 1
| #define _PYTHONFRAMEWORK ""
| #define _XOPEN_SOURCE 700
| #define _XOPEN_SOURCE_EXTENDED 1
| #define _POSIX_C_SOURCE 200809L
| #define STDC_HEADERS 1
| #define HAVE_SYS_TYPES_H 1
| #define HAVE_SYS_STAT_H 1
| #define HAVE_STDLIB_H 1
| #define HAVE_STRING_H 1
| #define HAVE_MEMORY_H 1
| #define HAVE_STRINGS_H 1
| #define HAVE_INTTYPES_H 1
| #define HAVE_STDINT_H 1
| #define HAVE_UNISTD_H 1
| #define __EXTENSIONS__ 1
| #define _ALL_SOURCE 1
| #define _GNU_SOURCE 1
| #define _POSIX_PTHREAD_SEMANTICS 1
| #define _TANDEM_SOURCE 1
| #define ANDROID_API_LEVEL 24
| #define STDC_HEADERS 1
| #define HAVE_ASM_TYPES_H 1
| #define HAVE_CRYPT_H 1
| #define HAVE_DLFCN_H 1
| #define HAVE_ERRNO_H 1
| #define HAVE_FCNTL_H 1
| #define HAVE_GRP_H 1
| #define HAVE_LANGINFO_H 1
| #define HAVE_LIBINTL_H 1
| #define HAVE_PTHREAD_H 1
| #define HAVE_SCHED_H 1
| #define HAVE_SIGNAL_H 1
| #define HAVE_TERMIOS_H 1
| #define HAVE_UTIME_H 1
| #define HAVE_POLL_H 1
| #define HAVE_SYS_EPOLL_H 1
| #define HAVE_SYS_POLL_H 1
| #define HAVE_SYS_XATTR_H 1
| #define HAVE_SYS_FILE_H 1
| #define HAVE_SYS_IOCTL_H 1
| #define HAVE_SYS_PARAM_H 1
| #define HAVE_SYS_RANDOM_H 1
| #define HAVE_SYS_SELECT_H 1
| #define HAVE_SYS_SENDFILE_H 1
| #define HAVE_SYS_SOCKET_H 1
| #define HAVE_SYS_STATVFS_H 1
| #define HAVE_SYS_STAT_H 1
| #define HAVE_SYS_SYSCALL_H 1
| #define HAVE_SYS_TIME_H 1
| #define HAVE_SYS_TIMES_H 1
| #define HAVE_SYS_TYPES_H 1
| #define HAVE_SYS_UIO_H 1
| #define HAVE_SYS_UN_H 1
| #define HAVE_SYS_UTSNAME_H 1
| #define HAVE_SYS_WAIT_H 1
| #define HAVE_PTY_H 1
| #define HAVE_SYS_RESOURCE_H 1
| #define HAVE_NETPACKET_PACKET_H 1
| #define HAVE_SYSEXITS_H 1
| #define HAVE_LINUX_TIPC_H 1
| #define HAVE_LINUX_RANDOM_H 1
| #define HAVE_SPAWN_H 1
| #define HAVE_ALLOCA_H 1
| #define HAVE_ENDIAN_H 1
| #define HAVE_SYS_ENDIAN_H 1
| #define HAVE_SYS_SYSMACROS_H 1
| #define HAVE_LINUX_MEMFD_H 1
| #define HAVE_LINUX_WAIT_H 1
| #define HAVE_SYS_MMAN_H 1
| #define HAVE_DIRENT_H 1
| #define MAJOR_IN_SYSMACROS 1
| #define HAVE_NET_IF_H 1
| #define HAVE_LINUX_NETLINK_H 1
| #define HAVE_LINUX_QRTR_H 1
| #define HAVE_LINUX_VM_SOCKETS_H 1
| #define HAVE_LINUX_CAN_H 1
| #define HAVE_LINUX_CAN_BCM_H 1
| #define HAVE_LINUX_CAN_J1939_H 1
| #define HAVE_LINUX_CAN_RAW_H 1
| #define HAVE_MAKEDEV 1
| #define HAVE_HTOLE64 1
| #define _LARGEFILE_SOURCE 1
| #define _FILE_OFFSET_BITS 64
| #if defined(SCO_DS)
| #undef _OFF_T
| #endif
| #define RETSIGTYPE void
| /* end confdefs.h.  */
| #include <stdio.h>
| #ifdef HAVE_SYS_TYPES_H
| # include <sys/types.h>
| #endif
| #ifdef HAVE_SYS_STAT_H
| # include <sys/stat.h>
| #endif
| #ifdef STDC_HEADERS
| # include <stdlib.h>
| # include <stddef.h>
| #else
| # ifdef HAVE_STDLIB_H
| #  include <stdlib.h>
| # endif
| #endif
| #ifdef HAVE_STRING_H
| # if !defined STDC_HEADERS && defined HAVE_MEMORY_H
| #  include <memory.h>
| # endif
| # include <string.h>
| #endif
| #ifdef HAVE_STRINGS_H
| # include <strings.h>
| #endif
| #ifdef HAVE_INTTYPES_H
| # include <inttypes.h>
| #endif
| #ifdef HAVE_STDINT_H
| # include <stdint.h>
| #endif
| #ifdef HAVE_UNISTD_H
| # include <unistd.h>
| #endif
| int
| main ()
| {
| if (sizeof ((size_t)))
| 	    return 0;
|   ;
|   return 0;
| }
configure:8530: result: yes
configure:8541: checking for uid_t in sys/types.h
configure:8560: result: yes
configure:8572: checking for ssize_t
configure:8572: gcc -c -I/data/data/com.termux/files/usr/include  conftest.c >&5
configure:8572: $? = 0
configure:8572: gcc -c -I/data/data/com.termux/files/usr/include  conftest.c >&5
conftest.c:130:22: error: expected expression
  130 | if (sizeof ((ssize_t)))
      |                      ^
1 error generated.
configure:8572: $? = 1
configure: failed program was:
| /* confdefs.h */
| #define _GNU_SOURCE 1
| #define _NETBSD_SOURCE 1
| #define __BSD_VISIBLE 1
| #define _DARWIN_C_SOURCE 1
| #define _PYTHONFRAMEWORK ""
| #define _XOPEN_SOURCE 700
| #define _XOPEN_SOURCE_EXTENDED 1
| #define _POSIX_C_SOURCE 200809L
| #define STDC_HEADERS 1
| #define HAVE_SYS_TYPES_H 1
| #define HAVE_SYS_STAT_H 1
| #define HAVE_STDLIB_H 1
| #define HAVE_STRING_H 1
| #define HAVE_MEMORY_H 1
| #define HAVE_STRINGS_H 1
| #define HAVE_INTTYPES_H 1
| #define HAVE_STDINT_H 1
| #define HAVE_UNISTD_H 1
| #define __EXTENSIONS__ 1
| #define _ALL_SOURCE 1
| #define _GNU_SOURCE 1
| #define _POSIX_PTHREAD_SEMANTICS 1
| #define _TANDEM_SOURCE 1
| #define ANDROID_API_LEVEL 24
| #define STDC_HEADERS 1
| #define HAVE_ASM_TYPES_H 1
| #define HAVE_CRYPT_H 1
| #define HAVE_DLFCN_H 1
| #define HAVE_ERRNO_H 1
| #define HAVE_FCNTL_H 1
| #define HAVE_GRP_H 1
| #define HAVE_LANGINFO_H 1
| #define HAVE_LIBINTL_H 1
| #define HAVE_PTHREAD_H 1
| #define HAVE_SCHED_H 1
| #define HAVE_SIGNAL_H 1
| #define HAVE_TERMIOS_H 1
| #define HAVE_UTIME_H 1
| #define HAVE_POLL_H 1
| #define HAVE_SYS_EPOLL_H 1
| #define HAVE_SYS_POLL_H 1
| #define HAVE_SYS_XATTR_H 1
| #define HAVE_SYS_FILE_H 1
| #define HAVE_SYS_IOCTL_H 1
| #define HAVE_SYS_PARAM_H 1
| #define HAVE_SYS_RANDOM_H 1
| #define HAVE_SYS_SELECT_H 1
| #define HAVE_SYS_SENDFILE_H 1
| #define HAVE_SYS_SOCKET_H 1
| #define HAVE_SYS_STATVFS_H 1
| #define HAVE_SYS_STAT_H 1
| #define HAVE_SYS_SYSCALL_H 1
| #define HAVE_SYS_TIME_H 1
| #define HAVE_SYS_TIMES_H 1
| #define HAVE_SYS_TYPES_H 1
| #define HAVE_SYS_UIO_H 1
| #define HAVE_SYS_UN_H 1
| #define HAVE_SYS_UTSNAME_H 1
| #define HAVE_SYS_WAIT_H 1
| #define HAVE_PTY_H 1
| #define HAVE_SYS_RESOURCE_H 1
| #define HAVE_NETPACKET_PACKET_H 1
| #define HAVE_SYSEXITS_H 1
| #define HAVE_LINUX_TIPC_H 1
| #define HAVE_LINUX_RANDOM_H 1
| #define HAVE_SPAWN_H 1
| #define HAVE_ALLOCA_H 1
| #define HAVE_ENDIAN_H 1
| #define HAVE_SYS_ENDIAN_H 1
| #define HAVE_SYS_SYSMACROS_H 1
| #define HAVE_LINUX_MEMFD_H 1
| #define HAVE_LINUX_WAIT_H 1
| #define HAVE_SYS_MMAN_H 1
| #define HAVE_DIRENT_H 1
| #define MAJOR_IN_SYSMACROS 1
| #define HAVE_NET_IF_H 1
| #define HAVE_LINUX_NETLINK_H 1
| #define HAVE_LINUX_QRTR_H 1
| #define HAVE_LINUX_VM_SOCKETS_H 1
| #define HAVE_LINUX_CAN_H 1
| #define HAVE_LINUX_CAN_BCM_H 1
| #define HAVE_LINUX_CAN_J1939_H 1
| #define HAVE_LINUX_CAN_RAW_H 1
| #define HAVE_MAKEDEV 1
| #define HAVE_HTOLE64 1
| #define _LARGEFILE_SOURCE 1
| #define _FILE_OFFSET_BITS 64
| #if defined(SCO_DS)
| #undef _OFF_T
| #endif
| #define RETSIGTYPE void
| /* end confdefs.h.  */
| #include <stdio.h>
| #ifdef HAVE_SYS_TYPES_H
| # include <sys/types.h>
| #endif
| #ifdef HAVE_SYS_STAT_H
| # include <sys/stat.h>
| #endif
| #ifdef STDC_HEADERS
| # include <stdlib.h>
| # include <stddef.h>
| #else
| # ifdef HAVE_STDLIB_H
| #  include <stdlib.h>
| # endif
| #endif
| #ifdef HAVE_STRING_H
| # if !defined STDC_HEADERS && defined HAVE_MEMORY_H
| #  include <memory.h>
| # endif
| # include <string.h>
| #endif
| #ifdef HAVE_STRINGS_H
| # include <strings.h>
| #endif
| #ifdef HAVE_INTTYPES_H
| # include <inttypes.h>
| #endif
| #ifdef HAVE_STDINT_H
| # include <stdint.h>
| #endif
| #ifdef HAVE_UNISTD_H
| # include <unistd.h>
| #endif
| int
| main ()
| {
| if (sizeof ((ssize_t)))
| 	    return 0;
|   ;
|   return 0;
| }
configure:8572: result: yes
configure:8579: checking for __uint128_t
configure:8579: gcc -c -I/data/data/com.termux/files/usr/include  conftest.c >&5
configure:8579: $? = 0
configure:8579: gcc -c -I/data/data/com.termux/files/usr/include  conftest.c >&5
conftest.c:131:26: error: expected expression
  131 | if (sizeof ((__uint128_t)))
      |                          ^
1 error generated.
configure:8579: $? = 1
configure: failed program was:
| /* confdefs.h */
| #define _GNU_SOURCE 1
| #define _NETBSD_SOURCE 1
| #define __BSD_VISIBLE 1
| #define _DARWIN_C_SOURCE 1
| #define _PYTHONFRAMEWORK ""
| #define _XOPEN_SOURCE 700
| #define _XOPEN_SOURCE_EXTENDED 1
| #define _POSIX_C_SOURCE 200809L
| #define STDC_HEADERS 1
| #define HAVE_SYS_TYPES_H 1
| #define HAVE_SYS_STAT_H 1
| #define HAVE_STDLIB_H 1
| #define HAVE_STRING_H 1
| #define HAVE_MEMORY_H 1
| #define HAVE_STRINGS_H 1
| #define HAVE_INTTYPES_H 1
| #define HAVE_STDINT_H 1
| #define HAVE_UNISTD_H 1
| #define __EXTENSIONS__ 1
| #define _ALL_SOURCE 1
| #define _GNU_SOURCE 1
| #define _POSIX_PTHREAD_SEMANTICS 1
| #define _TANDEM_SOURCE 1
| #define ANDROID_API_LEVEL 24
| #define STDC_HEADERS 1
| #define HAVE_ASM_TYPES_H 1
| #define HAVE_CRYPT_H 1
| #define HAVE_DLFCN_H 1
| #define HAVE_ERRNO_H 1
| #define HAVE_FCNTL_H 1
| #define HAVE_GRP_H 1
| #define HAVE_LANGINFO_H 1
| #define HAVE_LIBINTL_H 1
| #define HAVE_PTHREAD_H 1
| #define HAVE_SCHED_H 1
| #define HAVE_SIGNAL_H 1
| #define HAVE_TERMIOS_H 1
| #define HAVE_UTIME_H 1
| #define HAVE_POLL_H 1
| #define HAVE_SYS_EPOLL_H 1
| #define HAVE_SYS_POLL_H 1
| #define HAVE_SYS_XATTR_H 1
| #define HAVE_SYS_FILE_H 1
| #define HAVE_SYS_IOCTL_H 1
| #define HAVE_SYS_PARAM_H 1
| #define HAVE_SYS_RANDOM_H 1
| #define HAVE_SYS_SELECT_H 1
| #define HAVE_SYS_SENDFILE_H 1
| #define HAVE_SYS_SOCKET_H 1
| #define HAVE_SYS_STATVFS_H 1
| #define HAVE_SYS_STAT_H 1
| #define HAVE_SYS_SYSCALL_H 1
| #define HAVE_SYS_TIME_H 1
| #define HAVE_SYS_TIMES_H 1
| #define HAVE_SYS_TYPES_H 1
| #define HAVE_SYS_UIO_H 1
| #define HAVE_SYS_UN_H 1
| #define HAVE_SYS_UTSNAME_H 1
| #define HAVE_SYS_WAIT_H 1
| #define HAVE_PTY_H 1
| #define HAVE_SYS_RESOURCE_H 1
| #define HAVE_NETPACKET_PACKET_H 1
| #define HAVE_SYSEXITS_H 1
| #define HAVE_LINUX_TIPC_H 1
| #define HAVE_LINUX_RANDOM_H 1
| #define HAVE_SPAWN_H 1
| #define HAVE_ALLOCA_H 1
| #define HAVE_ENDIAN_H 1
| #define HAVE_SYS_ENDIAN_H 1
| #define HAVE_SYS_SYSMACROS_H 1
| #define HAVE_LINUX_MEMFD_H 1
| #define HAVE_LINUX_WAIT_H 1
| #define HAVE_SYS_MMAN_H 1
| #define HAVE_DIRENT_H 1
| #define MAJOR_IN_SYSMACROS 1
| #define HAVE_NET_IF_H 1
| #define HAVE_LINUX_NETLINK_H 1
| #define HAVE_LINUX_QRTR_H 1
| #define HAVE_LINUX_VM_SOCKETS_H 1
| #define HAVE_LINUX_CAN_H 1
| #define HAVE_LINUX_CAN_BCM_H 1
| #define HAVE_LINUX_CAN_J1939_H 1
| #define HAVE_LINUX_CAN_RAW_H 1
| #define HAVE_MAKEDEV 1
| #define HAVE_HTOLE64 1
| #define _LARGEFILE_SOURCE 1
| #define _FILE_OFFSET_BITS 64
| #if defined(SCO_DS)
| #undef _OFF_T
| #endif
| #define RETSIGTYPE void
| #define HAVE_SSIZE_T 1
| /* end confdefs.h.  */
| #include <stdio.h>
| #ifdef HAVE_SYS_TYPES_H
| # include <sys/types.h>
| #endif
| #ifdef HAVE_SYS_STAT_H
| # include <sys/stat.h>
| #endif
| #ifdef STDC_HEADERS
| # include <stdlib.h>
| # include <stddef.h>
| #else
| # ifdef HAVE_STDLIB_H
| #  include <stdlib.h>
| # endif
| #endif
| #ifdef HAVE_STRING_H
| # if !defined STDC_HEADERS && defined HAVE_MEMORY_H
| #  include <memory.h>
| # endif
| # include <string.h>
| #endif
| #ifdef HAVE_STRINGS_H
| # include <strings.h>
| #endif
| #ifdef HAVE_INTTYPES_H
| # include <inttypes.h>
| #endif
| #ifdef HAVE_STDINT_H
| # include <stdint.h>
| #endif
| #ifdef HAVE_UNISTD_H
| # include <unistd.h>
| #endif
| int
| main ()
| {
| if (sizeof ((__uint128_t)))
| 	    return 0;
|   ;
|   return 0;
| }
configure:8579: result: yes
configure:8593: checking size of int
configure:8598: gcc -o conftest -I/data/data/com.termux/files/usr/include  -L/data/data/com.termux/files/usr/lib conftest.c  >&5
configure:8598: $? = 0
configure:8598: ./conftest
configure:8598: $? = 0
configure:8612: result: 4
configure:8626: checking size of long
configure:8631: gcc -o conftest -I/data/data/com.termux/files/usr/include  -L/data/data/com.termux/files/usr/lib conftest.c  >&5
configure:8631: $? = 0
configure:8631: ./conftest
configure:8631: $? = 0
configure:8645: result: 8
configure:8659: checking size of long long
configure:8664: gcc -o conftest -I/data/data/com.termux/files/usr/include  -L/data/data/com.termux/files/usr/lib conftest.c  >&5
configure:8664: $? = 0
configure:8664: ./conftest
configure:8664: $? = 0
configure:8678: result: 8
configure:8692: checking size of void *
configure:8697: gcc -o conftest -I/data/data/com.termux/files/usr/include  -L/data/data/com.termux/files/usr/lib conftest.c  >&5
configure:8697: $? = 0
configure:8697: ./conftest
configure:8697: $? = 0
configure:8711: result: 8
configure:8725: checking size of short
configure:8730: gcc -o conftest -I/data/data/com.termux/files/usr/include  -L/data/data/com.termux/files/usr/lib conftest.c  >&5
configure:8730: $? = 0
configure:8730: ./conftest
configure:8730: $? = 0
configure:8744: result: 2
configure:8758: checking size of float
configure:8763: gcc -o conftest -I/data/data/com.termux/files/usr/include  -L/data/data/com.termux/files/usr/lib conftest.c  >&5
configure:8763: $? = 0
configure:8763: ./conftest
configure:8763: $? = 0
configure:8777: result: 4
configure:8791: checking size of double
configure:8796: gcc -o conftest -I/data/data/com.termux/files/usr/include  -L/data/data/com.termux/files/usr/lib conftest.c  >&5
configure:8796: $? = 0
configure:8796: ./conftest
configure:8796: $? = 0
configure:8810: result: 8
configure:8824: checking size of fpos_t
configure:8829: gcc -o conftest -I/data/data/com.termux/files/usr/include  -L/data/data/com.termux/files/usr/lib conftest.c  >&5
configure:8829: $? = 0
configure:8829: ./conftest
configure:8829: $? = 0
configure:8843: result: 8
configure:8857: checking size of size_t
configure:8862: gcc -o conftest -I/data/data/com.termux/files/usr/include  -L/data/data/com.termux/files/usr/lib conftest.c  >&5
configure:8862: $? = 0
configure:8862: ./conftest
configure:8862: $? = 0
configure:8876: result: 8
configure:8890: checking size of pid_t
configure:8895: gcc -o conftest -I/data/data/com.termux/files/usr/include  -L/data/data/com.termux/files/usr/lib conftest.c  >&5
configure:8895: $? = 0
configure:8895: ./conftest
configure:8895: $? = 0
configure:8909: result: 4
configure:8923: checking size of uintptr_t
configure:8928: gcc -o conftest -I/data/data/com.termux/files/usr/include  -L/data/data/com.termux/files/usr/lib conftest.c  >&5
configure:8928: $? = 0
configure:8928: ./conftest
configure:8928: $? = 0
configure:8942: result: 8
configure:8954: checking for long double
configure:8987: result: yes
configure:8999: checking size of long double
configure:9004: gcc -o conftest -I/data/data/com.termux/files/usr/include  -L/data/data/com.termux/files/usr/lib conftest.c  >&5
configure:9004: $? = 0
configure:9004: ./conftest
configure:9004: $? = 0
configure:9018: result: 16
configure:9033: checking size of _Bool
configure:9038: gcc -o conftest -I/data/data/com.termux/files/usr/include  -L/data/data/com.termux/files/usr/lib conftest.c  >&5
configure:9038: $? = 0
configure:9038: ./conftest
configure:9038: $? = 0
configure:9052: result: 1
configure:9067: checking size of off_t
configure:9072: gcc -o conftest -I/data/data/com.termux/files/usr/include  -L/data/data/com.termux/files/usr/lib conftest.c  >&5
configure:9072: $? = 0
configure:9072: ./conftest
configure:9072: $? = 0
configure:9091: result: 8
configure:9102: checking whether to enable large file support
configure:9112: result: no
configure:9120: checking size of time_t
configure:9125: gcc -o conftest -I/data/data/com.termux/files/usr/include  -L/data/data/com.termux/files/usr/lib conftest.c  >&5
configure:9125: $? = 0
configure:9125: ./conftest
configure:9125: $? = 0
configure:9147: result: 8
configure:9168: checking for pthread_t
configure:9184: gcc -c -I/data/data/com.termux/files/usr/include  conftest.c >&5
conftest.c:117:18: warning: indirection of non-volatile null pointer will be deleted, not trap [-Wnull-dereference]
  117 | pthread_t x; x = *(pthread_t*)0;
      |                  ^~~~~~~~~~~~~~
conftest.c:117:18: note: consider using __builtin_trap() or qualifying pointer with 'volatile'
1 warning generated.
configure:9184: $? = 0
configure:9188: result: yes
configure:9195: checking size of pthread_t
configure:9200: gcc -o conftest -I/data/data/com.termux/files/usr/include  -L/data/data/com.termux/files/usr/lib conftest.c  >&5
configure:9200: $? = 0
configure:9200: ./conftest
configure:9200: $? = 0
configure:9219: result: 8
configure:9237: checking size of pthread_key_t
configure:9242: gcc -o conftest -I/data/data/com.termux/files/usr/include  -L/data/data/com.termux/files/usr/lib conftest.c  >&5
configure:9242: $? = 0
configure:9242: ./conftest
configure:9242: $? = 0
configure:9257: result: 4
configure:9267: checking whether pthread_key_t is compatible with int
configure:9281: gcc -c -I/data/data/com.termux/files/usr/include  conftest.c >&5
conftest.c:118:20: warning: expression result unused [-Wunused-value]
  118 | pthread_key_t k; k * 1;
      |                  ~ ^ ~
1 warning generated.
configure:9281: $? = 0
configure:9288: result: yes
configure:9392: checking for --enable-framework
configure:9409: result: no
configure:9413: checking for dyld
configure:9424: result: no
configure:9439: checking the extension of shared libraries
configure:9453: result: .so
configure:9460: checking LDSHARED
configure:9591: result: $(CC) -shared
configure:9597: checking CCSHARED
configure:9629: result: -fPIC
configure:9633: checking LINKFORSHARED
configure:9691: result: -Xlinker -export-dynamic
configure:9696: checking CFLAGSFORSHARED
configure:9709: result: 
configure:9721: checking SHLIBS
configure:9727: result: $(LIBS)
configure:9732: checking for sendfile in -lsendfile
configure:9757: gcc -o conftest -I/data/data/com.termux/files/usr/include  -L/data/data/com.termux/files/usr/lib conftest.c -lsendfile   >&5
ld.lld: error: unable to find library -lsendfile
gcc: error: linker command failed with exit code 1 (use -v to see invocation)
configure:9757: $? = 1
configure: failed program was:
| /* confdefs.h */
| #define _GNU_SOURCE 1
| #define _NETBSD_SOURCE 1
| #define __BSD_VISIBLE 1
| #define _DARWIN_C_SOURCE 1
| #define _PYTHONFRAMEWORK ""
| #define _XOPEN_SOURCE 700
| #define _XOPEN_SOURCE_EXTENDED 1
| #define _POSIX_C_SOURCE 200809L
| #define STDC_HEADERS 1
| #define HAVE_SYS_TYPES_H 1
| #define HAVE_SYS_STAT_H 1
| #define HAVE_STDLIB_H 1
| #define HAVE_STRING_H 1
| #define HAVE_MEMORY_H 1
| #define HAVE_STRINGS_H 1
| #define HAVE_INTTYPES_H 1
| #define HAVE_STDINT_H 1
| #define HAVE_UNISTD_H 1
| #define __EXTENSIONS__ 1
| #define _ALL_SOURCE 1
| #define _GNU_SOURCE 1
| #define _POSIX_PTHREAD_SEMANTICS 1
| #define _TANDEM_SOURCE 1
| #define ANDROID_API_LEVEL 24
| #define STDC_HEADERS 1
| #define HAVE_ASM_TYPES_H 1
| #define HAVE_CRYPT_H 1
| #define HAVE_DLFCN_H 1
| #define HAVE_ERRNO_H 1
| #define HAVE_FCNTL_H 1
| #define HAVE_GRP_H 1
| #define HAVE_LANGINFO_H 1
| #define HAVE_LIBINTL_H 1
| #define HAVE_PTHREAD_H 1
| #define HAVE_SCHED_H 1
| #define HAVE_SIGNAL_H 1
| #define HAVE_TERMIOS_H 1
| #define HAVE_UTIME_H 1
| #define HAVE_POLL_H 1
| #define HAVE_SYS_EPOLL_H 1
| #define HAVE_SYS_POLL_H 1
| #define HAVE_SYS_XATTR_H 1
| #define HAVE_SYS_FILE_H 1
| #define HAVE_SYS_IOCTL_H 1
| #define HAVE_SYS_PARAM_H 1
| #define HAVE_SYS_RANDOM_H 1
| #define HAVE_SYS_SELECT_H 1
| #define HAVE_SYS_SENDFILE_H 1
| #define HAVE_SYS_SOCKET_H 1
| #define HAVE_SYS_STATVFS_H 1
| #define HAVE_SYS_STAT_H 1
| #define HAVE_SYS_SYSCALL_H 1
| #define HAVE_SYS_TIME_H 1
| #define HAVE_SYS_TIMES_H 1
| #define HAVE_SYS_TYPES_H 1
| #define HAVE_SYS_UIO_H 1
| #define HAVE_SYS_UN_H 1
| #define HAVE_SYS_UTSNAME_H 1
| #define HAVE_SYS_WAIT_H 1
| #define HAVE_PTY_H 1
| #define HAVE_SYS_RESOURCE_H 1
| #define HAVE_NETPACKET_PACKET_H 1
| #define HAVE_SYSEXITS_H 1
| #define HAVE_LINUX_TIPC_H 1
| #define HAVE_LINUX_RANDOM_H 1
| #define HAVE_SPAWN_H 1
| #define HAVE_ALLOCA_H 1
| #define HAVE_ENDIAN_H 1
| #define HAVE_SYS_ENDIAN_H 1
| #define HAVE_SYS_SYSMACROS_H 1
| #define HAVE_LINUX_MEMFD_H 1
| #define HAVE_LINUX_WAIT_H 1
| #define HAVE_SYS_MMAN_H 1
| #define HAVE_DIRENT_H 1
| #define MAJOR_IN_SYSMACROS 1
| #define HAVE_NET_IF_H 1
| #define HAVE_LINUX_NETLINK_H 1
| #define HAVE_LINUX_QRTR_H 1
| #define HAVE_LINUX_VM_SOCKETS_H 1
| #define HAVE_LINUX_CAN_H 1
| #define HAVE_LINUX_CAN_BCM_H 1
| #define HAVE_LINUX_CAN_J1939_H 1
| #define HAVE_LINUX_CAN_RAW_H 1
| #define HAVE_MAKEDEV 1
| #define HAVE_HTOLE64 1
| #define _LARGEFILE_SOURCE 1
| #define _FILE_OFFSET_BITS 64
| #if defined(SCO_DS)
| #undef _OFF_T
| #endif
| #define RETSIGTYPE void
| #define HAVE_SSIZE_T 1
| #define HAVE_GCC_UINT128_T 1
| #define SIZEOF_INT 4
| #define SIZEOF_LONG 8
| #define SIZEOF_LONG_LONG 8
| #define SIZEOF_VOID_P 8
| #define SIZEOF_SHORT 2
| #define SIZEOF_FLOAT 4
| #define SIZEOF_DOUBLE 8
| #define SIZEOF_FPOS_T 8
| #define SIZEOF_SIZE_T 8
| #define SIZEOF_PID_T 4
| #define SIZEOF_UINTPTR_T 8
| #define HAVE_LONG_DOUBLE 1
| #define SIZEOF_LONG_DOUBLE 16
| #define SIZEOF__BOOL 1
| #define SIZEOF_OFF_T 8
| #define SIZEOF_TIME_T 8
| #define SIZEOF_PTHREAD_T 8
| #define SIZEOF_PTHREAD_KEY_T 4
| #define PTHREAD_KEY_T_IS_COMPATIBLE_WITH_INT 1
| /* end confdefs.h.  */
| 
| /* Override any GCC internal prototype to avoid an error.
|    Use char because int might match the return type of a GCC
|    builtin and then its argument prototype would still apply.  */
| #ifdef __cplusplus
| extern "C"
| #endif
| char sendfile ();
| int
| main ()
| {
| return sendfile ();
|   ;
|   return 0;
| }
configure:9766: result: no
configure:9777: checking for dlopen in -ldl
configure:9802: gcc -o conftest -I/data/data/com.termux/files/usr/include  -L/data/data/com.termux/files/usr/lib conftest.c -ldl   >&5
configure:9802: $? = 0
configure:9811: result: yes
configure:9822: checking for shl_load in -ldld
configure:9847: gcc -o conftest -I/data/data/com.termux/files/usr/include  -L/data/data/com.termux/files/usr/lib conftest.c -ldld  -ldl  >&5
ld.lld: error: unable to find library -ldld
gcc: error: linker command failed with exit code 1 (use -v to see invocation)
configure:9847: $? = 1
configure: failed program was:
| /* confdefs.h */
| #define _GNU_SOURCE 1
| #define _NETBSD_SOURCE 1
| #define __BSD_VISIBLE 1
| #define _DARWIN_C_SOURCE 1
| #define _PYTHONFRAMEWORK ""
| #define _XOPEN_SOURCE 700
| #define _XOPEN_SOURCE_EXTENDED 1
| #define _POSIX_C_SOURCE 200809L
| #define STDC_HEADERS 1
| #define HAVE_SYS_TYPES_H 1
| #define HAVE_SYS_STAT_H 1
| #define HAVE_STDLIB_H 1
| #define HAVE_STRING_H 1
| #define HAVE_MEMORY_H 1
| #define HAVE_STRINGS_H 1
| #define HAVE_INTTYPES_H 1
| #define HAVE_STDINT_H 1
| #define HAVE_UNISTD_H 1
| #define __EXTENSIONS__ 1
| #define _ALL_SOURCE 1
| #define _GNU_SOURCE 1
| #define _POSIX_PTHREAD_SEMANTICS 1
| #define _TANDEM_SOURCE 1
| #define ANDROID_API_LEVEL 24
| #define STDC_HEADERS 1
| #define HAVE_ASM_TYPES_H 1
| #define HAVE_CRYPT_H 1
| #define HAVE_DLFCN_H 1
| #define HAVE_ERRNO_H 1
| #define HAVE_FCNTL_H 1
| #define HAVE_GRP_H 1
| #define HAVE_LANGINFO_H 1
| #define HAVE_LIBINTL_H 1
| #define HAVE_PTHREAD_H 1
| #define HAVE_SCHED_H 1
| #define HAVE_SIGNAL_H 1
| #define HAVE_TERMIOS_H 1
| #define HAVE_UTIME_H 1
| #define HAVE_POLL_H 1
| #define HAVE_SYS_EPOLL_H 1
| #define HAVE_SYS_POLL_H 1
| #define HAVE_SYS_XATTR_H 1
| #define HAVE_SYS_FILE_H 1
| #define HAVE_SYS_IOCTL_H 1
| #define HAVE_SYS_PARAM_H 1
| #define HAVE_SYS_RANDOM_H 1
| #define HAVE_SYS_SELECT_H 1
| #define HAVE_SYS_SENDFILE_H 1
| #define HAVE_SYS_SOCKET_H 1
| #define HAVE_SYS_STATVFS_H 1
| #define HAVE_SYS_STAT_H 1
| #define HAVE_SYS_SYSCALL_H 1
| #define HAVE_SYS_TIME_H 1
| #define HAVE_SYS_TIMES_H 1
| #define HAVE_SYS_TYPES_H 1
| #define HAVE_SYS_UIO_H 1
| #define HAVE_SYS_UN_H 1
| #define HAVE_SYS_UTSNAME_H 1
| #define HAVE_SYS_WAIT_H 1
| #define HAVE_PTY_H 1
| #define HAVE_SYS_RESOURCE_H 1
| #define HAVE_NETPACKET_PACKET_H 1
| #define HAVE_SYSEXITS_H 1
| #define HAVE_LINUX_TIPC_H 1
| #define HAVE_LINUX_RANDOM_H 1
| #define HAVE_SPAWN_H 1
| #define HAVE_ALLOCA_H 1
| #define HAVE_ENDIAN_H 1
| #define HAVE_SYS_ENDIAN_H 1
| #define HAVE_SYS_SYSMACROS_H 1
| #define HAVE_LINUX_MEMFD_H 1
| #define HAVE_LINUX_WAIT_H 1
| #define HAVE_SYS_MMAN_H 1
| #define HAVE_DIRENT_H 1
| #define MAJOR_IN_SYSMACROS 1
| #define HAVE_NET_IF_H 1
| #define HAVE_LINUX_NETLINK_H 1
| #define HAVE_LINUX_QRTR_H 1
| #define HAVE_LINUX_VM_SOCKETS_H 1
| #define HAVE_LINUX_CAN_H 1
| #define HAVE_LINUX_CAN_BCM_H 1
| #define HAVE_LINUX_CAN_J1939_H 1
| #define HAVE_LINUX_CAN_RAW_H 1
| #define HAVE_MAKEDEV 1
| #define HAVE_HTOLE64 1
| #define _LARGEFILE_SOURCE 1
| #define _FILE_OFFSET_BITS 64
| #if defined(SCO_DS)
| #undef _OFF_T
| #endif
| #define RETSIGTYPE void
| #define HAVE_SSIZE_T 1
| #define HAVE_GCC_UINT128_T 1
| #define SIZEOF_INT 4
| #define SIZEOF_LONG 8
| #define SIZEOF_LONG_LONG 8
| #define SIZEOF_VOID_P 8
| #define SIZEOF_SHORT 2
| #define SIZEOF_FLOAT 4
| #define SIZEOF_DOUBLE 8
| #define SIZEOF_FPOS_T 8
| #define SIZEOF_SIZE_T 8
| #define SIZEOF_PID_T 4
| #define SIZEOF_UINTPTR_T 8
| #define HAVE_LONG_DOUBLE 1
| #define SIZEOF_LONG_DOUBLE 16
| #define SIZEOF__BOOL 1
| #define SIZEOF_OFF_T 8
| #define SIZEOF_TIME_T 8
| #define SIZEOF_PTHREAD_T 8
| #define SIZEOF_PTHREAD_KEY_T 4
| #define PTHREAD_KEY_T_IS_COMPATIBLE_WITH_INT 1
| #define HAVE_LIBDL 1
| /* end confdefs.h.  */
| 
| /* Override any GCC internal prototype to avoid an error.
|    Use char because int might match the return type of a GCC
|    builtin and then its argument prototype would still apply.  */
| #ifdef __cplusplus
| extern "C"
| #endif
| char shl_load ();
| int
| main ()
| {
| return shl_load ();
|   ;
|   return 0;
| }
configure:9856: result: no
configure:9872: checking uuid/uuid.h usability
configure:9872: gcc -c -I/data/data/com.termux/files/usr/include  conftest.c >&5
configure:9872: $? = 0
configure:9872: result: yes
configure:9872: checking uuid/uuid.h presence
configure:9872: gcc -E  conftest.c
configure:9872: $? = 0
configure:9872: result: yes
configure:9872: checking for uuid/uuid.h
configure:9872: result: yes
configure:9872: checking uuid.h usability
configure:9872: gcc -c -I/data/data/com.termux/files/usr/include  conftest.c >&5
conftest.c:150:10: fatal error: 'uuid.h' file not found
  150 | #include <uuid.h>
      |          ^~~~~~~~
1 error generated.
configure:9872: $? = 1
configure: failed program was:
| /* confdefs.h */
| #define _GNU_SOURCE 1
| #define _NETBSD_SOURCE 1
| #define __BSD_VISIBLE 1
| #define _DARWIN_C_SOURCE 1
| #define _PYTHONFRAMEWORK ""
| #define _XOPEN_SOURCE 700
| #define _XOPEN_SOURCE_EXTENDED 1
| #define _POSIX_C_SOURCE 200809L
| #define STDC_HEADERS 1
| #define HAVE_SYS_TYPES_H 1
| #define HAVE_SYS_STAT_H 1
| #define HAVE_STDLIB_H 1
| #define HAVE_STRING_H 1
| #define HAVE_MEMORY_H 1
| #define HAVE_STRINGS_H 1
| #define HAVE_INTTYPES_H 1
| #define HAVE_STDINT_H 1
| #define HAVE_UNISTD_H 1
| #define __EXTENSIONS__ 1
| #define _ALL_SOURCE 1
| #define _GNU_SOURCE 1
| #define _POSIX_PTHREAD_SEMANTICS 1
| #define _TANDEM_SOURCE 1
| #define ANDROID_API_LEVEL 24
| #define STDC_HEADERS 1
| #define HAVE_ASM_TYPES_H 1
| #define HAVE_CRYPT_H 1
| #define HAVE_DLFCN_H 1
| #define HAVE_ERRNO_H 1
| #define HAVE_FCNTL_H 1
| #define HAVE_GRP_H 1
| #define HAVE_LANGINFO_H 1
| #define HAVE_LIBINTL_H 1
| #define HAVE_PTHREAD_H 1
| #define HAVE_SCHED_H 1
| #define HAVE_SIGNAL_H 1
| #define HAVE_TERMIOS_H 1
| #define HAVE_UTIME_H 1
| #define HAVE_POLL_H 1
| #define HAVE_SYS_EPOLL_H 1
| #define HAVE_SYS_POLL_H 1
| #define HAVE_SYS_XATTR_H 1
| #define HAVE_SYS_FILE_H 1
| #define HAVE_SYS_IOCTL_H 1
| #define HAVE_SYS_PARAM_H 1
| #define HAVE_SYS_RANDOM_H 1
| #define HAVE_SYS_SELECT_H 1
| #define HAVE_SYS_SENDFILE_H 1
| #define HAVE_SYS_SOCKET_H 1
| #define HAVE_SYS_STATVFS_H 1
| #define HAVE_SYS_STAT_H 1
| #define HAVE_SYS_SYSCALL_H 1
| #define HAVE_SYS_TIME_H 1
| #define HAVE_SYS_TIMES_H 1
| #define HAVE_SYS_TYPES_H 1
| #define HAVE_SYS_UIO_H 1
| #define HAVE_SYS_UN_H 1
| #define HAVE_SYS_UTSNAME_H 1
| #define HAVE_SYS_WAIT_H 1
| #define HAVE_PTY_H 1
| #define HAVE_SYS_RESOURCE_H 1
| #define HAVE_NETPACKET_PACKET_H 1
| #define HAVE_SYSEXITS_H 1
| #define HAVE_LINUX_TIPC_H 1
| #define HAVE_LINUX_RANDOM_H 1
| #define HAVE_SPAWN_H 1
| #define HAVE_ALLOCA_H 1
| #define HAVE_ENDIAN_H 1
| #define HAVE_SYS_ENDIAN_H 1
| #define HAVE_SYS_SYSMACROS_H 1
| #define HAVE_LINUX_MEMFD_H 1
| #define HAVE_LINUX_WAIT_H 1
| #define HAVE_SYS_MMAN_H 1
| #define HAVE_DIRENT_H 1
| #define MAJOR_IN_SYSMACROS 1
| #define HAVE_NET_IF_H 1
| #define HAVE_LINUX_NETLINK_H 1
| #define HAVE_LINUX_QRTR_H 1
| #define HAVE_LINUX_VM_SOCKETS_H 1
| #define HAVE_LINUX_CAN_H 1
| #define HAVE_LINUX_CAN_BCM_H 1
| #define HAVE_LINUX_CAN_J1939_H 1
| #define HAVE_LINUX_CAN_RAW_H 1
| #define HAVE_MAKEDEV 1
| #define HAVE_HTOLE64 1
| #define _LARGEFILE_SOURCE 1
| #define _FILE_OFFSET_BITS 64
| #if defined(SCO_DS)
| #undef _OFF_T
| #endif
| #define RETSIGTYPE void
| #define HAVE_SSIZE_T 1
| #define HAVE_GCC_UINT128_T 1
| #define SIZEOF_INT 4
| #define SIZEOF_LONG 8
| #define SIZEOF_LONG_LONG 8
| #define SIZEOF_VOID_P 8
| #define SIZEOF_SHORT 2
| #define SIZEOF_FLOAT 4
| #define SIZEOF_DOUBLE 8
| #define SIZEOF_FPOS_T 8
| #define SIZEOF_SIZE_T 8
| #define SIZEOF_PID_T 4
| #define SIZEOF_UINTPTR_T 8
| #define HAVE_LONG_DOUBLE 1
| #define SIZEOF_LONG_DOUBLE 16
| #define SIZEOF__BOOL 1
| #define SIZEOF_OFF_T 8
| #define SIZEOF_TIME_T 8
| #define SIZEOF_PTHREAD_T 8
| #define SIZEOF_PTHREAD_KEY_T 4
| #define PTHREAD_KEY_T_IS_COMPATIBLE_WITH_INT 1
| #define HAVE_LIBDL 1
| #define HAVE_UUID_UUID_H 1
| /* end confdefs.h.  */
| #include <stdio.h>
| #ifdef HAVE_SYS_TYPES_H
| # include <sys/types.h>
| #endif
| #ifdef HAVE_SYS_STAT_H
| # include <sys/stat.h>
| #endif
| #ifdef STDC_HEADERS
| # include <stdlib.h>
| # include <stddef.h>
| #else
| # ifdef HAVE_STDLIB_H
| #  include <stdlib.h>
| # endif
| #endif
| #ifdef HAVE_STRING_H
| # if !defined STDC_HEADERS && defined HAVE_MEMORY_H
| #  include <memory.h>
| # endif
| # include <string.h>
| #endif
| #ifdef HAVE_STRINGS_H
| # include <strings.h>
| #endif
| #ifdef HAVE_INTTYPES_H
| # include <inttypes.h>
| #endif
| #ifdef HAVE_STDINT_H
| # include <stdint.h>
| #endif
| #ifdef HAVE_UNISTD_H
| # include <unistd.h>
| #endif
| #include <uuid.h>
configure:9872: result: no
configure:9872: checking uuid.h presence
configure:9872: gcc -E  conftest.c
conftest.c:117:10: fatal error: 'uuid.h' file not found
  117 | #include <uuid.h>
      |          ^~~~~~~~
1 error generated.
configure:9872: $? = 1
configure: failed program was:
| /* confdefs.h */
| #define _GNU_SOURCE 1
| #define _NETBSD_SOURCE 1
| #define __BSD_VISIBLE 1
| #define _DARWIN_C_SOURCE 1
| #define _PYTHONFRAMEWORK ""
| #define _XOPEN_SOURCE 700
| #define _XOPEN_SOURCE_EXTENDED 1
| #define _POSIX_C_SOURCE 200809L
| #define STDC_HEADERS 1
| #define HAVE_SYS_TYPES_H 1
| #define HAVE_SYS_STAT_H 1
| #define HAVE_STDLIB_H 1
| #define HAVE_STRING_H 1
| #define HAVE_MEMORY_H 1
| #define HAVE_STRINGS_H 1
| #define HAVE_INTTYPES_H 1
| #define HAVE_STDINT_H 1
| #define HAVE_UNISTD_H 1
| #define __EXTENSIONS__ 1
| #define _ALL_SOURCE 1
| #define _GNU_SOURCE 1
| #define _POSIX_PTHREAD_SEMANTICS 1
| #define _TANDEM_SOURCE 1
| #define ANDROID_API_LEVEL 24
| #define STDC_HEADERS 1
| #define HAVE_ASM_TYPES_H 1
| #define HAVE_CRYPT_H 1
| #define HAVE_DLFCN_H 1
| #define HAVE_ERRNO_H 1
| #define HAVE_FCNTL_H 1
| #define HAVE_GRP_H 1
| #define HAVE_LANGINFO_H 1
| #define HAVE_LIBINTL_H 1
| #define HAVE_PTHREAD_H 1
| #define HAVE_SCHED_H 1
| #define HAVE_SIGNAL_H 1
| #define HAVE_TERMIOS_H 1
| #define HAVE_UTIME_H 1
| #define HAVE_POLL_H 1
| #define HAVE_SYS_EPOLL_H 1
| #define HAVE_SYS_POLL_H 1
| #define HAVE_SYS_XATTR_H 1
| #define HAVE_SYS_FILE_H 1
| #define HAVE_SYS_IOCTL_H 1
| #define HAVE_SYS_PARAM_H 1
| #define HAVE_SYS_RANDOM_H 1
| #define HAVE_SYS_SELECT_H 1
| #define HAVE_SYS_SENDFILE_H 1
| #define HAVE_SYS_SOCKET_H 1
| #define HAVE_SYS_STATVFS_H 1
| #define HAVE_SYS_STAT_H 1
| #define HAVE_SYS_SYSCALL_H 1
| #define HAVE_SYS_TIME_H 1
| #define HAVE_SYS_TIMES_H 1
| #define HAVE_SYS_TYPES_H 1
| #define HAVE_SYS_UIO_H 1
| #define HAVE_SYS_UN_H 1
| #define HAVE_SYS_UTSNAME_H 1
| #define HAVE_SYS_WAIT_H 1
| #define HAVE_PTY_H 1
| #define HAVE_SYS_RESOURCE_H 1
| #define HAVE_NETPACKET_PACKET_H 1
| #define HAVE_SYSEXITS_H 1
| #define HAVE_LINUX_TIPC_H 1
| #define HAVE_LINUX_RANDOM_H 1
| #define HAVE_SPAWN_H 1
| #define HAVE_ALLOCA_H 1
| #define HAVE_ENDIAN_H 1
| #define HAVE_SYS_ENDIAN_H 1
| #define HAVE_SYS_SYSMACROS_H 1
| #define HAVE_LINUX_MEMFD_H 1
| #define HAVE_LINUX_WAIT_H 1
| #define HAVE_SYS_MMAN_H 1
| #define HAVE_DIRENT_H 1
| #define MAJOR_IN_SYSMACROS 1
| #define HAVE_NET_IF_H 1
| #define HAVE_LINUX_NETLINK_H 1
| #define HAVE_LINUX_QRTR_H 1
| #define HAVE_LINUX_VM_SOCKETS_H 1
| #define HAVE_LINUX_CAN_H 1
| #define HAVE_LINUX_CAN_BCM_H 1
| #define HAVE_LINUX_CAN_J1939_H 1
| #define HAVE_LINUX_CAN_RAW_H 1
| #define HAVE_MAKEDEV 1
| #define HAVE_HTOLE64 1
| #define _LARGEFILE_SOURCE 1
| #define _FILE_OFFSET_BITS 64
| #if defined(SCO_DS)
| #undef _OFF_T
| #endif
| #define RETSIGTYPE void
| #define HAVE_SSIZE_T 1
| #define HAVE_GCC_UINT128_T 1
| #define SIZEOF_INT 4
| #define SIZEOF_LONG 8
| #define SIZEOF_LONG_LONG 8
| #define SIZEOF_VOID_P 8
| #define SIZEOF_SHORT 2
| #define SIZEOF_FLOAT 4
| #define SIZEOF_DOUBLE 8
| #define SIZEOF_FPOS_T 8
| #define SIZEOF_SIZE_T 8
| #define SIZEOF_PID_T 4
| #define SIZEOF_UINTPTR_T 8
| #define HAVE_LONG_DOUBLE 1
| #define SIZEOF_LONG_DOUBLE 16
| #define SIZEOF__BOOL 1
| #define SIZEOF_OFF_T 8
| #define SIZEOF_TIME_T 8
| #define SIZEOF_PTHREAD_T 8
| #define SIZEOF_PTHREAD_KEY_T 4
| #define PTHREAD_KEY_T_IS_COMPATIBLE_WITH_INT 1
| #define HAVE_LIBDL 1
| #define HAVE_UUID_UUID_H 1
| /* end confdefs.h.  */
| #include <uuid.h>
configure:9872: result: no
configure:9872: checking for uuid.h
configure:9872: result: no
configure:9883: checking for uuid_generate_time_safe
configure:9900: gcc -c -I/data/data/com.termux/files/usr/include  conftest.c >&5
configure:9900: $? = 0
configure:9904: result: yes
configure:9915: checking for uuid_create
configure:9932: gcc -c -I/data/data/com.termux/files/usr/include  conftest.c >&5
conftest.c:118:10: fatal error: 'uuid.h' file not found
  118 | #include <uuid.h>
      |          ^~~~~~~~
1 error generated.
configure:9932: $? = 1
configure: failed program was:
| /* confdefs.h */
| #define _GNU_SOURCE 1
| #define _NETBSD_SOURCE 1
| #define __BSD_VISIBLE 1
| #define _DARWIN_C_SOURCE 1
| #define _PYTHONFRAMEWORK ""
| #define _XOPEN_SOURCE 700
| #define _XOPEN_SOURCE_EXTENDED 1
| #define _POSIX_C_SOURCE 200809L
| #define STDC_HEADERS 1
| #define HAVE_SYS_TYPES_H 1
| #define HAVE_SYS_STAT_H 1
| #define HAVE_STDLIB_H 1
| #define HAVE_STRING_H 1
| #define HAVE_MEMORY_H 1
| #define HAVE_STRINGS_H 1
| #define HAVE_INTTYPES_H 1
| #define HAVE_STDINT_H 1
| #define HAVE_UNISTD_H 1
| #define __EXTENSIONS__ 1
| #define _ALL_SOURCE 1
| #define _GNU_SOURCE 1
| #define _POSIX_PTHREAD_SEMANTICS 1
| #define _TANDEM_SOURCE 1
| #define ANDROID_API_LEVEL 24
| #define STDC_HEADERS 1
| #define HAVE_ASM_TYPES_H 1
| #define HAVE_CRYPT_H 1
| #define HAVE_DLFCN_H 1
| #define HAVE_ERRNO_H 1
| #define HAVE_FCNTL_H 1
| #define HAVE_GRP_H 1
| #define HAVE_LANGINFO_H 1
| #define HAVE_LIBINTL_H 1
| #define HAVE_PTHREAD_H 1
| #define HAVE_SCHED_H 1
| #define HAVE_SIGNAL_H 1
| #define HAVE_TERMIOS_H 1
| #define HAVE_UTIME_H 1
| #define HAVE_POLL_H 1
| #define HAVE_SYS_EPOLL_H 1
| #define HAVE_SYS_POLL_H 1
| #define HAVE_SYS_XATTR_H 1
| #define HAVE_SYS_FILE_H 1
| #define HAVE_SYS_IOCTL_H 1
| #define HAVE_SYS_PARAM_H 1
| #define HAVE_SYS_RANDOM_H 1
| #define HAVE_SYS_SELECT_H 1
| #define HAVE_SYS_SENDFILE_H 1
| #define HAVE_SYS_SOCKET_H 1
| #define HAVE_SYS_STATVFS_H 1
| #define HAVE_SYS_STAT_H 1
| #define HAVE_SYS_SYSCALL_H 1
| #define HAVE_SYS_TIME_H 1
| #define HAVE_SYS_TIMES_H 1
| #define HAVE_SYS_TYPES_H 1
| #define HAVE_SYS_UIO_H 1
| #define HAVE_SYS_UN_H 1
| #define HAVE_SYS_UTSNAME_H 1
| #define HAVE_SYS_WAIT_H 1
| #define HAVE_PTY_H 1
| #define HAVE_SYS_RESOURCE_H 1
| #define HAVE_NETPACKET_PACKET_H 1
| #define HAVE_SYSEXITS_H 1
| #define HAVE_LINUX_TIPC_H 1
| #define HAVE_LINUX_RANDOM_H 1
| #define HAVE_SPAWN_H 1
| #define HAVE_ALLOCA_H 1
| #define HAVE_ENDIAN_H 1
| #define HAVE_SYS_ENDIAN_H 1
| #define HAVE_SYS_SYSMACROS_H 1
| #define HAVE_LINUX_MEMFD_H 1
| #define HAVE_LINUX_WAIT_H 1
| #define HAVE_SYS_MMAN_H 1
| #define HAVE_DIRENT_H 1
| #define MAJOR_IN_SYSMACROS 1
| #define HAVE_NET_IF_H 1
| #define HAVE_LINUX_NETLINK_H 1
| #define HAVE_LINUX_QRTR_H 1
| #define HAVE_LINUX_VM_SOCKETS_H 1
| #define HAVE_LINUX_CAN_H 1
| #define HAVE_LINUX_CAN_BCM_H 1
| #define HAVE_LINUX_CAN_J1939_H 1
| #define HAVE_LINUX_CAN_RAW_H 1
| #define HAVE_MAKEDEV 1
| #define HAVE_HTOLE64 1
| #define _LARGEFILE_SOURCE 1
| #define _FILE_OFFSET_BITS 64
| #if defined(SCO_DS)
| #undef _OFF_T
| #endif
| #define RETSIGTYPE void
| #define HAVE_SSIZE_T 1
| #define HAVE_GCC_UINT128_T 1
| #define SIZEOF_INT 4
| #define SIZEOF_LONG 8
| #define SIZEOF_LONG_LONG 8
| #define SIZEOF_VOID_P 8
| #define SIZEOF_SHORT 2
| #define SIZEOF_FLOAT 4
| #define SIZEOF_DOUBLE 8
| #define SIZEOF_FPOS_T 8
| #define SIZEOF_SIZE_T 8
| #define SIZEOF_PID_T 4
| #define SIZEOF_UINTPTR_T 8
| #define HAVE_LONG_DOUBLE 1
| #define SIZEOF_LONG_DOUBLE 16
| #define SIZEOF__BOOL 1
| #define SIZEOF_OFF_T 8
| #define SIZEOF_TIME_T 8
| #define SIZEOF_PTHREAD_T 8
| #define SIZEOF_PTHREAD_KEY_T 4
| #define PTHREAD_KEY_T_IS_COMPATIBLE_WITH_INT 1
| #define HAVE_LIBDL 1
| #define HAVE_UUID_UUID_H 1
| #define HAVE_UUID_GENERATE_TIME_SAFE 1
| /* end confdefs.h.  */
| #include <uuid.h>
| int
| main ()
| {
| 
| #ifndef uuid_create
| void *x = uuid_create
| #endif
| 
|   ;
|   return 0;
| }
configure:9939: result: no
configure:9947: checking for uuid_enc_be
configure:9964: gcc -c -I/data/data/com.termux/files/usr/include  conftest.c >&5
conftest.c:118:10: fatal error: 'uuid.h' file not found
  118 | #include <uuid.h>
      |          ^~~~~~~~
1 error generated.
configure:9964: $? = 1
configure: failed program was:
| /* confdefs.h */
| #define _GNU_SOURCE 1
| #define _NETBSD_SOURCE 1
| #define __BSD_VISIBLE 1
| #define _DARWIN_C_SOURCE 1
| #define _PYTHONFRAMEWORK ""
| #define _XOPEN_SOURCE 700
| #define _XOPEN_SOURCE_EXTENDED 1
| #define _POSIX_C_SOURCE 200809L
| #define STDC_HEADERS 1
| #define HAVE_SYS_TYPES_H 1
| #define HAVE_SYS_STAT_H 1
| #define HAVE_STDLIB_H 1
| #define HAVE_STRING_H 1
| #define HAVE_MEMORY_H 1
| #define HAVE_STRINGS_H 1
| #define HAVE_INTTYPES_H 1
| #define HAVE_STDINT_H 1
| #define HAVE_UNISTD_H 1
| #define __EXTENSIONS__ 1
| #define _ALL_SOURCE 1
| #define _GNU_SOURCE 1
| #define _POSIX_PTHREAD_SEMANTICS 1
| #define _TANDEM_SOURCE 1
| #define ANDROID_API_LEVEL 24
| #define STDC_HEADERS 1
| #define HAVE_ASM_TYPES_H 1
| #define HAVE_CRYPT_H 1
| #define HAVE_DLFCN_H 1
| #define HAVE_ERRNO_H 1
| #define HAVE_FCNTL_H 1
| #define HAVE_GRP_H 1
| #define HAVE_LANGINFO_H 1
| #define HAVE_LIBINTL_H 1
| #define HAVE_PTHREAD_H 1
| #define HAVE_SCHED_H 1
| #define HAVE_SIGNAL_H 1
| #define HAVE_TERMIOS_H 1
| #define HAVE_UTIME_H 1
| #define HAVE_POLL_H 1
| #define HAVE_SYS_EPOLL_H 1
| #define HAVE_SYS_POLL_H 1
| #define HAVE_SYS_XATTR_H 1
| #define HAVE_SYS_FILE_H 1
| #define HAVE_SYS_IOCTL_H 1
| #define HAVE_SYS_PARAM_H 1
| #define HAVE_SYS_RANDOM_H 1
| #define HAVE_SYS_SELECT_H 1
| #define HAVE_SYS_SENDFILE_H 1
| #define HAVE_SYS_SOCKET_H 1
| #define HAVE_SYS_STATVFS_H 1
| #define HAVE_SYS_STAT_H 1
| #define HAVE_SYS_SYSCALL_H 1
| #define HAVE_SYS_TIME_H 1
| #define HAVE_SYS_TIMES_H 1
| #define HAVE_SYS_TYPES_H 1
| #define HAVE_SYS_UIO_H 1
| #define HAVE_SYS_UN_H 1
| #define HAVE_SYS_UTSNAME_H 1
| #define HAVE_SYS_WAIT_H 1
| #define HAVE_PTY_H 1
| #define HAVE_SYS_RESOURCE_H 1
| #define HAVE_NETPACKET_PACKET_H 1
| #define HAVE_SYSEXITS_H 1
| #define HAVE_LINUX_TIPC_H 1
| #define HAVE_LINUX_RANDOM_H 1
| #define HAVE_SPAWN_H 1
| #define HAVE_ALLOCA_H 1
| #define HAVE_ENDIAN_H 1
| #define HAVE_SYS_ENDIAN_H 1
| #define HAVE_SYS_SYSMACROS_H 1
| #define HAVE_LINUX_MEMFD_H 1
| #define HAVE_LINUX_WAIT_H 1
| #define HAVE_SYS_MMAN_H 1
| #define HAVE_DIRENT_H 1
| #define MAJOR_IN_SYSMACROS 1
| #define HAVE_NET_IF_H 1
| #define HAVE_LINUX_NETLINK_H 1
| #define HAVE_LINUX_QRTR_H 1
| #define HAVE_LINUX_VM_SOCKETS_H 1
| #define HAVE_LINUX_CAN_H 1
| #define HAVE_LINUX_CAN_BCM_H 1
| #define HAVE_LINUX_CAN_J1939_H 1
| #define HAVE_LINUX_CAN_RAW_H 1
| #define HAVE_MAKEDEV 1
| #define HAVE_HTOLE64 1
| #define _LARGEFILE_SOURCE 1
| #define _FILE_OFFSET_BITS 64
| #if defined(SCO_DS)
| #undef _OFF_T
| #endif
| #define RETSIGTYPE void
| #define HAVE_SSIZE_T 1
| #define HAVE_GCC_UINT128_T 1
| #define SIZEOF_INT 4
| #define SIZEOF_LONG 8
| #define SIZEOF_LONG_LONG 8
| #define SIZEOF_VOID_P 8
| #define SIZEOF_SHORT 2
| #define SIZEOF_FLOAT 4
| #define SIZEOF_DOUBLE 8
| #define SIZEOF_FPOS_T 8
| #define SIZEOF_SIZE_T 8
| #define SIZEOF_PID_T 4
| #define SIZEOF_UINTPTR_T 8
| #define HAVE_LONG_DOUBLE 1
| #define SIZEOF_LONG_DOUBLE 16
| #define SIZEOF__BOOL 1
| #define SIZEOF_OFF_T 8
| #define SIZEOF_TIME_T 8
| #define SIZEOF_PTHREAD_T 8
| #define SIZEOF_PTHREAD_KEY_T 4
| #define PTHREAD_KEY_T_IS_COMPATIBLE_WITH_INT 1
| #define HAVE_LIBDL 1
| #define HAVE_UUID_UUID_H 1
| #define HAVE_UUID_GENERATE_TIME_SAFE 1
| /* end confdefs.h.  */
| #include <uuid.h>
| int
| main ()
| {
| 
| #ifndef uuid_enc_be
| void *x = uuid_enc_be
| #endif
| 
|   ;
|   return 0;
| }
configure:9971: result: no
configure:9980: checking for library containing sem_init
configure:10011: gcc -o conftest -I/data/data/com.termux/files/usr/include  -L/data/data/com.termux/files/usr/lib conftest.c -ldl  >&5
configure:10011: $? = 0
configure:10028: result: none required
configure:10038: checking for textdomain in -lintl
configure:10063: gcc -o conftest -I/data/data/com.termux/files/usr/include  -L/data/data/com.termux/files/usr/lib conftest.c -lintl  -ldl  >&5
ld.lld: error: unable to find library -lintl
gcc: error: linker command failed with exit code 1 (use -v to see invocation)
configure:10063: $? = 1
configure: failed program was:
| /* confdefs.h */
| #define _GNU_SOURCE 1
| #define _NETBSD_SOURCE 1
| #define __BSD_VISIBLE 1
| #define _DARWIN_C_SOURCE 1
| #define _PYTHONFRAMEWORK ""
| #define _XOPEN_SOURCE 700
| #define _XOPEN_SOURCE_EXTENDED 1
| #define _POSIX_C_SOURCE 200809L
| #define STDC_HEADERS 1
| #define HAVE_SYS_TYPES_H 1
| #define HAVE_SYS_STAT_H 1
| #define HAVE_STDLIB_H 1
| #define HAVE_STRING_H 1
| #define HAVE_MEMORY_H 1
| #define HAVE_STRINGS_H 1
| #define HAVE_INTTYPES_H 1
| #define HAVE_STDINT_H 1
| #define HAVE_UNISTD_H 1
| #define __EXTENSIONS__ 1
| #define _ALL_SOURCE 1
| #define _GNU_SOURCE 1
| #define _POSIX_PTHREAD_SEMANTICS 1
| #define _TANDEM_SOURCE 1
| #define ANDROID_API_LEVEL 24
| #define STDC_HEADERS 1
| #define HAVE_ASM_TYPES_H 1
| #define HAVE_CRYPT_H 1
| #define HAVE_DLFCN_H 1
| #define HAVE_ERRNO_H 1
| #define HAVE_FCNTL_H 1
| #define HAVE_GRP_H 1
| #define HAVE_LANGINFO_H 1
| #define HAVE_LIBINTL_H 1
| #define HAVE_PTHREAD_H 1
| #define HAVE_SCHED_H 1
| #define HAVE_SIGNAL_H 1
| #define HAVE_TERMIOS_H 1
| #define HAVE_UTIME_H 1
| #define HAVE_POLL_H 1
| #define HAVE_SYS_EPOLL_H 1
| #define HAVE_SYS_POLL_H 1
| #define HAVE_SYS_XATTR_H 1
| #define HAVE_SYS_FILE_H 1
| #define HAVE_SYS_IOCTL_H 1
| #define HAVE_SYS_PARAM_H 1
| #define HAVE_SYS_RANDOM_H 1
| #define HAVE_SYS_SELECT_H 1
| #define HAVE_SYS_SENDFILE_H 1
| #define HAVE_SYS_SOCKET_H 1
| #define HAVE_SYS_STATVFS_H 1
| #define HAVE_SYS_STAT_H 1
| #define HAVE_SYS_SYSCALL_H 1
| #define HAVE_SYS_TIME_H 1
| #define HAVE_SYS_TIMES_H 1
| #define HAVE_SYS_TYPES_H 1
| #define HAVE_SYS_UIO_H 1
| #define HAVE_SYS_UN_H 1
| #define HAVE_SYS_UTSNAME_H 1
| #define HAVE_SYS_WAIT_H 1
| #define HAVE_PTY_H 1
| #define HAVE_SYS_RESOURCE_H 1
| #define HAVE_NETPACKET_PACKET_H 1
| #define HAVE_SYSEXITS_H 1
| #define HAVE_LINUX_TIPC_H 1
| #define HAVE_LINUX_RANDOM_H 1
| #define HAVE_SPAWN_H 1
| #define HAVE_ALLOCA_H 1
| #define HAVE_ENDIAN_H 1
| #define HAVE_SYS_ENDIAN_H 1
| #define HAVE_SYS_SYSMACROS_H 1
| #define HAVE_LINUX_MEMFD_H 1
| #define HAVE_LINUX_WAIT_H 1
| #define HAVE_SYS_MMAN_H 1
| #define HAVE_DIRENT_H 1
| #define MAJOR_IN_SYSMACROS 1
| #define HAVE_NET_IF_H 1
| #define HAVE_LINUX_NETLINK_H 1
| #define HAVE_LINUX_QRTR_H 1
| #define HAVE_LINUX_VM_SOCKETS_H 1
| #define HAVE_LINUX_CAN_H 1
| #define HAVE_LINUX_CAN_BCM_H 1
| #define HAVE_LINUX_CAN_J1939_H 1
| #define HAVE_LINUX_CAN_RAW_H 1
| #define HAVE_MAKEDEV 1
| #define HAVE_HTOLE64 1
| #define _LARGEFILE_SOURCE 1
| #define _FILE_OFFSET_BITS 64
| #if defined(SCO_DS)
| #undef _OFF_T
| #endif
| #define RETSIGTYPE void
| #define HAVE_SSIZE_T 1
| #define HAVE_GCC_UINT128_T 1
| #define SIZEOF_INT 4
| #define SIZEOF_LONG 8
| #define SIZEOF_LONG_LONG 8
| #define SIZEOF_VOID_P 8
| #define SIZEOF_SHORT 2
| #define SIZEOF_FLOAT 4
| #define SIZEOF_DOUBLE 8
| #define SIZEOF_FPOS_T 8
| #define SIZEOF_SIZE_T 8
| #define SIZEOF_PID_T 4
| #define SIZEOF_UINTPTR_T 8
| #define HAVE_LONG_DOUBLE 1
| #define SIZEOF_LONG_DOUBLE 16
| #define SIZEOF__BOOL 1
| #define SIZEOF_OFF_T 8
| #define SIZEOF_TIME_T 8
| #define SIZEOF_PTHREAD_T 8
| #define SIZEOF_PTHREAD_KEY_T 4
| #define PTHREAD_KEY_T_IS_COMPATIBLE_WITH_INT 1
| #define HAVE_LIBDL 1
| #define HAVE_UUID_UUID_H 1
| #define HAVE_UUID_GENERATE_TIME_SAFE 1
| /* end confdefs.h.  */
| 
| /* Override any GCC internal prototype to avoid an error.
|    Use char because int might match the return type of a GCC
|    builtin and then its argument prototype would still apply.  */
| #ifdef __cplusplus
| extern "C"
| #endif
| char textdomain ();
| int
| main ()
| {
| return textdomain ();
|   ;
|   return 0;
| }
configure:10072: result: no
configure:10133: checking aligned memory access is required
configure:10157: gcc -o conftest -I/data/data/com.termux/files/usr/include  -L/data/data/com.termux/files/usr/lib conftest.c -ldl  >&5
configure:10157: $? = 0
configure:10157: ./conftest
configure:10157: $? = 0
configure:10169: result: no
configure:10180: checking for --with-hash-algorithm
configure:10203: result: default
configure:10223: checking for --with-tzpath
configure:10243: result: "/usr/share/zoneinfo:/usr/lib/zoneinfo:/usr/share/lib/zoneinfo:/etc/zoneinfo"
configure:10249: checking for --with-address-sanitizer
configure:10263: result: no
configure:10268: checking for --with-memory-sanitizer
configure:10282: result: no
configure:10287: checking for --with-undefined-behavior-sanitizer
configure:10299: result: no
configure:10305: checking for t_open in -lnsl
configure:10330: gcc -o conftest -I/data/data/com.termux/files/usr/include  -L/data/data/com.termux/files/usr/lib conftest.c -lnsl  -ldl  >&5
ld.lld: error: unable to find library -lnsl
gcc: error: linker command failed with exit code 1 (use -v to see invocation)
configure:10330: $? = 1
configure: failed program was:
| /* confdefs.h */
| #define _GNU_SOURCE 1
| #define _NETBSD_SOURCE 1
| #define __BSD_VISIBLE 1
| #define _DARWIN_C_SOURCE 1
| #define _PYTHONFRAMEWORK ""
| #define _XOPEN_SOURCE 700
| #define _XOPEN_SOURCE_EXTENDED 1
| #define _POSIX_C_SOURCE 200809L
| #define STDC_HEADERS 1
| #define HAVE_SYS_TYPES_H 1
| #define HAVE_SYS_STAT_H 1
| #define HAVE_STDLIB_H 1
| #define HAVE_STRING_H 1
| #define HAVE_MEMORY_H 1
| #define HAVE_STRINGS_H 1
| #define HAVE_INTTYPES_H 1
| #define HAVE_STDINT_H 1
| #define HAVE_UNISTD_H 1
| #define __EXTENSIONS__ 1
| #define _ALL_SOURCE 1
| #define _GNU_SOURCE 1
| #define _POSIX_PTHREAD_SEMANTICS 1
| #define _TANDEM_SOURCE 1
| #define ANDROID_API_LEVEL 24
| #define STDC_HEADERS 1
| #define HAVE_ASM_TYPES_H 1
| #define HAVE_CRYPT_H 1
| #define HAVE_DLFCN_H 1
| #define HAVE_ERRNO_H 1
| #define HAVE_FCNTL_H 1
| #define HAVE_GRP_H 1
| #define HAVE_LANGINFO_H 1
| #define HAVE_LIBINTL_H 1
| #define HAVE_PTHREAD_H 1
| #define HAVE_SCHED_H 1
| #define HAVE_SIGNAL_H 1
| #define HAVE_TERMIOS_H 1
| #define HAVE_UTIME_H 1
| #define HAVE_POLL_H 1
| #define HAVE_SYS_EPOLL_H 1
| #define HAVE_SYS_POLL_H 1
| #define HAVE_SYS_XATTR_H 1
| #define HAVE_SYS_FILE_H 1
| #define HAVE_SYS_IOCTL_H 1
| #define HAVE_SYS_PARAM_H 1
| #define HAVE_SYS_RANDOM_H 1
| #define HAVE_SYS_SELECT_H 1
| #define HAVE_SYS_SENDFILE_H 1
| #define HAVE_SYS_SOCKET_H 1
| #define HAVE_SYS_STATVFS_H 1
| #define HAVE_SYS_STAT_H 1
| #define HAVE_SYS_SYSCALL_H 1
| #define HAVE_SYS_TIME_H 1
| #define HAVE_SYS_TIMES_H 1
| #define HAVE_SYS_TYPES_H 1
| #define HAVE_SYS_UIO_H 1
| #define HAVE_SYS_UN_H 1
| #define HAVE_SYS_UTSNAME_H 1
| #define HAVE_SYS_WAIT_H 1
| #define HAVE_PTY_H 1
| #define HAVE_SYS_RESOURCE_H 1
| #define HAVE_NETPACKET_PACKET_H 1
| #define HAVE_SYSEXITS_H 1
| #define HAVE_LINUX_TIPC_H 1
| #define HAVE_LINUX_RANDOM_H 1
| #define HAVE_SPAWN_H 1
| #define HAVE_ALLOCA_H 1
| #define HAVE_ENDIAN_H 1
| #define HAVE_SYS_ENDIAN_H 1
| #define HAVE_SYS_SYSMACROS_H 1
| #define HAVE_LINUX_MEMFD_H 1
| #define HAVE_LINUX_WAIT_H 1
| #define HAVE_SYS_MMAN_H 1
| #define HAVE_DIRENT_H 1
| #define MAJOR_IN_SYSMACROS 1
| #define HAVE_NET_IF_H 1
| #define HAVE_LINUX_NETLINK_H 1
| #define HAVE_LINUX_QRTR_H 1
| #define HAVE_LINUX_VM_SOCKETS_H 1
| #define HAVE_LINUX_CAN_H 1
| #define HAVE_LINUX_CAN_BCM_H 1
| #define HAVE_LINUX_CAN_J1939_H 1
| #define HAVE_LINUX_CAN_RAW_H 1
| #define HAVE_MAKEDEV 1
| #define HAVE_HTOLE64 1
| #define _LARGEFILE_SOURCE 1
| #define _FILE_OFFSET_BITS 64
| #if defined(SCO_DS)
| #undef _OFF_T
| #endif
| #define RETSIGTYPE void
| #define HAVE_SSIZE_T 1
| #define HAVE_GCC_UINT128_T 1
| #define SIZEOF_INT 4
| #define SIZEOF_LONG 8
| #define SIZEOF_LONG_LONG 8
| #define SIZEOF_VOID_P 8
| #define SIZEOF_SHORT 2
| #define SIZEOF_FLOAT 4
| #define SIZEOF_DOUBLE 8
| #define SIZEOF_FPOS_T 8
| #define SIZEOF_SIZE_T 8
| #define SIZEOF_PID_T 4
| #define SIZEOF_UINTPTR_T 8
| #define HAVE_LONG_DOUBLE 1
| #define SIZEOF_LONG_DOUBLE 16
| #define SIZEOF__BOOL 1
| #define SIZEOF_OFF_T 8
| #define SIZEOF_TIME_T 8
| #define SIZEOF_PTHREAD_T 8
| #define SIZEOF_PTHREAD_KEY_T 4
| #define PTHREAD_KEY_T_IS_COMPATIBLE_WITH_INT 1
| #define HAVE_LIBDL 1
| #define HAVE_UUID_UUID_H 1
| #define HAVE_UUID_GENERATE_TIME_SAFE 1
| /* end confdefs.h.  */
| 
| /* Override any GCC internal prototype to avoid an error.
|    Use char because int might match the return type of a GCC
|    builtin and then its argument prototype would still apply.  */
| #ifdef __cplusplus
| extern "C"
| #endif
| char t_open ();
| int
| main ()
| {
| return t_open ();
|   ;
|   return 0;
| }
configure:10339: result: no
configure:10345: checking for socket in -lsocket
configure:10370: gcc -o conftest -I/data/data/com.termux/files/usr/include  -L/data/data/com.termux/files/usr/lib conftest.c -lsocket -ldl  -ldl  >&5
ld.lld: error: unable to find library -lsocket
gcc: error: linker command failed with exit code 1 (use -v to see invocation)
configure:10370: $? = 1
configure: failed program was:
| /* confdefs.h */
| #define _GNU_SOURCE 1
| #define _NETBSD_SOURCE 1
| #define __BSD_VISIBLE 1
| #define _DARWIN_C_SOURCE 1
| #define _PYTHONFRAMEWORK ""
| #define _XOPEN_SOURCE 700
| #define _XOPEN_SOURCE_EXTENDED 1
| #define _POSIX_C_SOURCE 200809L
| #define STDC_HEADERS 1
| #define HAVE_SYS_TYPES_H 1
| #define HAVE_SYS_STAT_H 1
| #define HAVE_STDLIB_H 1
| #define HAVE_STRING_H 1
| #define HAVE_MEMORY_H 1
| #define HAVE_STRINGS_H 1
| #define HAVE_INTTYPES_H 1
| #define HAVE_STDINT_H 1
| #define HAVE_UNISTD_H 1
| #define __EXTENSIONS__ 1
| #define _ALL_SOURCE 1
| #define _GNU_SOURCE 1
| #define _POSIX_PTHREAD_SEMANTICS 1
| #define _TANDEM_SOURCE 1
| #define ANDROID_API_LEVEL 24
| #define STDC_HEADERS 1
| #define HAVE_ASM_TYPES_H 1
| #define HAVE_CRYPT_H 1
| #define HAVE_DLFCN_H 1
| #define HAVE_ERRNO_H 1
| #define HAVE_FCNTL_H 1
| #define HAVE_GRP_H 1
| #define HAVE_LANGINFO_H 1
| #define HAVE_LIBINTL_H 1
| #define HAVE_PTHREAD_H 1
| #define HAVE_SCHED_H 1
| #define HAVE_SIGNAL_H 1
| #define HAVE_TERMIOS_H 1
| #define HAVE_UTIME_H 1
| #define HAVE_POLL_H 1
| #define HAVE_SYS_EPOLL_H 1
| #define HAVE_SYS_POLL_H 1
| #define HAVE_SYS_XATTR_H 1
| #define HAVE_SYS_FILE_H 1
| #define HAVE_SYS_IOCTL_H 1
| #define HAVE_SYS_PARAM_H 1
| #define HAVE_SYS_RANDOM_H 1
| #define HAVE_SYS_SELECT_H 1
| #define HAVE_SYS_SENDFILE_H 1
| #define HAVE_SYS_SOCKET_H 1
| #define HAVE_SYS_STATVFS_H 1
| #define HAVE_SYS_STAT_H 1
| #define HAVE_SYS_SYSCALL_H 1
| #define HAVE_SYS_TIME_H 1
| #define HAVE_SYS_TIMES_H 1
| #define HAVE_SYS_TYPES_H 1
| #define HAVE_SYS_UIO_H 1
| #define HAVE_SYS_UN_H 1
| #define HAVE_SYS_UTSNAME_H 1
| #define HAVE_SYS_WAIT_H 1
| #define HAVE_PTY_H 1
| #define HAVE_SYS_RESOURCE_H 1
| #define HAVE_NETPACKET_PACKET_H 1
| #define HAVE_SYSEXITS_H 1
| #define HAVE_LINUX_TIPC_H 1
| #define HAVE_LINUX_RANDOM_H 1
| #define HAVE_SPAWN_H 1
| #define HAVE_ALLOCA_H 1
| #define HAVE_ENDIAN_H 1
| #define HAVE_SYS_ENDIAN_H 1
| #define HAVE_SYS_SYSMACROS_H 1
| #define HAVE_LINUX_MEMFD_H 1
| #define HAVE_LINUX_WAIT_H 1
| #define HAVE_SYS_MMAN_H 1
| #define HAVE_DIRENT_H 1
| #define MAJOR_IN_SYSMACROS 1
| #define HAVE_NET_IF_H 1
| #define HAVE_LINUX_NETLINK_H 1
| #define HAVE_LINUX_QRTR_H 1
| #define HAVE_LINUX_VM_SOCKETS_H 1
| #define HAVE_LINUX_CAN_H 1
| #define HAVE_LINUX_CAN_BCM_H 1
| #define HAVE_LINUX_CAN_J1939_H 1
| #define HAVE_LINUX_CAN_RAW_H 1
| #define HAVE_MAKEDEV 1
| #define HAVE_HTOLE64 1
| #define _LARGEFILE_SOURCE 1
| #define _FILE_OFFSET_BITS 64
| #if defined(SCO_DS)
| #undef _OFF_T
| #endif
| #define RETSIGTYPE void
| #define HAVE_SSIZE_T 1
| #define HAVE_GCC_UINT128_T 1
| #define SIZEOF_INT 4
| #define SIZEOF_LONG 8
| #define SIZEOF_LONG_LONG 8
| #define SIZEOF_VOID_P 8
| #define SIZEOF_SHORT 2
| #define SIZEOF_FLOAT 4
| #define SIZEOF_DOUBLE 8
| #define SIZEOF_FPOS_T 8
| #define SIZEOF_SIZE_T 8
| #define SIZEOF_PID_T 4
| #define SIZEOF_UINTPTR_T 8
| #define HAVE_LONG_DOUBLE 1
| #define SIZEOF_LONG_DOUBLE 16
| #define SIZEOF__BOOL 1
| #define SIZEOF_OFF_T 8
| #define SIZEOF_TIME_T 8
| #define SIZEOF_PTHREAD_T 8
| #define SIZEOF_PTHREAD_KEY_T 4
| #define PTHREAD_KEY_T_IS_COMPATIBLE_WITH_INT 1
| #define HAVE_LIBDL 1
| #define HAVE_UUID_UUID_H 1
| #define HAVE_UUID_GENERATE_TIME_SAFE 1
| /* end confdefs.h.  */
| 
| /* Override any GCC internal prototype to avoid an error.
|    Use char because int might match the return type of a GCC
|    builtin and then its argument prototype would still apply.  */
| #ifdef __cplusplus
| extern "C"
| #endif
| char socket ();
| int
| main ()
| {
| return socket ();
|   ;
|   return 0;
| }
configure:10379: result: no
configure:10386: checking for --with-libs
configure:10397: result: no
configure:10456: checking for pkg-config
configure:10474: found /data/data/com.termux/files/usr/bin/pkg-config
configure:10486: result: /data/data/com.termux/files/usr/bin/pkg-config
configure:10511: checking pkg-config is at least version 0.9.0
configure:10514: result: yes
configure:10524: checking for --with-system-expat
configure:10535: result: no
configure:10539: checking for --with-system-ffi
configure:10563: result: yes
configure:10581: checking for --with-system-libmpdec
configure:10592: result: no
configure:10596: checking for --with-decimal-contextvar
configure:10614: result: yes
configure:10618: checking for --enable-loadable-sqlite-extensions
configure:10628: result: no
configure:10634: checking for --with-tcltk-includes
configure:10644: result: default
configure:10646: checking for --with-tcltk-libs
configure:10656: result: default
configure:10672: checking for --with-dbmliborder
configure:10691: result: 
configure:11056: checking if PTHREAD_SCOPE_SYSTEM is supported
configure:11081: gcc -o conftest -I/data/data/com.termux/files/usr/include  -L/data/data/com.termux/files/usr/lib conftest.c -ldl  >&5
conftest.c:126:7: error: type specifier missing, defaults to 'int'; ISO C99 and later do not support implicit int [-Wimplicit-int]
  126 |       main() {
      |       ^
      |       int
1 error generated.
configure:11081: $? = 1
configure: program exited with status 1
configure: failed program was:
| /* confdefs.h */
| #define _GNU_SOURCE 1
| #define _NETBSD_SOURCE 1
| #define __BSD_VISIBLE 1
| #define _DARWIN_C_SOURCE 1
| #define _PYTHONFRAMEWORK ""
| #define _XOPEN_SOURCE 700
| #define _XOPEN_SOURCE_EXTENDED 1
| #define _POSIX_C_SOURCE 200809L
| #define STDC_HEADERS 1
| #define HAVE_SYS_TYPES_H 1
| #define HAVE_SYS_STAT_H 1
| #define HAVE_STDLIB_H 1
| #define HAVE_STRING_H 1
| #define HAVE_MEMORY_H 1
| #define HAVE_STRINGS_H 1
| #define HAVE_INTTYPES_H 1
| #define HAVE_STDINT_H 1
| #define HAVE_UNISTD_H 1
| #define __EXTENSIONS__ 1
| #define _ALL_SOURCE 1
| #define _GNU_SOURCE 1
| #define _POSIX_PTHREAD_SEMANTICS 1
| #define _TANDEM_SOURCE 1
| #define ANDROID_API_LEVEL 24
| #define STDC_HEADERS 1
| #define HAVE_ASM_TYPES_H 1
| #define HAVE_CRYPT_H 1
| #define HAVE_DLFCN_H 1
| #define HAVE_ERRNO_H 1
| #define HAVE_FCNTL_H 1
| #define HAVE_GRP_H 1
| #define HAVE_LANGINFO_H 1
| #define HAVE_LIBINTL_H 1
| #define HAVE_PTHREAD_H 1
| #define HAVE_SCHED_H 1
| #define HAVE_SIGNAL_H 1
| #define HAVE_TERMIOS_H 1
| #define HAVE_UTIME_H 1
| #define HAVE_POLL_H 1
| #define HAVE_SYS_EPOLL_H 1
| #define HAVE_SYS_POLL_H 1
| #define HAVE_SYS_XATTR_H 1
| #define HAVE_SYS_FILE_H 1
| #define HAVE_SYS_IOCTL_H 1
| #define HAVE_SYS_PARAM_H 1
| #define HAVE_SYS_RANDOM_H 1
| #define HAVE_SYS_SELECT_H 1
| #define HAVE_SYS_SENDFILE_H 1
| #define HAVE_SYS_SOCKET_H 1
| #define HAVE_SYS_STATVFS_H 1
| #define HAVE_SYS_STAT_H 1
| #define HAVE_SYS_SYSCALL_H 1
| #define HAVE_SYS_TIME_H 1
| #define HAVE_SYS_TIMES_H 1
| #define HAVE_SYS_TYPES_H 1
| #define HAVE_SYS_UIO_H 1
| #define HAVE_SYS_UN_H 1
| #define HAVE_SYS_UTSNAME_H 1
| #define HAVE_SYS_WAIT_H 1
| #define HAVE_PTY_H 1
| #define HAVE_SYS_RESOURCE_H 1
| #define HAVE_NETPACKET_PACKET_H 1
| #define HAVE_SYSEXITS_H 1
| #define HAVE_LINUX_TIPC_H 1
| #define HAVE_LINUX_RANDOM_H 1
| #define HAVE_SPAWN_H 1
| #define HAVE_ALLOCA_H 1
| #define HAVE_ENDIAN_H 1
| #define HAVE_SYS_ENDIAN_H 1
| #define HAVE_SYS_SYSMACROS_H 1
| #define HAVE_LINUX_MEMFD_H 1
| #define HAVE_LINUX_WAIT_H 1
| #define HAVE_SYS_MMAN_H 1
| #define HAVE_DIRENT_H 1
| #define MAJOR_IN_SYSMACROS 1
| #define HAVE_NET_IF_H 1
| #define HAVE_LINUX_NETLINK_H 1
| #define HAVE_LINUX_QRTR_H 1
| #define HAVE_LINUX_VM_SOCKETS_H 1
| #define HAVE_LINUX_CAN_H 1
| #define HAVE_LINUX_CAN_BCM_H 1
| #define HAVE_LINUX_CAN_J1939_H 1
| #define HAVE_LINUX_CAN_RAW_H 1
| #define HAVE_MAKEDEV 1
| #define HAVE_HTOLE64 1
| #define _LARGEFILE_SOURCE 1
| #define _FILE_OFFSET_BITS 64
| #if defined(SCO_DS)
| #undef _OFF_T
| #endif
| #define RETSIGTYPE void
| #define HAVE_SSIZE_T 1
| #define HAVE_GCC_UINT128_T 1
| #define SIZEOF_INT 4
| #define SIZEOF_LONG 8
| #define SIZEOF_LONG_LONG 8
| #define SIZEOF_VOID_P 8
| #define SIZEOF_SHORT 2
| #define SIZEOF_FLOAT 4
| #define SIZEOF_DOUBLE 8
| #define SIZEOF_FPOS_T 8
| #define SIZEOF_SIZE_T 8
| #define SIZEOF_PID_T 4
| #define SIZEOF_UINTPTR_T 8
| #define HAVE_LONG_DOUBLE 1
| #define SIZEOF_LONG_DOUBLE 16
| #define SIZEOF__BOOL 1
| #define SIZEOF_OFF_T 8
| #define SIZEOF_TIME_T 8
| #define SIZEOF_PTHREAD_T 8
| #define SIZEOF_PTHREAD_KEY_T 4
| #define PTHREAD_KEY_T_IS_COMPATIBLE_WITH_INT 1
| #define HAVE_LIBDL 1
| #define HAVE_UUID_UUID_H 1
| #define HAVE_UUID_GENERATE_TIME_SAFE 1
| #define WITH_DECIMAL_CONTEXTVAR 1
| #define _REENTRANT 1
| /* end confdefs.h.  */
| 
|       #include <stdio.h>
|       #include <pthread.h>
|       void *foo(void *parm) {
|         return NULL;
|       }
|       main() {
|         pthread_attr_t attr;
|         pthread_t id;
|         if (pthread_attr_init(&attr)) return (-1);
|         if (pthread_attr_setscope(&attr, PTHREAD_SCOPE_SYSTEM)) return (-1);
|         if (pthread_create(&id, &attr, foo, NULL)) return (-1);
|         return (0);
|       }
configure:11093: result: no
configure:11102: checking for pthread_sigmask
configure:11102: gcc -o conftest -I/data/data/com.termux/files/usr/include  -L/data/data/com.termux/files/usr/lib conftest.c -ldl  >&5
configure:11102: $? = 0
configure:11102: result: yes
configure:11119: checking for pthread_getcpuclockid
configure:11119: gcc -o conftest -I/data/data/com.termux/files/usr/include  -L/data/data/com.termux/files/usr/lib conftest.c -ldl  >&5
configure:11119: $? = 0
configure:11119: result: yes
configure:11133: checking if --enable-ipv6 is specified
configure:11165: gcc -c -I/data/data/com.termux/files/usr/include  conftest.c >&5
configure:11165: $? = 0
configure:11167: result: yes
configure:11181: checking if RFC2553 API is available
configure:11198: gcc -c -I/data/data/com.termux/files/usr/include  conftest.c >&5
conftest.c:129:10: warning: expression result unused [-Wunused-value]
  129 |                             x.sin6_scope_id;
      |                             ~ ^~~~~~~~~~~~~
1 warning generated.
configure:11198: $? = 0
configure:11200: result: yes
configure:11227: checking ipv6 stack type
conftest.c:124:10: fatal error: '/usr/local/v6/include/sys/v6config.h' file not found
  124 | #include </usr/local/v6/include/sys/v6config.h>
      |          ^~~~~~~~~~~~~~~~~~~~~~~~~~~~~~~~~~~~~~
1 error generated.
configure:11360: result: unknown
configure:11380: checking for CAN_RAW_FD_FRAMES
configure:11394: gcc -c -I/data/data/com.termux/files/usr/include  conftest.c >&5
configure:11394: $? = 0
configure:11399: result: yes
configure:11410: checking for CAN_RAW_JOIN_FILTERS
configure:11424: gcc -c -I/data/data/com.termux/files/usr/include  conftest.c >&5
configure:11424: $? = 0
configure:11429: result: yes
configure:11441: checking for --with-doc-strings
configure:11459: result: yes
configure:11463: checking for --with-pymalloc
configure:11482: result: yes
configure:11486: checking for --with-c-locale-coercion
configure:11505: result: yes
configure:11509: checking for --with-valgrind
configure:11519: result: no
configure:11537: checking for --with-dtrace
configure:11547: result: no
configure:11639: checking for dlopen
configure:11639: gcc -o conftest -I/data/data/com.termux/files/usr/include  -L/data/data/com.termux/files/usr/lib conftest.c -ldl  >&5
configure:11639: $? = 0
configure:11639: result: yes
configure:11652: checking DYNLOADFILE
configure:11674: result: dynload_shlib.o
configure:11686: checking MACHDEP_OBJS
configure:11695: result: none
configure:11730: checking for alarm
configure:11730: gcc -o conftest -I/data/data/com.termux/files/usr/include  -L/data/data/com.termux/files/usr/lib conftest.c -ldl  >&5
configure:11730: $? = 0
configure:11730: result: yes
configure:11730: checking for accept4
configure:11730: gcc -o conftest -I/data/data/com.termux/files/usr/include  -L/data/data/com.termux/files/usr/lib conftest.c -ldl  >&5
configure:11730: $? = 0
configure:11730: result: yes
configure:11730: checking for setitimer
configure:11730: gcc -o conftest -I/data/data/com.termux/files/usr/include  -L/data/data/com.termux/files/usr/lib conftest.c -ldl  >&5
configure:11730: $? = 0
configure:11730: result: yes
configure:11730: checking for getitimer
configure:11730: gcc -o conftest -I/data/data/com.termux/files/usr/include  -L/data/data/com.termux/files/usr/lib conftest.c -ldl  >&5
configure:11730: $? = 0
configure:11730: result: yes
configure:11730: checking for bind_textdomain_codeset
configure:11730: gcc -o conftest -I/data/data/com.termux/files/usr/include  -L/data/data/com.termux/files/usr/lib conftest.c -ldl  >&5
ld.lld: error: undefined symbol: bind_textdomain_codeset
>>> referenced by conftest.c
>>>               /data/data/com.termux/files/usr/tmp/conftest-f8eed7.o:(main)
gcc: error: linker command failed with exit code 1 (use -v to see invocation)
configure:11730: $? = 1
configure: failed program was:
| /* confdefs.h */
| #define _GNU_SOURCE 1
| #define _NETBSD_SOURCE 1
| #define __BSD_VISIBLE 1
| #define _DARWIN_C_SOURCE 1
| #define _PYTHONFRAMEWORK ""
| #define _XOPEN_SOURCE 700
| #define _XOPEN_SOURCE_EXTENDED 1
| #define _POSIX_C_SOURCE 200809L
| #define STDC_HEADERS 1
| #define HAVE_SYS_TYPES_H 1
| #define HAVE_SYS_STAT_H 1
| #define HAVE_STDLIB_H 1
| #define HAVE_STRING_H 1
| #define HAVE_MEMORY_H 1
| #define HAVE_STRINGS_H 1
| #define HAVE_INTTYPES_H 1
| #define HAVE_STDINT_H 1
| #define HAVE_UNISTD_H 1
| #define __EXTENSIONS__ 1
| #define _ALL_SOURCE 1
| #define _GNU_SOURCE 1
| #define _POSIX_PTHREAD_SEMANTICS 1
| #define _TANDEM_SOURCE 1
| #define ANDROID_API_LEVEL 24
| #define STDC_HEADERS 1
| #define HAVE_ASM_TYPES_H 1
| #define HAVE_CRYPT_H 1
| #define HAVE_DLFCN_H 1
| #define HAVE_ERRNO_H 1
| #define HAVE_FCNTL_H 1
| #define HAVE_GRP_H 1
| #define HAVE_LANGINFO_H 1
| #define HAVE_LIBINTL_H 1
| #define HAVE_PTHREAD_H 1
| #define HAVE_SCHED_H 1
| #define HAVE_SIGNAL_H 1
| #define HAVE_TERMIOS_H 1
| #define HAVE_UTIME_H 1
| #define HAVE_POLL_H 1
| #define HAVE_SYS_EPOLL_H 1
| #define HAVE_SYS_POLL_H 1
| #define HAVE_SYS_XATTR_H 1
| #define HAVE_SYS_FILE_H 1
| #define HAVE_SYS_IOCTL_H 1
| #define HAVE_SYS_PARAM_H 1
| #define HAVE_SYS_RANDOM_H 1
| #define HAVE_SYS_SELECT_H 1
| #define HAVE_SYS_SENDFILE_H 1
| #define HAVE_SYS_SOCKET_H 1
| #define HAVE_SYS_STATVFS_H 1
| #define HAVE_SYS_STAT_H 1
| #define HAVE_SYS_SYSCALL_H 1
| #define HAVE_SYS_TIME_H 1
| #define HAVE_SYS_TIMES_H 1
| #define HAVE_SYS_TYPES_H 1
| #define HAVE_SYS_UIO_H 1
| #define HAVE_SYS_UN_H 1
| #define HAVE_SYS_UTSNAME_H 1
| #define HAVE_SYS_WAIT_H 1
| #define HAVE_PTY_H 1
| #define HAVE_SYS_RESOURCE_H 1
| #define HAVE_NETPACKET_PACKET_H 1
| #define HAVE_SYSEXITS_H 1
| #define HAVE_LINUX_TIPC_H 1
| #define HAVE_LINUX_RANDOM_H 1
| #define HAVE_SPAWN_H 1
| #define HAVE_ALLOCA_H 1
| #define HAVE_ENDIAN_H 1
| #define HAVE_SYS_ENDIAN_H 1
| #define HAVE_SYS_SYSMACROS_H 1
| #define HAVE_LINUX_MEMFD_H 1
| #define HAVE_LINUX_WAIT_H 1
| #define HAVE_SYS_MMAN_H 1
| #define HAVE_DIRENT_H 1
| #define MAJOR_IN_SYSMACROS 1
| #define HAVE_NET_IF_H 1
| #define HAVE_LINUX_NETLINK_H 1
| #define HAVE_LINUX_QRTR_H 1
| #define HAVE_LINUX_VM_SOCKETS_H 1
| #define HAVE_LINUX_CAN_H 1
| #define HAVE_LINUX_CAN_BCM_H 1
| #define HAVE_LINUX_CAN_J1939_H 1
| #define HAVE_LINUX_CAN_RAW_H 1
| #define HAVE_MAKEDEV 1
| #define HAVE_HTOLE64 1
| #define _LARGEFILE_SOURCE 1
| #define _FILE_OFFSET_BITS 64
| #if defined(SCO_DS)
| #undef _OFF_T
| #endif
| #define RETSIGTYPE void
| #define HAVE_SSIZE_T 1
| #define HAVE_GCC_UINT128_T 1
| #define SIZEOF_INT 4
| #define SIZEOF_LONG 8
| #define SIZEOF_LONG_LONG 8
| #define SIZEOF_VOID_P 8
| #define SIZEOF_SHORT 2
| #define SIZEOF_FLOAT 4
| #define SIZEOF_DOUBLE 8
| #define SIZEOF_FPOS_T 8
| #define SIZEOF_SIZE_T 8
| #define SIZEOF_PID_T 4
| #define SIZEOF_UINTPTR_T 8
| #define HAVE_LONG_DOUBLE 1
| #define SIZEOF_LONG_DOUBLE 16
| #define SIZEOF__BOOL 1
| #define SIZEOF_OFF_T 8
| #define SIZEOF_TIME_T 8
| #define SIZEOF_PTHREAD_T 8
| #define SIZEOF_PTHREAD_KEY_T 4
| #define PTHREAD_KEY_T_IS_COMPATIBLE_WITH_INT 1
| #define HAVE_LIBDL 1
| #define HAVE_UUID_UUID_H 1
| #define HAVE_UUID_GENERATE_TIME_SAFE 1
| #define WITH_DECIMAL_CONTEXTVAR 1
| #define _REENTRANT 1
| #define HAVE_PTHREAD_SIGMASK 1
| #define HAVE_PTHREAD_GETCPUCLOCKID 1
| #define ENABLE_IPV6 1
| #define HAVE_LINUX_CAN_RAW_FD_FRAMES 1
| #define HAVE_LINUX_CAN_RAW_JOIN_FILTERS 1
| #define WITH_DOC_STRINGS 1
| #define WITH_PYMALLOC 1
| #define PY_COERCE_C_LOCALE 1
| #define HAVE_DLOPEN 1
| #define HAVE_DYNAMIC_LOADING 1
| #define HAVE_ALARM 1
| #define HAVE_ACCEPT4 1
| #define HAVE_SETITIMER 1
| #define HAVE_GETITIMER 1
| /* end confdefs.h.  */
| /* Define bind_textdomain_codeset to an innocuous variant, in case <limits.h> declares bind_textdomain_codeset.
|    For example, HP-UX 11i <limits.h> declares gettimeofday.  */
| #define bind_textdomain_codeset innocuous_bind_textdomain_codeset
| 
| /* System header to define __stub macros and hopefully few prototypes,
|     which can conflict with char bind_textdomain_codeset (); below.
|     Prefer <limits.h> to <assert.h> if __STDC__ is defined, since
|     <limits.h> exists even on freestanding compilers.  */
| 
| #ifdef __STDC__
| # include <limits.h>
| #else
| # include <assert.h>
| #endif
| 
| #undef bind_textdomain_codeset
| 
| /* Override any GCC internal prototype to avoid an error.
|    Use char because int might match the return type of a GCC
|    builtin and then its argument prototype would still apply.  */
| #ifdef __cplusplus
| extern "C"
| #endif
| char bind_textdomain_codeset ();
| /* The GNU C library defines this for functions which it implements
|     to always fail with ENOSYS.  Some functions are actually named
|     something starting with __ and the normal name is an alias.  */
| #if defined __stub_bind_textdomain_codeset || defined __stub___bind_textdomain_codeset
| choke me
| #endif
| 
| int
| main ()
| {
| return bind_textdomain_codeset ();
|   ;
|   return 0;
| }
configure:11730: result: no
configure:11730: checking for chown
configure:11730: gcc -o conftest -I/data/data/com.termux/files/usr/include  -L/data/data/com.termux/files/usr/lib conftest.c -ldl  >&5
configure:11730: $? = 0
configure:11730: result: yes
configure:11730: checking for clock
configure:11730: gcc -o conftest -I/data/data/com.termux/files/usr/include  -L/data/data/com.termux/files/usr/lib conftest.c -ldl  >&5
configure:11730: $? = 0
configure:11730: result: yes
configure:11730: checking for confstr
configure:11730: gcc -o conftest -I/data/data/com.termux/files/usr/include  -L/data/data/com.termux/files/usr/lib conftest.c -ldl  >&5
ld.lld: error: undefined symbol: confstr
>>> referenced by conftest.c
>>>               /data/data/com.termux/files/usr/tmp/conftest-82975b.o:(main)
gcc: error: linker command failed with exit code 1 (use -v to see invocation)
configure:11730: $? = 1
configure: failed program was:
| /* confdefs.h */
| #define _GNU_SOURCE 1
| #define _NETBSD_SOURCE 1
| #define __BSD_VISIBLE 1
| #define _DARWIN_C_SOURCE 1
| #define _PYTHONFRAMEWORK ""
| #define _XOPEN_SOURCE 700
| #define _XOPEN_SOURCE_EXTENDED 1
| #define _POSIX_C_SOURCE 200809L
| #define STDC_HEADERS 1
| #define HAVE_SYS_TYPES_H 1
| #define HAVE_SYS_STAT_H 1
| #define HAVE_STDLIB_H 1
| #define HAVE_STRING_H 1
| #define HAVE_MEMORY_H 1
| #define HAVE_STRINGS_H 1
| #define HAVE_INTTYPES_H 1
| #define HAVE_STDINT_H 1
| #define HAVE_UNISTD_H 1
| #define __EXTENSIONS__ 1
| #define _ALL_SOURCE 1
| #define _GNU_SOURCE 1
| #define _POSIX_PTHREAD_SEMANTICS 1
| #define _TANDEM_SOURCE 1
| #define ANDROID_API_LEVEL 24
| #define STDC_HEADERS 1
| #define HAVE_ASM_TYPES_H 1
| #define HAVE_CRYPT_H 1
| #define HAVE_DLFCN_H 1
| #define HAVE_ERRNO_H 1
| #define HAVE_FCNTL_H 1
| #define HAVE_GRP_H 1
| #define HAVE_LANGINFO_H 1
| #define HAVE_LIBINTL_H 1
| #define HAVE_PTHREAD_H 1
| #define HAVE_SCHED_H 1
| #define HAVE_SIGNAL_H 1
| #define HAVE_TERMIOS_H 1
| #define HAVE_UTIME_H 1
| #define HAVE_POLL_H 1
| #define HAVE_SYS_EPOLL_H 1
| #define HAVE_SYS_POLL_H 1
| #define HAVE_SYS_XATTR_H 1
| #define HAVE_SYS_FILE_H 1
| #define HAVE_SYS_IOCTL_H 1
| #define HAVE_SYS_PARAM_H 1
| #define HAVE_SYS_RANDOM_H 1
| #define HAVE_SYS_SELECT_H 1
| #define HAVE_SYS_SENDFILE_H 1
| #define HAVE_SYS_SOCKET_H 1
| #define HAVE_SYS_STATVFS_H 1
| #define HAVE_SYS_STAT_H 1
| #define HAVE_SYS_SYSCALL_H 1
| #define HAVE_SYS_TIME_H 1
| #define HAVE_SYS_TIMES_H 1
| #define HAVE_SYS_TYPES_H 1
| #define HAVE_SYS_UIO_H 1
| #define HAVE_SYS_UN_H 1
| #define HAVE_SYS_UTSNAME_H 1
| #define HAVE_SYS_WAIT_H 1
| #define HAVE_PTY_H 1
| #define HAVE_SYS_RESOURCE_H 1
| #define HAVE_NETPACKET_PACKET_H 1
| #define HAVE_SYSEXITS_H 1
| #define HAVE_LINUX_TIPC_H 1
| #define HAVE_LINUX_RANDOM_H 1
| #define HAVE_SPAWN_H 1
| #define HAVE_ALLOCA_H 1
| #define HAVE_ENDIAN_H 1
| #define HAVE_SYS_ENDIAN_H 1
| #define HAVE_SYS_SYSMACROS_H 1
| #define HAVE_LINUX_MEMFD_H 1
| #define HAVE_LINUX_WAIT_H 1
| #define HAVE_SYS_MMAN_H 1
| #define HAVE_DIRENT_H 1
| #define MAJOR_IN_SYSMACROS 1
| #define HAVE_NET_IF_H 1
| #define HAVE_LINUX_NETLINK_H 1
| #define HAVE_LINUX_QRTR_H 1
| #define HAVE_LINUX_VM_SOCKETS_H 1
| #define HAVE_LINUX_CAN_H 1
| #define HAVE_LINUX_CAN_BCM_H 1
| #define HAVE_LINUX_CAN_J1939_H 1
| #define HAVE_LINUX_CAN_RAW_H 1
| #define HAVE_MAKEDEV 1
| #define HAVE_HTOLE64 1
| #define _LARGEFILE_SOURCE 1
| #define _FILE_OFFSET_BITS 64
| #if defined(SCO_DS)
| #undef _OFF_T
| #endif
| #define RETSIGTYPE void
| #define HAVE_SSIZE_T 1
| #define HAVE_GCC_UINT128_T 1
| #define SIZEOF_INT 4
| #define SIZEOF_LONG 8
| #define SIZEOF_LONG_LONG 8
| #define SIZEOF_VOID_P 8
| #define SIZEOF_SHORT 2
| #define SIZEOF_FLOAT 4
| #define SIZEOF_DOUBLE 8
| #define SIZEOF_FPOS_T 8
| #define SIZEOF_SIZE_T 8
| #define SIZEOF_PID_T 4
| #define SIZEOF_UINTPTR_T 8
| #define HAVE_LONG_DOUBLE 1
| #define SIZEOF_LONG_DOUBLE 16
| #define SIZEOF__BOOL 1
| #define SIZEOF_OFF_T 8
| #define SIZEOF_TIME_T 8
| #define SIZEOF_PTHREAD_T 8
| #define SIZEOF_PTHREAD_KEY_T 4
| #define PTHREAD_KEY_T_IS_COMPATIBLE_WITH_INT 1
| #define HAVE_LIBDL 1
| #define HAVE_UUID_UUID_H 1
| #define HAVE_UUID_GENERATE_TIME_SAFE 1
| #define WITH_DECIMAL_CONTEXTVAR 1
| #define _REENTRANT 1
| #define HAVE_PTHREAD_SIGMASK 1
| #define HAVE_PTHREAD_GETCPUCLOCKID 1
| #define ENABLE_IPV6 1
| #define HAVE_LINUX_CAN_RAW_FD_FRAMES 1
| #define HAVE_LINUX_CAN_RAW_JOIN_FILTERS 1
| #define WITH_DOC_STRINGS 1
| #define WITH_PYMALLOC 1
| #define PY_COERCE_C_LOCALE 1
| #define HAVE_DLOPEN 1
| #define HAVE_DYNAMIC_LOADING 1
| #define HAVE_ALARM 1
| #define HAVE_ACCEPT4 1
| #define HAVE_SETITIMER 1
| #define HAVE_GETITIMER 1
| #define HAVE_CHOWN 1
| #define HAVE_CLOCK 1
| /* end confdefs.h.  */
| /* Define confstr to an innocuous variant, in case <limits.h> declares confstr.
|    For example, HP-UX 11i <limits.h> declares gettimeofday.  */
| #define confstr innocuous_confstr
| 
| /* System header to define __stub macros and hopefully few prototypes,
|     which can conflict with char confstr (); below.
|     Prefer <limits.h> to <assert.h> if __STDC__ is defined, since
|     <limits.h> exists even on freestanding compilers.  */
| 
| #ifdef __STDC__
| # include <limits.h>
| #else
| # include <assert.h>
| #endif
| 
| #undef confstr
| 
| /* Override any GCC internal prototype to avoid an error.
|    Use char because int might match the return type of a GCC
|    builtin and then its argument prototype would still apply.  */
| #ifdef __cplusplus
| extern "C"
| #endif
| char confstr ();
| /* The GNU C library defines this for functions which it implements
|     to always fail with ENOSYS.  Some functions are actually named
|     something starting with __ and the normal name is an alias.  */
| #if defined __stub_confstr || defined __stub___confstr
| choke me
| #endif
| 
| int
| main ()
| {
| return confstr ();
|   ;
|   return 0;
| }
configure:11730: result: no
configure:11730: checking for copy_file_range
configure:11730: gcc -o conftest -I/data/data/com.termux/files/usr/include  -L/data/data/com.termux/files/usr/lib conftest.c -ldl  >&5
ld.lld: error: undefined symbol: copy_file_range
>>> referenced by conftest.c
>>>               /data/data/com.termux/files/usr/tmp/conftest-4c2dd1.o:(main)
gcc: error: linker command failed with exit code 1 (use -v to see invocation)
configure:11730: $? = 1
configure: failed program was:
| /* confdefs.h */
| #define _GNU_SOURCE 1
| #define _NETBSD_SOURCE 1
| #define __BSD_VISIBLE 1
| #define _DARWIN_C_SOURCE 1
| #define _PYTHONFRAMEWORK ""
| #define _XOPEN_SOURCE 700
| #define _XOPEN_SOURCE_EXTENDED 1
| #define _POSIX_C_SOURCE 200809L
| #define STDC_HEADERS 1
| #define HAVE_SYS_TYPES_H 1
| #define HAVE_SYS_STAT_H 1
| #define HAVE_STDLIB_H 1
| #define HAVE_STRING_H 1
| #define HAVE_MEMORY_H 1
| #define HAVE_STRINGS_H 1
| #define HAVE_INTTYPES_H 1
| #define HAVE_STDINT_H 1
| #define HAVE_UNISTD_H 1
| #define __EXTENSIONS__ 1
| #define _ALL_SOURCE 1
| #define _GNU_SOURCE 1
| #define _POSIX_PTHREAD_SEMANTICS 1
| #define _TANDEM_SOURCE 1
| #define ANDROID_API_LEVEL 24
| #define STDC_HEADERS 1
| #define HAVE_ASM_TYPES_H 1
| #define HAVE_CRYPT_H 1
| #define HAVE_DLFCN_H 1
| #define HAVE_ERRNO_H 1
| #define HAVE_FCNTL_H 1
| #define HAVE_GRP_H 1
| #define HAVE_LANGINFO_H 1
| #define HAVE_LIBINTL_H 1
| #define HAVE_PTHREAD_H 1
| #define HAVE_SCHED_H 1
| #define HAVE_SIGNAL_H 1
| #define HAVE_TERMIOS_H 1
| #define HAVE_UTIME_H 1
| #define HAVE_POLL_H 1
| #define HAVE_SYS_EPOLL_H 1
| #define HAVE_SYS_POLL_H 1
| #define HAVE_SYS_XATTR_H 1
| #define HAVE_SYS_FILE_H 1
| #define HAVE_SYS_IOCTL_H 1
| #define HAVE_SYS_PARAM_H 1
| #define HAVE_SYS_RANDOM_H 1
| #define HAVE_SYS_SELECT_H 1
| #define HAVE_SYS_SENDFILE_H 1
| #define HAVE_SYS_SOCKET_H 1
| #define HAVE_SYS_STATVFS_H 1
| #define HAVE_SYS_STAT_H 1
| #define HAVE_SYS_SYSCALL_H 1
| #define HAVE_SYS_TIME_H 1
| #define HAVE_SYS_TIMES_H 1
| #define HAVE_SYS_TYPES_H 1
| #define HAVE_SYS_UIO_H 1
| #define HAVE_SYS_UN_H 1
| #define HAVE_SYS_UTSNAME_H 1
| #define HAVE_SYS_WAIT_H 1
| #define HAVE_PTY_H 1
| #define HAVE_SYS_RESOURCE_H 1
| #define HAVE_NETPACKET_PACKET_H 1
| #define HAVE_SYSEXITS_H 1
| #define HAVE_LINUX_TIPC_H 1
| #define HAVE_LINUX_RANDOM_H 1
| #define HAVE_SPAWN_H 1
| #define HAVE_ALLOCA_H 1
| #define HAVE_ENDIAN_H 1
| #define HAVE_SYS_ENDIAN_H 1
| #define HAVE_SYS_SYSMACROS_H 1
| #define HAVE_LINUX_MEMFD_H 1
| #define HAVE_LINUX_WAIT_H 1
| #define HAVE_SYS_MMAN_H 1
| #define HAVE_DIRENT_H 1
| #define MAJOR_IN_SYSMACROS 1
| #define HAVE_NET_IF_H 1
| #define HAVE_LINUX_NETLINK_H 1
| #define HAVE_LINUX_QRTR_H 1
| #define HAVE_LINUX_VM_SOCKETS_H 1
| #define HAVE_LINUX_CAN_H 1
| #define HAVE_LINUX_CAN_BCM_H 1
| #define HAVE_LINUX_CAN_J1939_H 1
| #define HAVE_LINUX_CAN_RAW_H 1
| #define HAVE_MAKEDEV 1
| #define HAVE_HTOLE64 1
| #define _LARGEFILE_SOURCE 1
| #define _FILE_OFFSET_BITS 64
| #if defined(SCO_DS)
| #undef _OFF_T
| #endif
| #define RETSIGTYPE void
| #define HAVE_SSIZE_T 1
| #define HAVE_GCC_UINT128_T 1
| #define SIZEOF_INT 4
| #define SIZEOF_LONG 8
| #define SIZEOF_LONG_LONG 8
| #define SIZEOF_VOID_P 8
| #define SIZEOF_SHORT 2
| #define SIZEOF_FLOAT 4
| #define SIZEOF_DOUBLE 8
| #define SIZEOF_FPOS_T 8
| #define SIZEOF_SIZE_T 8
| #define SIZEOF_PID_T 4
| #define SIZEOF_UINTPTR_T 8
| #define HAVE_LONG_DOUBLE 1
| #define SIZEOF_LONG_DOUBLE 16
| #define SIZEOF__BOOL 1
| #define SIZEOF_OFF_T 8
| #define SIZEOF_TIME_T 8
| #define SIZEOF_PTHREAD_T 8
| #define SIZEOF_PTHREAD_KEY_T 4
| #define PTHREAD_KEY_T_IS_COMPATIBLE_WITH_INT 1
| #define HAVE_LIBDL 1
| #define HAVE_UUID_UUID_H 1
| #define HAVE_UUID_GENERATE_TIME_SAFE 1
| #define WITH_DECIMAL_CONTEXTVAR 1
| #define _REENTRANT 1
| #define HAVE_PTHREAD_SIGMASK 1
| #define HAVE_PTHREAD_GETCPUCLOCKID 1
| #define ENABLE_IPV6 1
| #define HAVE_LINUX_CAN_RAW_FD_FRAMES 1
| #define HAVE_LINUX_CAN_RAW_JOIN_FILTERS 1
| #define WITH_DOC_STRINGS 1
| #define WITH_PYMALLOC 1
| #define PY_COERCE_C_LOCALE 1
| #define HAVE_DLOPEN 1
| #define HAVE_DYNAMIC_LOADING 1
| #define HAVE_ALARM 1
| #define HAVE_ACCEPT4 1
| #define HAVE_SETITIMER 1
| #define HAVE_GETITIMER 1
| #define HAVE_CHOWN 1
| #define HAVE_CLOCK 1
| /* end confdefs.h.  */
| /* Define copy_file_range to an innocuous variant, in case <limits.h> declares copy_file_range.
|    For example, HP-UX 11i <limits.h> declares gettimeofday.  */
| #define copy_file_range innocuous_copy_file_range
| 
| /* System header to define __stub macros and hopefully few prototypes,
|     which can conflict with char copy_file_range (); below.
|     Prefer <limits.h> to <assert.h> if __STDC__ is defined, since
|     <limits.h> exists even on freestanding compilers.  */
| 
| #ifdef __STDC__
| # include <limits.h>
| #else
| # include <assert.h>
| #endif
| 
| #undef copy_file_range
| 
| /* Override any GCC internal prototype to avoid an error.
|    Use char because int might match the return type of a GCC
|    builtin and then its argument prototype would still apply.  */
| #ifdef __cplusplus
| extern "C"
| #endif
| char copy_file_range ();
| /* The GNU C library defines this for functions which it implements
|     to always fail with ENOSYS.  Some functions are actually named
|     something starting with __ and the normal name is an alias.  */
| #if defined __stub_copy_file_range || defined __stub___copy_file_range
| choke me
| #endif
| 
| int
| main ()
| {
| return copy_file_range ();
|   ;
|   return 0;
| }
configure:11730: result: no
configure:11730: checking for ctermid
configure:11730: gcc -o conftest -I/data/data/com.termux/files/usr/include  -L/data/data/com.termux/files/usr/lib conftest.c -ldl  >&5
configure:11730: $? = 0
configure:11730: result: yes
configure:11730: checking for dup3
configure:11730: gcc -o conftest -I/data/data/com.termux/files/usr/include  -L/data/data/com.termux/files/usr/lib conftest.c -ldl  >&5
configure:11730: $? = 0
configure:11730: result: yes
configure:11730: checking for execv
configure:11730: gcc -o conftest -I/data/data/com.termux/files/usr/include  -L/data/data/com.termux/files/usr/lib conftest.c -ldl  >&5
configure:11730: $? = 0
configure:11730: result: yes
configure:11730: checking for explicit_bzero
configure:11730: gcc -o conftest -I/data/data/com.termux/files/usr/include  -L/data/data/com.termux/files/usr/lib conftest.c -ldl  >&5
ld.lld: error: undefined symbol: explicit_bzero
>>> referenced by conftest.c
>>>               /data/data/com.termux/files/usr/tmp/conftest-b1f211.o:(main)
gcc: error: linker command failed with exit code 1 (use -v to see invocation)
configure:11730: $? = 1
configure: failed program was:
| /* confdefs.h */
| #define _GNU_SOURCE 1
| #define _NETBSD_SOURCE 1
| #define __BSD_VISIBLE 1
| #define _DARWIN_C_SOURCE 1
| #define _PYTHONFRAMEWORK ""
| #define _XOPEN_SOURCE 700
| #define _XOPEN_SOURCE_EXTENDED 1
| #define _POSIX_C_SOURCE 200809L
| #define STDC_HEADERS 1
| #define HAVE_SYS_TYPES_H 1
| #define HAVE_SYS_STAT_H 1
| #define HAVE_STDLIB_H 1
| #define HAVE_STRING_H 1
| #define HAVE_MEMORY_H 1
| #define HAVE_STRINGS_H 1
| #define HAVE_INTTYPES_H 1
| #define HAVE_STDINT_H 1
| #define HAVE_UNISTD_H 1
| #define __EXTENSIONS__ 1
| #define _ALL_SOURCE 1
| #define _GNU_SOURCE 1
| #define _POSIX_PTHREAD_SEMANTICS 1
| #define _TANDEM_SOURCE 1
| #define ANDROID_API_LEVEL 24
| #define STDC_HEADERS 1
| #define HAVE_ASM_TYPES_H 1
| #define HAVE_CRYPT_H 1
| #define HAVE_DLFCN_H 1
| #define HAVE_ERRNO_H 1
| #define HAVE_FCNTL_H 1
| #define HAVE_GRP_H 1
| #define HAVE_LANGINFO_H 1
| #define HAVE_LIBINTL_H 1
| #define HAVE_PTHREAD_H 1
| #define HAVE_SCHED_H 1
| #define HAVE_SIGNAL_H 1
| #define HAVE_TERMIOS_H 1
| #define HAVE_UTIME_H 1
| #define HAVE_POLL_H 1
| #define HAVE_SYS_EPOLL_H 1
| #define HAVE_SYS_POLL_H 1
| #define HAVE_SYS_XATTR_H 1
| #define HAVE_SYS_FILE_H 1
| #define HAVE_SYS_IOCTL_H 1
| #define HAVE_SYS_PARAM_H 1
| #define HAVE_SYS_RANDOM_H 1
| #define HAVE_SYS_SELECT_H 1
| #define HAVE_SYS_SENDFILE_H 1
| #define HAVE_SYS_SOCKET_H 1
| #define HAVE_SYS_STATVFS_H 1
| #define HAVE_SYS_STAT_H 1
| #define HAVE_SYS_SYSCALL_H 1
| #define HAVE_SYS_TIME_H 1
| #define HAVE_SYS_TIMES_H 1
| #define HAVE_SYS_TYPES_H 1
| #define HAVE_SYS_UIO_H 1
| #define HAVE_SYS_UN_H 1
| #define HAVE_SYS_UTSNAME_H 1
| #define HAVE_SYS_WAIT_H 1
| #define HAVE_PTY_H 1
| #define HAVE_SYS_RESOURCE_H 1
| #define HAVE_NETPACKET_PACKET_H 1
| #define HAVE_SYSEXITS_H 1
| #define HAVE_LINUX_TIPC_H 1
| #define HAVE_LINUX_RANDOM_H 1
| #define HAVE_SPAWN_H 1
| #define HAVE_ALLOCA_H 1
| #define HAVE_ENDIAN_H 1
| #define HAVE_SYS_ENDIAN_H 1
| #define HAVE_SYS_SYSMACROS_H 1
| #define HAVE_LINUX_MEMFD_H 1
| #define HAVE_LINUX_WAIT_H 1
| #define HAVE_SYS_MMAN_H 1
| #define HAVE_DIRENT_H 1
| #define MAJOR_IN_SYSMACROS 1
| #define HAVE_NET_IF_H 1
| #define HAVE_LINUX_NETLINK_H 1
| #define HAVE_LINUX_QRTR_H 1
| #define HAVE_LINUX_VM_SOCKETS_H 1
| #define HAVE_LINUX_CAN_H 1
| #define HAVE_LINUX_CAN_BCM_H 1
| #define HAVE_LINUX_CAN_J1939_H 1
| #define HAVE_LINUX_CAN_RAW_H 1
| #define HAVE_MAKEDEV 1
| #define HAVE_HTOLE64 1
| #define _LARGEFILE_SOURCE 1
| #define _FILE_OFFSET_BITS 64
| #if defined(SCO_DS)
| #undef _OFF_T
| #endif
| #define RETSIGTYPE void
| #define HAVE_SSIZE_T 1
| #define HAVE_GCC_UINT128_T 1
| #define SIZEOF_INT 4
| #define SIZEOF_LONG 8
| #define SIZEOF_LONG_LONG 8
| #define SIZEOF_VOID_P 8
| #define SIZEOF_SHORT 2
| #define SIZEOF_FLOAT 4
| #define SIZEOF_DOUBLE 8
| #define SIZEOF_FPOS_T 8
| #define SIZEOF_SIZE_T 8
| #define SIZEOF_PID_T 4
| #define SIZEOF_UINTPTR_T 8
| #define HAVE_LONG_DOUBLE 1
| #define SIZEOF_LONG_DOUBLE 16
| #define SIZEOF__BOOL 1
| #define SIZEOF_OFF_T 8
| #define SIZEOF_TIME_T 8
| #define SIZEOF_PTHREAD_T 8
| #define SIZEOF_PTHREAD_KEY_T 4
| #define PTHREAD_KEY_T_IS_COMPATIBLE_WITH_INT 1
| #define HAVE_LIBDL 1
| #define HAVE_UUID_UUID_H 1
| #define HAVE_UUID_GENERATE_TIME_SAFE 1
| #define WITH_DECIMAL_CONTEXTVAR 1
| #define _REENTRANT 1
| #define HAVE_PTHREAD_SIGMASK 1
| #define HAVE_PTHREAD_GETCPUCLOCKID 1
| #define ENABLE_IPV6 1
| #define HAVE_LINUX_CAN_RAW_FD_FRAMES 1
| #define HAVE_LINUX_CAN_RAW_JOIN_FILTERS 1
| #define WITH_DOC_STRINGS 1
| #define WITH_PYMALLOC 1
| #define PY_COERCE_C_LOCALE 1
| #define HAVE_DLOPEN 1
| #define HAVE_DYNAMIC_LOADING 1
| #define HAVE_ALARM 1
| #define HAVE_ACCEPT4 1
| #define HAVE_SETITIMER 1
| #define HAVE_GETITIMER 1
| #define HAVE_CHOWN 1
| #define HAVE_CLOCK 1
| #define HAVE_CTERMID 1
| #define HAVE_DUP3 1
| #define HAVE_EXECV 1
| /* end confdefs.h.  */
| /* Define explicit_bzero to an innocuous variant, in case <limits.h> declares explicit_bzero.
|    For example, HP-UX 11i <limits.h> declares gettimeofday.  */
| #define explicit_bzero innocuous_explicit_bzero
| 
| /* System header to define __stub macros and hopefully few prototypes,
|     which can conflict with char explicit_bzero (); below.
|     Prefer <limits.h> to <assert.h> if __STDC__ is defined, since
|     <limits.h> exists even on freestanding compilers.  */
| 
| #ifdef __STDC__
| # include <limits.h>
| #else
| # include <assert.h>
| #endif
| 
| #undef explicit_bzero
| 
| /* Override any GCC internal prototype to avoid an error.
|    Use char because int might match the return type of a GCC
|    builtin and then its argument prototype would still apply.  */
| #ifdef __cplusplus
| extern "C"
| #endif
| char explicit_bzero ();
| /* The GNU C library defines this for functions which it implements
|     to always fail with ENOSYS.  Some functions are actually named
|     something starting with __ and the normal name is an alias.  */
| #if defined __stub_explicit_bzero || defined __stub___explicit_bzero
| choke me
| #endif
| 
| int
| main ()
| {
| return explicit_bzero ();
|   ;
|   return 0;
| }
configure:11730: result: no
configure:11730: checking for explicit_memset
configure:11730: gcc -o conftest -I/data/data/com.termux/files/usr/include  -L/data/data/com.termux/files/usr/lib conftest.c -ldl  >&5
ld.lld: error: undefined symbol: explicit_memset
>>> referenced by conftest.c
>>>               /data/data/com.termux/files/usr/tmp/conftest-dcc295.o:(main)
gcc: error: linker command failed with exit code 1 (use -v to see invocation)
configure:11730: $? = 1
configure: failed program was:
| /* confdefs.h */
| #define _GNU_SOURCE 1
| #define _NETBSD_SOURCE 1
| #define __BSD_VISIBLE 1
| #define _DARWIN_C_SOURCE 1
| #define _PYTHONFRAMEWORK ""
| #define _XOPEN_SOURCE 700
| #define _XOPEN_SOURCE_EXTENDED 1
| #define _POSIX_C_SOURCE 200809L
| #define STDC_HEADERS 1
| #define HAVE_SYS_TYPES_H 1
| #define HAVE_SYS_STAT_H 1
| #define HAVE_STDLIB_H 1
| #define HAVE_STRING_H 1
| #define HAVE_MEMORY_H 1
| #define HAVE_STRINGS_H 1
| #define HAVE_INTTYPES_H 1
| #define HAVE_STDINT_H 1
| #define HAVE_UNISTD_H 1
| #define __EXTENSIONS__ 1
| #define _ALL_SOURCE 1
| #define _GNU_SOURCE 1
| #define _POSIX_PTHREAD_SEMANTICS 1
| #define _TANDEM_SOURCE 1
| #define ANDROID_API_LEVEL 24
| #define STDC_HEADERS 1
| #define HAVE_ASM_TYPES_H 1
| #define HAVE_CRYPT_H 1
| #define HAVE_DLFCN_H 1
| #define HAVE_ERRNO_H 1
| #define HAVE_FCNTL_H 1
| #define HAVE_GRP_H 1
| #define HAVE_LANGINFO_H 1
| #define HAVE_LIBINTL_H 1
| #define HAVE_PTHREAD_H 1
| #define HAVE_SCHED_H 1
| #define HAVE_SIGNAL_H 1
| #define HAVE_TERMIOS_H 1
| #define HAVE_UTIME_H 1
| #define HAVE_POLL_H 1
| #define HAVE_SYS_EPOLL_H 1
| #define HAVE_SYS_POLL_H 1
| #define HAVE_SYS_XATTR_H 1
| #define HAVE_SYS_FILE_H 1
| #define HAVE_SYS_IOCTL_H 1
| #define HAVE_SYS_PARAM_H 1
| #define HAVE_SYS_RANDOM_H 1
| #define HAVE_SYS_SELECT_H 1
| #define HAVE_SYS_SENDFILE_H 1
| #define HAVE_SYS_SOCKET_H 1
| #define HAVE_SYS_STATVFS_H 1
| #define HAVE_SYS_STAT_H 1
| #define HAVE_SYS_SYSCALL_H 1
| #define HAVE_SYS_TIME_H 1
| #define HAVE_SYS_TIMES_H 1
| #define HAVE_SYS_TYPES_H 1
| #define HAVE_SYS_UIO_H 1
| #define HAVE_SYS_UN_H 1
| #define HAVE_SYS_UTSNAME_H 1
| #define HAVE_SYS_WAIT_H 1
| #define HAVE_PTY_H 1
| #define HAVE_SYS_RESOURCE_H 1
| #define HAVE_NETPACKET_PACKET_H 1
| #define HAVE_SYSEXITS_H 1
| #define HAVE_LINUX_TIPC_H 1
| #define HAVE_LINUX_RANDOM_H 1
| #define HAVE_SPAWN_H 1
| #define HAVE_ALLOCA_H 1
| #define HAVE_ENDIAN_H 1
| #define HAVE_SYS_ENDIAN_H 1
| #define HAVE_SYS_SYSMACROS_H 1
| #define HAVE_LINUX_MEMFD_H 1
| #define HAVE_LINUX_WAIT_H 1
| #define HAVE_SYS_MMAN_H 1
| #define HAVE_DIRENT_H 1
| #define MAJOR_IN_SYSMACROS 1
| #define HAVE_NET_IF_H 1
| #define HAVE_LINUX_NETLINK_H 1
| #define HAVE_LINUX_QRTR_H 1
| #define HAVE_LINUX_VM_SOCKETS_H 1
| #define HAVE_LINUX_CAN_H 1
| #define HAVE_LINUX_CAN_BCM_H 1
| #define HAVE_LINUX_CAN_J1939_H 1
| #define HAVE_LINUX_CAN_RAW_H 1
| #define HAVE_MAKEDEV 1
| #define HAVE_HTOLE64 1
| #define _LARGEFILE_SOURCE 1
| #define _FILE_OFFSET_BITS 64
| #if defined(SCO_DS)
| #undef _OFF_T
| #endif
| #define RETSIGTYPE void
| #define HAVE_SSIZE_T 1
| #define HAVE_GCC_UINT128_T 1
| #define SIZEOF_INT 4
| #define SIZEOF_LONG 8
| #define SIZEOF_LONG_LONG 8
| #define SIZEOF_VOID_P 8
| #define SIZEOF_SHORT 2
| #define SIZEOF_FLOAT 4
| #define SIZEOF_DOUBLE 8
| #define SIZEOF_FPOS_T 8
| #define SIZEOF_SIZE_T 8
| #define SIZEOF_PID_T 4
| #define SIZEOF_UINTPTR_T 8
| #define HAVE_LONG_DOUBLE 1
| #define SIZEOF_LONG_DOUBLE 16
| #define SIZEOF__BOOL 1
| #define SIZEOF_OFF_T 8
| #define SIZEOF_TIME_T 8
| #define SIZEOF_PTHREAD_T 8
| #define SIZEOF_PTHREAD_KEY_T 4
| #define PTHREAD_KEY_T_IS_COMPATIBLE_WITH_INT 1
| #define HAVE_LIBDL 1
| #define HAVE_UUID_UUID_H 1
| #define HAVE_UUID_GENERATE_TIME_SAFE 1
| #define WITH_DECIMAL_CONTEXTVAR 1
| #define _REENTRANT 1
| #define HAVE_PTHREAD_SIGMASK 1
| #define HAVE_PTHREAD_GETCPUCLOCKID 1
| #define ENABLE_IPV6 1
| #define HAVE_LINUX_CAN_RAW_FD_FRAMES 1
| #define HAVE_LINUX_CAN_RAW_JOIN_FILTERS 1
| #define WITH_DOC_STRINGS 1
| #define WITH_PYMALLOC 1
| #define PY_COERCE_C_LOCALE 1
| #define HAVE_DLOPEN 1
| #define HAVE_DYNAMIC_LOADING 1
| #define HAVE_ALARM 1
| #define HAVE_ACCEPT4 1
| #define HAVE_SETITIMER 1
| #define HAVE_GETITIMER 1
| #define HAVE_CHOWN 1
| #define HAVE_CLOCK 1
| #define HAVE_CTERMID 1
| #define HAVE_DUP3 1
| #define HAVE_EXECV 1
| /* end confdefs.h.  */
| /* Define explicit_memset to an innocuous variant, in case <limits.h> declares explicit_memset.
|    For example, HP-UX 11i <limits.h> declares gettimeofday.  */
| #define explicit_memset innocuous_explicit_memset
| 
| /* System header to define __stub macros and hopefully few prototypes,
|     which can conflict with char explicit_memset (); below.
|     Prefer <limits.h> to <assert.h> if __STDC__ is defined, since
|     <limits.h> exists even on freestanding compilers.  */
| 
| #ifdef __STDC__
| # include <limits.h>
| #else
| # include <assert.h>
| #endif
| 
| #undef explicit_memset
| 
| /* Override any GCC internal prototype to avoid an error.
|    Use char because int might match the return type of a GCC
|    builtin and then its argument prototype would still apply.  */
| #ifdef __cplusplus
| extern "C"
| #endif
| char explicit_memset ();
| /* The GNU C library defines this for functions which it implements
|     to always fail with ENOSYS.  Some functions are actually named
|     something starting with __ and the normal name is an alias.  */
| #if defined __stub_explicit_memset || defined __stub___explicit_memset
| choke me
| #endif
| 
| int
| main ()
| {
| return explicit_memset ();
|   ;
|   return 0;
| }
configure:11730: result: no
configure:11730: checking for faccessat
configure:11730: gcc -o conftest -I/data/data/com.termux/files/usr/include  -L/data/data/com.termux/files/usr/lib conftest.c -ldl  >&5
configure:11730: $? = 0
configure:11730: result: yes
configure:11730: checking for fchmod
configure:11730: gcc -o conftest -I/data/data/com.termux/files/usr/include  -L/data/data/com.termux/files/usr/lib conftest.c -ldl  >&5
configure:11730: $? = 0
configure:11730: result: yes
configure:11730: checking for fchmodat
configure:11730: gcc -o conftest -I/data/data/com.termux/files/usr/include  -L/data/data/com.termux/files/usr/lib conftest.c -ldl  >&5
configure:11730: $? = 0
configure:11730: result: yes
configure:11730: checking for fchown
configure:11730: gcc -o conftest -I/data/data/com.termux/files/usr/include  -L/data/data/com.termux/files/usr/lib conftest.c -ldl  >&5
configure:11730: $? = 0
configure:11730: result: yes
configure:11730: checking for fchownat
configure:11730: gcc -o conftest -I/data/data/com.termux/files/usr/include  -L/data/data/com.termux/files/usr/lib conftest.c -ldl  >&5
configure:11730: $? = 0
configure:11730: result: yes
configure:11730: checking for fdwalk
configure:11730: gcc -o conftest -I/data/data/com.termux/files/usr/include  -L/data/data/com.termux/files/usr/lib conftest.c -ldl  >&5
ld.lld: error: undefined symbol: fdwalk
>>> referenced by conftest.c
>>>               /data/data/com.termux/files/usr/tmp/conftest-bf396c.o:(main)
gcc: error: linker command failed with exit code 1 (use -v to see invocation)
configure:11730: $? = 1
configure: failed program was:
| /* confdefs.h */
| #define _GNU_SOURCE 1
| #define _NETBSD_SOURCE 1
| #define __BSD_VISIBLE 1
| #define _DARWIN_C_SOURCE 1
| #define _PYTHONFRAMEWORK ""
| #define _XOPEN_SOURCE 700
| #define _XOPEN_SOURCE_EXTENDED 1
| #define _POSIX_C_SOURCE 200809L
| #define STDC_HEADERS 1
| #define HAVE_SYS_TYPES_H 1
| #define HAVE_SYS_STAT_H 1
| #define HAVE_STDLIB_H 1
| #define HAVE_STRING_H 1
| #define HAVE_MEMORY_H 1
| #define HAVE_STRINGS_H 1
| #define HAVE_INTTYPES_H 1
| #define HAVE_STDINT_H 1
| #define HAVE_UNISTD_H 1
| #define __EXTENSIONS__ 1
| #define _ALL_SOURCE 1
| #define _GNU_SOURCE 1
| #define _POSIX_PTHREAD_SEMANTICS 1
| #define _TANDEM_SOURCE 1
| #define ANDROID_API_LEVEL 24
| #define STDC_HEADERS 1
| #define HAVE_ASM_TYPES_H 1
| #define HAVE_CRYPT_H 1
| #define HAVE_DLFCN_H 1
| #define HAVE_ERRNO_H 1
| #define HAVE_FCNTL_H 1
| #define HAVE_GRP_H 1
| #define HAVE_LANGINFO_H 1
| #define HAVE_LIBINTL_H 1
| #define HAVE_PTHREAD_H 1
| #define HAVE_SCHED_H 1
| #define HAVE_SIGNAL_H 1
| #define HAVE_TERMIOS_H 1
| #define HAVE_UTIME_H 1
| #define HAVE_POLL_H 1
| #define HAVE_SYS_EPOLL_H 1
| #define HAVE_SYS_POLL_H 1
| #define HAVE_SYS_XATTR_H 1
| #define HAVE_SYS_FILE_H 1
| #define HAVE_SYS_IOCTL_H 1
| #define HAVE_SYS_PARAM_H 1
| #define HAVE_SYS_RANDOM_H 1
| #define HAVE_SYS_SELECT_H 1
| #define HAVE_SYS_SENDFILE_H 1
| #define HAVE_SYS_SOCKET_H 1
| #define HAVE_SYS_STATVFS_H 1
| #define HAVE_SYS_STAT_H 1
| #define HAVE_SYS_SYSCALL_H 1
| #define HAVE_SYS_TIME_H 1
| #define HAVE_SYS_TIMES_H 1
| #define HAVE_SYS_TYPES_H 1
| #define HAVE_SYS_UIO_H 1
| #define HAVE_SYS_UN_H 1
| #define HAVE_SYS_UTSNAME_H 1
| #define HAVE_SYS_WAIT_H 1
| #define HAVE_PTY_H 1
| #define HAVE_SYS_RESOURCE_H 1
| #define HAVE_NETPACKET_PACKET_H 1
| #define HAVE_SYSEXITS_H 1
| #define HAVE_LINUX_TIPC_H 1
| #define HAVE_LINUX_RANDOM_H 1
| #define HAVE_SPAWN_H 1
| #define HAVE_ALLOCA_H 1
| #define HAVE_ENDIAN_H 1
| #define HAVE_SYS_ENDIAN_H 1
| #define HAVE_SYS_SYSMACROS_H 1
| #define HAVE_LINUX_MEMFD_H 1
| #define HAVE_LINUX_WAIT_H 1
| #define HAVE_SYS_MMAN_H 1
| #define HAVE_DIRENT_H 1
| #define MAJOR_IN_SYSMACROS 1
| #define HAVE_NET_IF_H 1
| #define HAVE_LINUX_NETLINK_H 1
| #define HAVE_LINUX_QRTR_H 1
| #define HAVE_LINUX_VM_SOCKETS_H 1
| #define HAVE_LINUX_CAN_H 1
| #define HAVE_LINUX_CAN_BCM_H 1
| #define HAVE_LINUX_CAN_J1939_H 1
| #define HAVE_LINUX_CAN_RAW_H 1
| #define HAVE_MAKEDEV 1
| #define HAVE_HTOLE64 1
| #define _LARGEFILE_SOURCE 1
| #define _FILE_OFFSET_BITS 64
| #if defined(SCO_DS)
| #undef _OFF_T
| #endif
| #define RETSIGTYPE void
| #define HAVE_SSIZE_T 1
| #define HAVE_GCC_UINT128_T 1
| #define SIZEOF_INT 4
| #define SIZEOF_LONG 8
| #define SIZEOF_LONG_LONG 8
| #define SIZEOF_VOID_P 8
| #define SIZEOF_SHORT 2
| #define SIZEOF_FLOAT 4
| #define SIZEOF_DOUBLE 8
| #define SIZEOF_FPOS_T 8
| #define SIZEOF_SIZE_T 8
| #define SIZEOF_PID_T 4
| #define SIZEOF_UINTPTR_T 8
| #define HAVE_LONG_DOUBLE 1
| #define SIZEOF_LONG_DOUBLE 16
| #define SIZEOF__BOOL 1
| #define SIZEOF_OFF_T 8
| #define SIZEOF_TIME_T 8
| #define SIZEOF_PTHREAD_T 8
| #define SIZEOF_PTHREAD_KEY_T 4
| #define PTHREAD_KEY_T_IS_COMPATIBLE_WITH_INT 1
| #define HAVE_LIBDL 1
| #define HAVE_UUID_UUID_H 1
| #define HAVE_UUID_GENERATE_TIME_SAFE 1
| #define WITH_DECIMAL_CONTEXTVAR 1
| #define _REENTRANT 1
| #define HAVE_PTHREAD_SIGMASK 1
| #define HAVE_PTHREAD_GETCPUCLOCKID 1
| #define ENABLE_IPV6 1
| #define HAVE_LINUX_CAN_RAW_FD_FRAMES 1
| #define HAVE_LINUX_CAN_RAW_JOIN_FILTERS 1
| #define WITH_DOC_STRINGS 1
| #define WITH_PYMALLOC 1
| #define PY_COERCE_C_LOCALE 1
| #define HAVE_DLOPEN 1
| #define HAVE_DYNAMIC_LOADING 1
| #define HAVE_ALARM 1
| #define HAVE_ACCEPT4 1
| #define HAVE_SETITIMER 1
| #define HAVE_GETITIMER 1
| #define HAVE_CHOWN 1
| #define HAVE_CLOCK 1
| #define HAVE_CTERMID 1
| #define HAVE_DUP3 1
| #define HAVE_EXECV 1
| #define HAVE_FACCESSAT 1
| #define HAVE_FCHMOD 1
| #define HAVE_FCHMODAT 1
| #define HAVE_FCHOWN 1
| #define HAVE_FCHOWNAT 1
| /* end confdefs.h.  */
| /* Define fdwalk to an innocuous variant, in case <limits.h> declares fdwalk.
|    For example, HP-UX 11i <limits.h> declares gettimeofday.  */
| #define fdwalk innocuous_fdwalk
| 
| /* System header to define __stub macros and hopefully few prototypes,
|     which can conflict with char fdwalk (); below.
|     Prefer <limits.h> to <assert.h> if __STDC__ is defined, since
|     <limits.h> exists even on freestanding compilers.  */
| 
| #ifdef __STDC__
| # include <limits.h>
| #else
| # include <assert.h>
| #endif
| 
| #undef fdwalk
| 
| /* Override any GCC internal prototype to avoid an error.
|    Use char because int might match the return type of a GCC
|    builtin and then its argument prototype would still apply.  */
| #ifdef __cplusplus
| extern "C"
| #endif
| char fdwalk ();
| /* The GNU C library defines this for functions which it implements
|     to always fail with ENOSYS.  Some functions are actually named
|     something starting with __ and the normal name is an alias.  */
| #if defined __stub_fdwalk || defined __stub___fdwalk
| choke me
| #endif
| 
| int
| main ()
| {
| return fdwalk ();
|   ;
|   return 0;
| }
configure:11730: result: no
configure:11730: checking for fexecve
configure:11730: gcc -o conftest -I/data/data/com.termux/files/usr/include  -L/data/data/com.termux/files/usr/lib conftest.c -ldl  >&5
configure:11730: $? = 0
configure:11730: result: yes
configure:11730: checking for fdopendir
configure:11730: gcc -o conftest -I/data/data/com.termux/files/usr/include  -L/data/data/com.termux/files/usr/lib conftest.c -ldl  >&5
configure:11730: $? = 0
configure:11730: result: yes
configure:11730: checking for fork
configure:11730: gcc -o conftest -I/data/data/com.termux/files/usr/include  -L/data/data/com.termux/files/usr/lib conftest.c -ldl  >&5
configure:11730: $? = 0
configure:11730: result: yes
configure:11730: checking for fpathconf
configure:11730: gcc -o conftest -I/data/data/com.termux/files/usr/include  -L/data/data/com.termux/files/usr/lib conftest.c -ldl  >&5
configure:11730: $? = 0
configure:11730: result: yes
configure:11730: checking for fstatat
configure:11730: gcc -o conftest -I/data/data/com.termux/files/usr/include  -L/data/data/com.termux/files/usr/lib conftest.c -ldl  >&5
configure:11730: $? = 0
configure:11730: result: yes
configure:11730: checking for ftime
configure:11730: gcc -o conftest -I/data/data/com.termux/files/usr/include  -L/data/data/com.termux/files/usr/lib conftest.c -ldl  >&5
ld.lld: error: undefined symbol: ftime
>>> referenced by conftest.c
>>>               /data/data/com.termux/files/usr/tmp/conftest-c50093.o:(main)
>>> did you mean: ctime
>>> defined in: /system/lib64/libc.so
gcc: error: linker command failed with exit code 1 (use -v to see invocation)
configure:11730: $? = 1
configure: failed program was:
| /* confdefs.h */
| #define _GNU_SOURCE 1
| #define _NETBSD_SOURCE 1
| #define __BSD_VISIBLE 1
| #define _DARWIN_C_SOURCE 1
| #define _PYTHONFRAMEWORK ""
| #define _XOPEN_SOURCE 700
| #define _XOPEN_SOURCE_EXTENDED 1
| #define _POSIX_C_SOURCE 200809L
| #define STDC_HEADERS 1
| #define HAVE_SYS_TYPES_H 1
| #define HAVE_SYS_STAT_H 1
| #define HAVE_STDLIB_H 1
| #define HAVE_STRING_H 1
| #define HAVE_MEMORY_H 1
| #define HAVE_STRINGS_H 1
| #define HAVE_INTTYPES_H 1
| #define HAVE_STDINT_H 1
| #define HAVE_UNISTD_H 1
| #define __EXTENSIONS__ 1
| #define _ALL_SOURCE 1
| #define _GNU_SOURCE 1
| #define _POSIX_PTHREAD_SEMANTICS 1
| #define _TANDEM_SOURCE 1
| #define ANDROID_API_LEVEL 24
| #define STDC_HEADERS 1
| #define HAVE_ASM_TYPES_H 1
| #define HAVE_CRYPT_H 1
| #define HAVE_DLFCN_H 1
| #define HAVE_ERRNO_H 1
| #define HAVE_FCNTL_H 1
| #define HAVE_GRP_H 1
| #define HAVE_LANGINFO_H 1
| #define HAVE_LIBINTL_H 1
| #define HAVE_PTHREAD_H 1
| #define HAVE_SCHED_H 1
| #define HAVE_SIGNAL_H 1
| #define HAVE_TERMIOS_H 1
| #define HAVE_UTIME_H 1
| #define HAVE_POLL_H 1
| #define HAVE_SYS_EPOLL_H 1
| #define HAVE_SYS_POLL_H 1
| #define HAVE_SYS_XATTR_H 1
| #define HAVE_SYS_FILE_H 1
| #define HAVE_SYS_IOCTL_H 1
| #define HAVE_SYS_PARAM_H 1
| #define HAVE_SYS_RANDOM_H 1
| #define HAVE_SYS_SELECT_H 1
| #define HAVE_SYS_SENDFILE_H 1
| #define HAVE_SYS_SOCKET_H 1
| #define HAVE_SYS_STATVFS_H 1
| #define HAVE_SYS_STAT_H 1
| #define HAVE_SYS_SYSCALL_H 1
| #define HAVE_SYS_TIME_H 1
| #define HAVE_SYS_TIMES_H 1
| #define HAVE_SYS_TYPES_H 1
| #define HAVE_SYS_UIO_H 1
| #define HAVE_SYS_UN_H 1
| #define HAVE_SYS_UTSNAME_H 1
| #define HAVE_SYS_WAIT_H 1
| #define HAVE_PTY_H 1
| #define HAVE_SYS_RESOURCE_H 1
| #define HAVE_NETPACKET_PACKET_H 1
| #define HAVE_SYSEXITS_H 1
| #define HAVE_LINUX_TIPC_H 1
| #define HAVE_LINUX_RANDOM_H 1
| #define HAVE_SPAWN_H 1
| #define HAVE_ALLOCA_H 1
| #define HAVE_ENDIAN_H 1
| #define HAVE_SYS_ENDIAN_H 1
| #define HAVE_SYS_SYSMACROS_H 1
| #define HAVE_LINUX_MEMFD_H 1
| #define HAVE_LINUX_WAIT_H 1
| #define HAVE_SYS_MMAN_H 1
| #define HAVE_DIRENT_H 1
| #define MAJOR_IN_SYSMACROS 1
| #define HAVE_NET_IF_H 1
| #define HAVE_LINUX_NETLINK_H 1
| #define HAVE_LINUX_QRTR_H 1
| #define HAVE_LINUX_VM_SOCKETS_H 1
| #define HAVE_LINUX_CAN_H 1
| #define HAVE_LINUX_CAN_BCM_H 1
| #define HAVE_LINUX_CAN_J1939_H 1
| #define HAVE_LINUX_CAN_RAW_H 1
| #define HAVE_MAKEDEV 1
| #define HAVE_HTOLE64 1
| #define _LARGEFILE_SOURCE 1
| #define _FILE_OFFSET_BITS 64
| #if defined(SCO_DS)
| #undef _OFF_T
| #endif
| #define RETSIGTYPE void
| #define HAVE_SSIZE_T 1
| #define HAVE_GCC_UINT128_T 1
| #define SIZEOF_INT 4
| #define SIZEOF_LONG 8
| #define SIZEOF_LONG_LONG 8
| #define SIZEOF_VOID_P 8
| #define SIZEOF_SHORT 2
| #define SIZEOF_FLOAT 4
| #define SIZEOF_DOUBLE 8
| #define SIZEOF_FPOS_T 8
| #define SIZEOF_SIZE_T 8
| #define SIZEOF_PID_T 4
| #define SIZEOF_UINTPTR_T 8
| #define HAVE_LONG_DOUBLE 1
| #define SIZEOF_LONG_DOUBLE 16
| #define SIZEOF__BOOL 1
| #define SIZEOF_OFF_T 8
| #define SIZEOF_TIME_T 8
| #define SIZEOF_PTHREAD_T 8
| #define SIZEOF_PTHREAD_KEY_T 4
| #define PTHREAD_KEY_T_IS_COMPATIBLE_WITH_INT 1
| #define HAVE_LIBDL 1
| #define HAVE_UUID_UUID_H 1
| #define HAVE_UUID_GENERATE_TIME_SAFE 1
| #define WITH_DECIMAL_CONTEXTVAR 1
| #define _REENTRANT 1
| #define HAVE_PTHREAD_SIGMASK 1
| #define HAVE_PTHREAD_GETCPUCLOCKID 1
| #define ENABLE_IPV6 1
| #define HAVE_LINUX_CAN_RAW_FD_FRAMES 1
| #define HAVE_LINUX_CAN_RAW_JOIN_FILTERS 1
| #define WITH_DOC_STRINGS 1
| #define WITH_PYMALLOC 1
| #define PY_COERCE_C_LOCALE 1
| #define HAVE_DLOPEN 1
| #define HAVE_DYNAMIC_LOADING 1
| #define HAVE_ALARM 1
| #define HAVE_ACCEPT4 1
| #define HAVE_SETITIMER 1
| #define HAVE_GETITIMER 1
| #define HAVE_CHOWN 1
| #define HAVE_CLOCK 1
| #define HAVE_CTERMID 1
| #define HAVE_DUP3 1
| #define HAVE_EXECV 1
| #define HAVE_FACCESSAT 1
| #define HAVE_FCHMOD 1
| #define HAVE_FCHMODAT 1
| #define HAVE_FCHOWN 1
| #define HAVE_FCHOWNAT 1
| #define HAVE_FEXECVE 1
| #define HAVE_FDOPENDIR 1
| #define HAVE_FORK 1
| #define HAVE_FPATHCONF 1
| #define HAVE_FSTATAT 1
| /* end confdefs.h.  */
| /* Define ftime to an innocuous variant, in case <limits.h> declares ftime.
|    For example, HP-UX 11i <limits.h> declares gettimeofday.  */
| #define ftime innocuous_ftime
| 
| /* System header to define __stub macros and hopefully few prototypes,
|     which can conflict with char ftime (); below.
|     Prefer <limits.h> to <assert.h> if __STDC__ is defined, since
|     <limits.h> exists even on freestanding compilers.  */
| 
| #ifdef __STDC__
| # include <limits.h>
| #else
| # include <assert.h>
| #endif
| 
| #undef ftime
| 
| /* Override any GCC internal prototype to avoid an error.
|    Use char because int might match the return type of a GCC
|    builtin and then its argument prototype would still apply.  */
| #ifdef __cplusplus
| extern "C"
| #endif
| char ftime ();
| /* The GNU C library defines this for functions which it implements
|     to always fail with ENOSYS.  Some functions are actually named
|     something starting with __ and the normal name is an alias.  */
| #if defined __stub_ftime || defined __stub___ftime
| choke me
| #endif
| 
| int
| main ()
| {
| return ftime ();
|   ;
|   return 0;
| }
configure:11730: result: no
configure:11730: checking for ftruncate
configure:11730: gcc -o conftest -I/data/data/com.termux/files/usr/include  -L/data/data/com.termux/files/usr/lib conftest.c -ldl  >&5
configure:11730: $? = 0
configure:11730: result: yes
configure:11730: checking for futimesat
configure:11730: gcc -o conftest -I/data/data/com.termux/files/usr/include  -L/data/data/com.termux/files/usr/lib conftest.c -ldl  >&5
configure:11730: $? = 0
configure:11730: result: yes
configure:11730: checking for futimens
configure:11730: gcc -o conftest -I/data/data/com.termux/files/usr/include  -L/data/data/com.termux/files/usr/lib conftest.c -ldl  >&5
configure:11730: $? = 0
configure:11730: result: yes
configure:11730: checking for futimes
configure:11730: gcc -o conftest -I/data/data/com.termux/files/usr/include  -L/data/data/com.termux/files/usr/lib conftest.c -ldl  >&5
configure:11730: $? = 0
configure:11730: result: yes
configure:11730: checking for gai_strerror
configure:11730: gcc -o conftest -I/data/data/com.termux/files/usr/include  -L/data/data/com.termux/files/usr/lib conftest.c -ldl  >&5
configure:11730: $? = 0
configure:11730: result: yes
configure:11730: checking for getentropy
configure:11730: gcc -o conftest -I/data/data/com.termux/files/usr/include  -L/data/data/com.termux/files/usr/lib conftest.c -ldl  >&5
configure:11730: $? = 0
configure:11730: result: yes
configure:11730: checking for getgrgid_r
configure:11730: gcc -o conftest -I/data/data/com.termux/files/usr/include  -L/data/data/com.termux/files/usr/lib conftest.c -ldl  >&5
configure:11730: $? = 0
configure:11730: result: yes
configure:11730: checking for getgrnam_r
configure:11730: gcc -o conftest -I/data/data/com.termux/files/usr/include  -L/data/data/com.termux/files/usr/lib conftest.c -ldl  >&5
configure:11730: $? = 0
configure:11730: result: yes
configure:11730: checking for getgrouplist
configure:11730: gcc -o conftest -I/data/data/com.termux/files/usr/include  -L/data/data/com.termux/files/usr/lib conftest.c -ldl  >&5
configure:11730: $? = 0
configure:11730: result: yes
configure:11730: checking for getgroups
configure:11730: gcc -o conftest -I/data/data/com.termux/files/usr/include  -L/data/data/com.termux/files/usr/lib conftest.c -ldl  >&5
configure:11730: $? = 0
configure:11730: result: yes
configure:11730: checking for getlogin
configure:11730: gcc -o conftest -I/data/data/com.termux/files/usr/include  -L/data/data/com.termux/files/usr/lib conftest.c -ldl  >&5
configure:11730: $? = 0
configure:11730: result: yes
configure:11730: checking for getloadavg
configure:11730: gcc -o conftest -I/data/data/com.termux/files/usr/include  -L/data/data/com.termux/files/usr/lib conftest.c -ldl  >&5
configure:11730: $? = 0
configure:11730: result: yes
configure:11730: checking for getpeername
configure:11730: gcc -o conftest -I/data/data/com.termux/files/usr/include  -L/data/data/com.termux/files/usr/lib conftest.c -ldl  >&5
configure:11730: $? = 0
configure:11730: result: yes
configure:11730: checking for getpgid
configure:11730: gcc -o conftest -I/data/data/com.termux/files/usr/include  -L/data/data/com.termux/files/usr/lib conftest.c -ldl  >&5
configure:11730: $? = 0
configure:11730: result: yes
configure:11730: checking for getpid
configure:11730: gcc -o conftest -I/data/data/com.termux/files/usr/include  -L/data/data/com.termux/files/usr/lib conftest.c -ldl  >&5
configure:11730: $? = 0
configure:11730: result: yes
configure:11730: checking for getpriority
configure:11730: gcc -o conftest -I/data/data/com.termux/files/usr/include  -L/data/data/com.termux/files/usr/lib conftest.c -ldl  >&5
configure:11730: $? = 0
configure:11730: result: yes
configure:11730: checking for getresuid
configure:11730: gcc -o conftest -I/data/data/com.termux/files/usr/include  -L/data/data/com.termux/files/usr/lib conftest.c -ldl  >&5
configure:11730: $? = 0
configure:11730: result: yes
configure:11730: checking for getresgid
configure:11730: gcc -o conftest -I/data/data/com.termux/files/usr/include  -L/data/data/com.termux/files/usr/lib conftest.c -ldl  >&5
configure:11730: $? = 0
configure:11730: result: yes
configure:11730: checking for getpwent
configure:11730: gcc -o conftest -I/data/data/com.termux/files/usr/include  -L/data/data/com.termux/files/usr/lib conftest.c -ldl  >&5
configure:11730: $? = 0
configure:11730: result: yes
configure:11730: checking for getpwnam_r
configure:11730: gcc -o conftest -I/data/data/com.termux/files/usr/include  -L/data/data/com.termux/files/usr/lib conftest.c -ldl  >&5
configure:11730: $? = 0
configure:11730: result: yes
configure:11730: checking for getpwuid_r
configure:11730: gcc -o conftest -I/data/data/com.termux/files/usr/include  -L/data/data/com.termux/files/usr/lib conftest.c -ldl  >&5
configure:11730: $? = 0
configure:11730: result: yes
configure:11730: checking for getspnam
configure:11730: gcc -o conftest -I/data/data/com.termux/files/usr/include  -L/data/data/com.termux/files/usr/lib conftest.c -ldl  >&5
ld.lld: error: undefined symbol: getspnam
>>> referenced by conftest.c
>>>               /data/data/com.termux/files/usr/tmp/conftest-e036e1.o:(main)
gcc: error: linker command failed with exit code 1 (use -v to see invocation)
configure:11730: $? = 1
configure: failed program was:
| /* confdefs.h */
| #define _GNU_SOURCE 1
| #define _NETBSD_SOURCE 1
| #define __BSD_VISIBLE 1
| #define _DARWIN_C_SOURCE 1
| #define _PYTHONFRAMEWORK ""
| #define _XOPEN_SOURCE 700
| #define _XOPEN_SOURCE_EXTENDED 1
| #define _POSIX_C_SOURCE 200809L
| #define STDC_HEADERS 1
| #define HAVE_SYS_TYPES_H 1
| #define HAVE_SYS_STAT_H 1
| #define HAVE_STDLIB_H 1
| #define HAVE_STRING_H 1
| #define HAVE_MEMORY_H 1
| #define HAVE_STRINGS_H 1
| #define HAVE_INTTYPES_H 1
| #define HAVE_STDINT_H 1
| #define HAVE_UNISTD_H 1
| #define __EXTENSIONS__ 1
| #define _ALL_SOURCE 1
| #define _GNU_SOURCE 1
| #define _POSIX_PTHREAD_SEMANTICS 1
| #define _TANDEM_SOURCE 1
| #define ANDROID_API_LEVEL 24
| #define STDC_HEADERS 1
| #define HAVE_ASM_TYPES_H 1
| #define HAVE_CRYPT_H 1
| #define HAVE_DLFCN_H 1
| #define HAVE_ERRNO_H 1
| #define HAVE_FCNTL_H 1
| #define HAVE_GRP_H 1
| #define HAVE_LANGINFO_H 1
| #define HAVE_LIBINTL_H 1
| #define HAVE_PTHREAD_H 1
| #define HAVE_SCHED_H 1
| #define HAVE_SIGNAL_H 1
| #define HAVE_TERMIOS_H 1
| #define HAVE_UTIME_H 1
| #define HAVE_POLL_H 1
| #define HAVE_SYS_EPOLL_H 1
| #define HAVE_SYS_POLL_H 1
| #define HAVE_SYS_XATTR_H 1
| #define HAVE_SYS_FILE_H 1
| #define HAVE_SYS_IOCTL_H 1
| #define HAVE_SYS_PARAM_H 1
| #define HAVE_SYS_RANDOM_H 1
| #define HAVE_SYS_SELECT_H 1
| #define HAVE_SYS_SENDFILE_H 1
| #define HAVE_SYS_SOCKET_H 1
| #define HAVE_SYS_STATVFS_H 1
| #define HAVE_SYS_STAT_H 1
| #define HAVE_SYS_SYSCALL_H 1
| #define HAVE_SYS_TIME_H 1
| #define HAVE_SYS_TIMES_H 1
| #define HAVE_SYS_TYPES_H 1
| #define HAVE_SYS_UIO_H 1
| #define HAVE_SYS_UN_H 1
| #define HAVE_SYS_UTSNAME_H 1
| #define HAVE_SYS_WAIT_H 1
| #define HAVE_PTY_H 1
| #define HAVE_SYS_RESOURCE_H 1
| #define HAVE_NETPACKET_PACKET_H 1
| #define HAVE_SYSEXITS_H 1
| #define HAVE_LINUX_TIPC_H 1
| #define HAVE_LINUX_RANDOM_H 1
| #define HAVE_SPAWN_H 1
| #define HAVE_ALLOCA_H 1
| #define HAVE_ENDIAN_H 1
| #define HAVE_SYS_ENDIAN_H 1
| #define HAVE_SYS_SYSMACROS_H 1
| #define HAVE_LINUX_MEMFD_H 1
| #define HAVE_LINUX_WAIT_H 1
| #define HAVE_SYS_MMAN_H 1
| #define HAVE_DIRENT_H 1
| #define MAJOR_IN_SYSMACROS 1
| #define HAVE_NET_IF_H 1
| #define HAVE_LINUX_NETLINK_H 1
| #define HAVE_LINUX_QRTR_H 1
| #define HAVE_LINUX_VM_SOCKETS_H 1
| #define HAVE_LINUX_CAN_H 1
| #define HAVE_LINUX_CAN_BCM_H 1
| #define HAVE_LINUX_CAN_J1939_H 1
| #define HAVE_LINUX_CAN_RAW_H 1
| #define HAVE_MAKEDEV 1
| #define HAVE_HTOLE64 1
| #define _LARGEFILE_SOURCE 1
| #define _FILE_OFFSET_BITS 64
| #if defined(SCO_DS)
| #undef _OFF_T
| #endif
| #define RETSIGTYPE void
| #define HAVE_SSIZE_T 1
| #define HAVE_GCC_UINT128_T 1
| #define SIZEOF_INT 4
| #define SIZEOF_LONG 8
| #define SIZEOF_LONG_LONG 8
| #define SIZEOF_VOID_P 8
| #define SIZEOF_SHORT 2
| #define SIZEOF_FLOAT 4
| #define SIZEOF_DOUBLE 8
| #define SIZEOF_FPOS_T 8
| #define SIZEOF_SIZE_T 8
| #define SIZEOF_PID_T 4
| #define SIZEOF_UINTPTR_T 8
| #define HAVE_LONG_DOUBLE 1
| #define SIZEOF_LONG_DOUBLE 16
| #define SIZEOF__BOOL 1
| #define SIZEOF_OFF_T 8
| #define SIZEOF_TIME_T 8
| #define SIZEOF_PTHREAD_T 8
| #define SIZEOF_PTHREAD_KEY_T 4
| #define PTHREAD_KEY_T_IS_COMPATIBLE_WITH_INT 1
| #define HAVE_LIBDL 1
| #define HAVE_UUID_UUID_H 1
| #define HAVE_UUID_GENERATE_TIME_SAFE 1
| #define WITH_DECIMAL_CONTEXTVAR 1
| #define _REENTRANT 1
| #define HAVE_PTHREAD_SIGMASK 1
| #define HAVE_PTHREAD_GETCPUCLOCKID 1
| #define ENABLE_IPV6 1
| #define HAVE_LINUX_CAN_RAW_FD_FRAMES 1
| #define HAVE_LINUX_CAN_RAW_JOIN_FILTERS 1
| #define WITH_DOC_STRINGS 1
| #define WITH_PYMALLOC 1
| #define PY_COERCE_C_LOCALE 1
| #define HAVE_DLOPEN 1
| #define HAVE_DYNAMIC_LOADING 1
| #define HAVE_ALARM 1
| #define HAVE_ACCEPT4 1
| #define HAVE_SETITIMER 1
| #define HAVE_GETITIMER 1
| #define HAVE_CHOWN 1
| #define HAVE_CLOCK 1
| #define HAVE_CTERMID 1
| #define HAVE_DUP3 1
| #define HAVE_EXECV 1
| #define HAVE_FACCESSAT 1
| #define HAVE_FCHMOD 1
| #define HAVE_FCHMODAT 1
| #define HAVE_FCHOWN 1
| #define HAVE_FCHOWNAT 1
| #define HAVE_FEXECVE 1
| #define HAVE_FDOPENDIR 1
| #define HAVE_FORK 1
| #define HAVE_FPATHCONF 1
| #define HAVE_FSTATAT 1
| #define HAVE_FTRUNCATE 1
| #define HAVE_FUTIMESAT 1
| #define HAVE_FUTIMENS 1
| #define HAVE_FUTIMES 1
| #define HAVE_GAI_STRERROR 1
| #define HAVE_GETENTROPY 1
| #define HAVE_GETGRGID_R 1
| #define HAVE_GETGRNAM_R 1
| #define HAVE_GETGROUPLIST 1
| #define HAVE_GETGROUPS 1
| #define HAVE_GETLOGIN 1
| #define HAVE_GETLOADAVG 1
| #define HAVE_GETPEERNAME 1
| #define HAVE_GETPGID 1
| #define HAVE_GETPID 1
| #define HAVE_GETPRIORITY 1
| #define HAVE_GETRESUID 1
| #define HAVE_GETRESGID 1
| #define HAVE_GETPWENT 1
| #define HAVE_GETPWNAM_R 1
| #define HAVE_GETPWUID_R 1
| /* end confdefs.h.  */
| /* Define getspnam to an innocuous variant, in case <limits.h> declares getspnam.
|    For example, HP-UX 11i <limits.h> declares gettimeofday.  */
| #define getspnam innocuous_getspnam
| 
| /* System header to define __stub macros and hopefully few prototypes,
|     which can conflict with char getspnam (); below.
|     Prefer <limits.h> to <assert.h> if __STDC__ is defined, since
|     <limits.h> exists even on freestanding compilers.  */
| 
| #ifdef __STDC__
| # include <limits.h>
| #else
| # include <assert.h>
| #endif
| 
| #undef getspnam
| 
| /* Override any GCC internal prototype to avoid an error.
|    Use char because int might match the return type of a GCC
|    builtin and then its argument prototype would still apply.  */
| #ifdef __cplusplus
| extern "C"
| #endif
| char getspnam ();
| /* The GNU C library defines this for functions which it implements
|     to always fail with ENOSYS.  Some functions are actually named
|     something starting with __ and the normal name is an alias.  */
| #if defined __stub_getspnam || defined __stub___getspnam
| choke me
| #endif
| 
| int
| main ()
| {
| return getspnam ();
|   ;
|   return 0;
| }
configure:11730: result: no
configure:11730: checking for getspent
configure:11730: gcc -o conftest -I/data/data/com.termux/files/usr/include  -L/data/data/com.termux/files/usr/lib conftest.c -ldl  >&5
ld.lld: error: undefined symbol: getspent
>>> referenced by conftest.c
>>>               /data/data/com.termux/files/usr/tmp/conftest-63d372.o:(main)
gcc: error: linker command failed with exit code 1 (use -v to see invocation)
configure:11730: $? = 1
configure: failed program was:
| /* confdefs.h */
| #define _GNU_SOURCE 1
| #define _NETBSD_SOURCE 1
| #define __BSD_VISIBLE 1
| #define _DARWIN_C_SOURCE 1
| #define _PYTHONFRAMEWORK ""
| #define _XOPEN_SOURCE 700
| #define _XOPEN_SOURCE_EXTENDED 1
| #define _POSIX_C_SOURCE 200809L
| #define STDC_HEADERS 1
| #define HAVE_SYS_TYPES_H 1
| #define HAVE_SYS_STAT_H 1
| #define HAVE_STDLIB_H 1
| #define HAVE_STRING_H 1
| #define HAVE_MEMORY_H 1
| #define HAVE_STRINGS_H 1
| #define HAVE_INTTYPES_H 1
| #define HAVE_STDINT_H 1
| #define HAVE_UNISTD_H 1
| #define __EXTENSIONS__ 1
| #define _ALL_SOURCE 1
| #define _GNU_SOURCE 1
| #define _POSIX_PTHREAD_SEMANTICS 1
| #define _TANDEM_SOURCE 1
| #define ANDROID_API_LEVEL 24
| #define STDC_HEADERS 1
| #define HAVE_ASM_TYPES_H 1
| #define HAVE_CRYPT_H 1
| #define HAVE_DLFCN_H 1
| #define HAVE_ERRNO_H 1
| #define HAVE_FCNTL_H 1
| #define HAVE_GRP_H 1
| #define HAVE_LANGINFO_H 1
| #define HAVE_LIBINTL_H 1
| #define HAVE_PTHREAD_H 1
| #define HAVE_SCHED_H 1
| #define HAVE_SIGNAL_H 1
| #define HAVE_TERMIOS_H 1
| #define HAVE_UTIME_H 1
| #define HAVE_POLL_H 1
| #define HAVE_SYS_EPOLL_H 1
| #define HAVE_SYS_POLL_H 1
| #define HAVE_SYS_XATTR_H 1
| #define HAVE_SYS_FILE_H 1
| #define HAVE_SYS_IOCTL_H 1
| #define HAVE_SYS_PARAM_H 1
| #define HAVE_SYS_RANDOM_H 1
| #define HAVE_SYS_SELECT_H 1
| #define HAVE_SYS_SENDFILE_H 1
| #define HAVE_SYS_SOCKET_H 1
| #define HAVE_SYS_STATVFS_H 1
| #define HAVE_SYS_STAT_H 1
| #define HAVE_SYS_SYSCALL_H 1
| #define HAVE_SYS_TIME_H 1
| #define HAVE_SYS_TIMES_H 1
| #define HAVE_SYS_TYPES_H 1
| #define HAVE_SYS_UIO_H 1
| #define HAVE_SYS_UN_H 1
| #define HAVE_SYS_UTSNAME_H 1
| #define HAVE_SYS_WAIT_H 1
| #define HAVE_PTY_H 1
| #define HAVE_SYS_RESOURCE_H 1
| #define HAVE_NETPACKET_PACKET_H 1
| #define HAVE_SYSEXITS_H 1
| #define HAVE_LINUX_TIPC_H 1
| #define HAVE_LINUX_RANDOM_H 1
| #define HAVE_SPAWN_H 1
| #define HAVE_ALLOCA_H 1
| #define HAVE_ENDIAN_H 1
| #define HAVE_SYS_ENDIAN_H 1
| #define HAVE_SYS_SYSMACROS_H 1
| #define HAVE_LINUX_MEMFD_H 1
| #define HAVE_LINUX_WAIT_H 1
| #define HAVE_SYS_MMAN_H 1
| #define HAVE_DIRENT_H 1
| #define MAJOR_IN_SYSMACROS 1
| #define HAVE_NET_IF_H 1
| #define HAVE_LINUX_NETLINK_H 1
| #define HAVE_LINUX_QRTR_H 1
| #define HAVE_LINUX_VM_SOCKETS_H 1
| #define HAVE_LINUX_CAN_H 1
| #define HAVE_LINUX_CAN_BCM_H 1
| #define HAVE_LINUX_CAN_J1939_H 1
| #define HAVE_LINUX_CAN_RAW_H 1
| #define HAVE_MAKEDEV 1
| #define HAVE_HTOLE64 1
| #define _LARGEFILE_SOURCE 1
| #define _FILE_OFFSET_BITS 64
| #if defined(SCO_DS)
| #undef _OFF_T
| #endif
| #define RETSIGTYPE void
| #define HAVE_SSIZE_T 1
| #define HAVE_GCC_UINT128_T 1
| #define SIZEOF_INT 4
| #define SIZEOF_LONG 8
| #define SIZEOF_LONG_LONG 8
| #define SIZEOF_VOID_P 8
| #define SIZEOF_SHORT 2
| #define SIZEOF_FLOAT 4
| #define SIZEOF_DOUBLE 8
| #define SIZEOF_FPOS_T 8
| #define SIZEOF_SIZE_T 8
| #define SIZEOF_PID_T 4
| #define SIZEOF_UINTPTR_T 8
| #define HAVE_LONG_DOUBLE 1
| #define SIZEOF_LONG_DOUBLE 16
| #define SIZEOF__BOOL 1
| #define SIZEOF_OFF_T 8
| #define SIZEOF_TIME_T 8
| #define SIZEOF_PTHREAD_T 8
| #define SIZEOF_PTHREAD_KEY_T 4
| #define PTHREAD_KEY_T_IS_COMPATIBLE_WITH_INT 1
| #define HAVE_LIBDL 1
| #define HAVE_UUID_UUID_H 1
| #define HAVE_UUID_GENERATE_TIME_SAFE 1
| #define WITH_DECIMAL_CONTEXTVAR 1
| #define _REENTRANT 1
| #define HAVE_PTHREAD_SIGMASK 1
| #define HAVE_PTHREAD_GETCPUCLOCKID 1
| #define ENABLE_IPV6 1
| #define HAVE_LINUX_CAN_RAW_FD_FRAMES 1
| #define HAVE_LINUX_CAN_RAW_JOIN_FILTERS 1
| #define WITH_DOC_STRINGS 1
| #define WITH_PYMALLOC 1
| #define PY_COERCE_C_LOCALE 1
| #define HAVE_DLOPEN 1
| #define HAVE_DYNAMIC_LOADING 1
| #define HAVE_ALARM 1
| #define HAVE_ACCEPT4 1
| #define HAVE_SETITIMER 1
| #define HAVE_GETITIMER 1
| #define HAVE_CHOWN 1
| #define HAVE_CLOCK 1
| #define HAVE_CTERMID 1
| #define HAVE_DUP3 1
| #define HAVE_EXECV 1
| #define HAVE_FACCESSAT 1
| #define HAVE_FCHMOD 1
| #define HAVE_FCHMODAT 1
| #define HAVE_FCHOWN 1
| #define HAVE_FCHOWNAT 1
| #define HAVE_FEXECVE 1
| #define HAVE_FDOPENDIR 1
| #define HAVE_FORK 1
| #define HAVE_FPATHCONF 1
| #define HAVE_FSTATAT 1
| #define HAVE_FTRUNCATE 1
| #define HAVE_FUTIMESAT 1
| #define HAVE_FUTIMENS 1
| #define HAVE_FUTIMES 1
| #define HAVE_GAI_STRERROR 1
| #define HAVE_GETENTROPY 1
| #define HAVE_GETGRGID_R 1
| #define HAVE_GETGRNAM_R 1
| #define HAVE_GETGROUPLIST 1
| #define HAVE_GETGROUPS 1
| #define HAVE_GETLOGIN 1
| #define HAVE_GETLOADAVG 1
| #define HAVE_GETPEERNAME 1
| #define HAVE_GETPGID 1
| #define HAVE_GETPID 1
| #define HAVE_GETPRIORITY 1
| #define HAVE_GETRESUID 1
| #define HAVE_GETRESGID 1
| #define HAVE_GETPWENT 1
| #define HAVE_GETPWNAM_R 1
| #define HAVE_GETPWUID_R 1
| /* end confdefs.h.  */
| /* Define getspent to an innocuous variant, in case <limits.h> declares getspent.
|    For example, HP-UX 11i <limits.h> declares gettimeofday.  */
| #define getspent innocuous_getspent
| 
| /* System header to define __stub macros and hopefully few prototypes,
|     which can conflict with char getspent (); below.
|     Prefer <limits.h> to <assert.h> if __STDC__ is defined, since
|     <limits.h> exists even on freestanding compilers.  */
| 
| #ifdef __STDC__
| # include <limits.h>
| #else
| # include <assert.h>
| #endif
| 
| #undef getspent
| 
| /* Override any GCC internal prototype to avoid an error.
|    Use char because int might match the return type of a GCC
|    builtin and then its argument prototype would still apply.  */
| #ifdef __cplusplus
| extern "C"
| #endif
| char getspent ();
| /* The GNU C library defines this for functions which it implements
|     to always fail with ENOSYS.  Some functions are actually named
|     something starting with __ and the normal name is an alias.  */
| #if defined __stub_getspent || defined __stub___getspent
| choke me
| #endif
| 
| int
| main ()
| {
| return getspent ();
|   ;
|   return 0;
| }
configure:11730: result: no
configure:11730: checking for getsid
configure:11730: gcc -o conftest -I/data/data/com.termux/files/usr/include  -L/data/data/com.termux/files/usr/lib conftest.c -ldl  >&5
configure:11730: $? = 0
configure:11730: result: yes
configure:11730: checking for getwd
configure:11730: gcc -o conftest -I/data/data/com.termux/files/usr/include  -L/data/data/com.termux/files/usr/lib conftest.c -ldl  >&5
ld.lld: error: undefined symbol: getwd
>>> referenced by conftest.c
>>>               /data/data/com.termux/files/usr/tmp/conftest-d65eaa.o:(main)
>>> did you mean: getcwd
>>> defined in: /system/lib64/libc.so
gcc: error: linker command failed with exit code 1 (use -v to see invocation)
configure:11730: $? = 1
configure: failed program was:
| /* confdefs.h */
| #define _GNU_SOURCE 1
| #define _NETBSD_SOURCE 1
| #define __BSD_VISIBLE 1
| #define _DARWIN_C_SOURCE 1
| #define _PYTHONFRAMEWORK ""
| #define _XOPEN_SOURCE 700
| #define _XOPEN_SOURCE_EXTENDED 1
| #define _POSIX_C_SOURCE 200809L
| #define STDC_HEADERS 1
| #define HAVE_SYS_TYPES_H 1
| #define HAVE_SYS_STAT_H 1
| #define HAVE_STDLIB_H 1
| #define HAVE_STRING_H 1
| #define HAVE_MEMORY_H 1
| #define HAVE_STRINGS_H 1
| #define HAVE_INTTYPES_H 1
| #define HAVE_STDINT_H 1
| #define HAVE_UNISTD_H 1
| #define __EXTENSIONS__ 1
| #define _ALL_SOURCE 1
| #define _GNU_SOURCE 1
| #define _POSIX_PTHREAD_SEMANTICS 1
| #define _TANDEM_SOURCE 1
| #define ANDROID_API_LEVEL 24
| #define STDC_HEADERS 1
| #define HAVE_ASM_TYPES_H 1
| #define HAVE_CRYPT_H 1
| #define HAVE_DLFCN_H 1
| #define HAVE_ERRNO_H 1
| #define HAVE_FCNTL_H 1
| #define HAVE_GRP_H 1
| #define HAVE_LANGINFO_H 1
| #define HAVE_LIBINTL_H 1
| #define HAVE_PTHREAD_H 1
| #define HAVE_SCHED_H 1
| #define HAVE_SIGNAL_H 1
| #define HAVE_TERMIOS_H 1
| #define HAVE_UTIME_H 1
| #define HAVE_POLL_H 1
| #define HAVE_SYS_EPOLL_H 1
| #define HAVE_SYS_POLL_H 1
| #define HAVE_SYS_XATTR_H 1
| #define HAVE_SYS_FILE_H 1
| #define HAVE_SYS_IOCTL_H 1
| #define HAVE_SYS_PARAM_H 1
| #define HAVE_SYS_RANDOM_H 1
| #define HAVE_SYS_SELECT_H 1
| #define HAVE_SYS_SENDFILE_H 1
| #define HAVE_SYS_SOCKET_H 1
| #define HAVE_SYS_STATVFS_H 1
| #define HAVE_SYS_STAT_H 1
| #define HAVE_SYS_SYSCALL_H 1
| #define HAVE_SYS_TIME_H 1
| #define HAVE_SYS_TIMES_H 1
| #define HAVE_SYS_TYPES_H 1
| #define HAVE_SYS_UIO_H 1
| #define HAVE_SYS_UN_H 1
| #define HAVE_SYS_UTSNAME_H 1
| #define HAVE_SYS_WAIT_H 1
| #define HAVE_PTY_H 1
| #define HAVE_SYS_RESOURCE_H 1
| #define HAVE_NETPACKET_PACKET_H 1
| #define HAVE_SYSEXITS_H 1
| #define HAVE_LINUX_TIPC_H 1
| #define HAVE_LINUX_RANDOM_H 1
| #define HAVE_SPAWN_H 1
| #define HAVE_ALLOCA_H 1
| #define HAVE_ENDIAN_H 1
| #define HAVE_SYS_ENDIAN_H 1
| #define HAVE_SYS_SYSMACROS_H 1
| #define HAVE_LINUX_MEMFD_H 1
| #define HAVE_LINUX_WAIT_H 1
| #define HAVE_SYS_MMAN_H 1
| #define HAVE_DIRENT_H 1
| #define MAJOR_IN_SYSMACROS 1
| #define HAVE_NET_IF_H 1
| #define HAVE_LINUX_NETLINK_H 1
| #define HAVE_LINUX_QRTR_H 1
| #define HAVE_LINUX_VM_SOCKETS_H 1
| #define HAVE_LINUX_CAN_H 1
| #define HAVE_LINUX_CAN_BCM_H 1
| #define HAVE_LINUX_CAN_J1939_H 1
| #define HAVE_LINUX_CAN_RAW_H 1
| #define HAVE_MAKEDEV 1
| #define HAVE_HTOLE64 1
| #define _LARGEFILE_SOURCE 1
| #define _FILE_OFFSET_BITS 64
| #if defined(SCO_DS)
| #undef _OFF_T
| #endif
| #define RETSIGTYPE void
| #define HAVE_SSIZE_T 1
| #define HAVE_GCC_UINT128_T 1
| #define SIZEOF_INT 4
| #define SIZEOF_LONG 8
| #define SIZEOF_LONG_LONG 8
| #define SIZEOF_VOID_P 8
| #define SIZEOF_SHORT 2
| #define SIZEOF_FLOAT 4
| #define SIZEOF_DOUBLE 8
| #define SIZEOF_FPOS_T 8
| #define SIZEOF_SIZE_T 8
| #define SIZEOF_PID_T 4
| #define SIZEOF_UINTPTR_T 8
| #define HAVE_LONG_DOUBLE 1
| #define SIZEOF_LONG_DOUBLE 16
| #define SIZEOF__BOOL 1
| #define SIZEOF_OFF_T 8
| #define SIZEOF_TIME_T 8
| #define SIZEOF_PTHREAD_T 8
| #define SIZEOF_PTHREAD_KEY_T 4
| #define PTHREAD_KEY_T_IS_COMPATIBLE_WITH_INT 1
| #define HAVE_LIBDL 1
| #define HAVE_UUID_UUID_H 1
| #define HAVE_UUID_GENERATE_TIME_SAFE 1
| #define WITH_DECIMAL_CONTEXTVAR 1
| #define _REENTRANT 1
| #define HAVE_PTHREAD_SIGMASK 1
| #define HAVE_PTHREAD_GETCPUCLOCKID 1
| #define ENABLE_IPV6 1
| #define HAVE_LINUX_CAN_RAW_FD_FRAMES 1
| #define HAVE_LINUX_CAN_RAW_JOIN_FILTERS 1
| #define WITH_DOC_STRINGS 1
| #define WITH_PYMALLOC 1
| #define PY_COERCE_C_LOCALE 1
| #define HAVE_DLOPEN 1
| #define HAVE_DYNAMIC_LOADING 1
| #define HAVE_ALARM 1
| #define HAVE_ACCEPT4 1
| #define HAVE_SETITIMER 1
| #define HAVE_GETITIMER 1
| #define HAVE_CHOWN 1
| #define HAVE_CLOCK 1
| #define HAVE_CTERMID 1
| #define HAVE_DUP3 1
| #define HAVE_EXECV 1
| #define HAVE_FACCESSAT 1
| #define HAVE_FCHMOD 1
| #define HAVE_FCHMODAT 1
| #define HAVE_FCHOWN 1
| #define HAVE_FCHOWNAT 1
| #define HAVE_FEXECVE 1
| #define HAVE_FDOPENDIR 1
| #define HAVE_FORK 1
| #define HAVE_FPATHCONF 1
| #define HAVE_FSTATAT 1
| #define HAVE_FTRUNCATE 1
| #define HAVE_FUTIMESAT 1
| #define HAVE_FUTIMENS 1
| #define HAVE_FUTIMES 1
| #define HAVE_GAI_STRERROR 1
| #define HAVE_GETENTROPY 1
| #define HAVE_GETGRGID_R 1
| #define HAVE_GETGRNAM_R 1
| #define HAVE_GETGROUPLIST 1
| #define HAVE_GETGROUPS 1
| #define HAVE_GETLOGIN 1
| #define HAVE_GETLOADAVG 1
| #define HAVE_GETPEERNAME 1
| #define HAVE_GETPGID 1
| #define HAVE_GETPID 1
| #define HAVE_GETPRIORITY 1
| #define HAVE_GETRESUID 1
| #define HAVE_GETRESGID 1
| #define HAVE_GETPWENT 1
| #define HAVE_GETPWNAM_R 1
| #define HAVE_GETPWUID_R 1
| #define HAVE_GETSID 1
| /* end confdefs.h.  */
| /* Define getwd to an innocuous variant, in case <limits.h> declares getwd.
|    For example, HP-UX 11i <limits.h> declares gettimeofday.  */
| #define getwd innocuous_getwd
| 
| /* System header to define __stub macros and hopefully few prototypes,
|     which can conflict with char getwd (); below.
|     Prefer <limits.h> to <assert.h> if __STDC__ is defined, since
|     <limits.h> exists even on freestanding compilers.  */
| 
| #ifdef __STDC__
| # include <limits.h>
| #else
| # include <assert.h>
| #endif
| 
| #undef getwd
| 
| /* Override any GCC internal prototype to avoid an error.
|    Use char because int might match the return type of a GCC
|    builtin and then its argument prototype would still apply.  */
| #ifdef __cplusplus
| extern "C"
| #endif
| char getwd ();
| /* The GNU C library defines this for functions which it implements
|     to always fail with ENOSYS.  Some functions are actually named
|     something starting with __ and the normal name is an alias.  */
| #if defined __stub_getwd || defined __stub___getwd
| choke me
| #endif
| 
| int
| main ()
| {
| return getwd ();
|   ;
|   return 0;
| }
configure:11730: result: no
configure:11730: checking for if_nameindex
configure:11730: gcc -o conftest -I/data/data/com.termux/files/usr/include  -L/data/data/com.termux/files/usr/lib conftest.c -ldl  >&5
configure:11730: $? = 0
configure:11730: result: yes
configure:11730: checking for initgroups
configure:11730: gcc -o conftest -I/data/data/com.termux/files/usr/include  -L/data/data/com.termux/files/usr/lib conftest.c -ldl  >&5
configure:11730: $? = 0
configure:11730: result: yes
configure:11730: checking for kill
configure:11730: gcc -o conftest -I/data/data/com.termux/files/usr/include  -L/data/data/com.termux/files/usr/lib conftest.c -ldl  >&5
configure:11730: $? = 0
configure:11730: result: yes
configure:11730: checking for killpg
configure:11730: gcc -o conftest -I/data/data/com.termux/files/usr/include  -L/data/data/com.termux/files/usr/lib conftest.c -ldl  >&5
configure:11730: $? = 0
configure:11730: result: yes
configure:11730: checking for lchown
configure:11730: gcc -o conftest -I/data/data/com.termux/files/usr/include  -L/data/data/com.termux/files/usr/lib conftest.c -ldl  >&5
configure:11730: $? = 0
configure:11730: result: yes
configure:11730: checking for lockf
configure:11730: gcc -o conftest -I/data/data/com.termux/files/usr/include  -L/data/data/com.termux/files/usr/lib conftest.c -ldl  >&5
configure:11730: $? = 0
configure:11730: result: yes
configure:11730: checking for linkat
configure:11730: gcc -o conftest -I/data/data/com.termux/files/usr/include  -L/data/data/com.termux/files/usr/lib conftest.c -ldl  >&5
configure:11730: $? = 0
configure:11730: result: yes
configure:11730: checking for lstat
configure:11730: gcc -o conftest -I/data/data/com.termux/files/usr/include  -L/data/data/com.termux/files/usr/lib conftest.c -ldl  >&5
configure:11730: $? = 0
configure:11730: result: yes
configure:11730: checking for lutimes
configure:11730: gcc -o conftest -I/data/data/com.termux/files/usr/include  -L/data/data/com.termux/files/usr/lib conftest.c -ldl  >&5
configure:11730: $? = 0
configure:11730: result: yes
configure:11730: checking for mmap
configure:11730: gcc -o conftest -I/data/data/com.termux/files/usr/include  -L/data/data/com.termux/files/usr/lib conftest.c -ldl  >&5
configure:11730: $? = 0
configure:11730: result: yes
configure:11730: checking for memrchr
configure:11730: gcc -o conftest -I/data/data/com.termux/files/usr/include  -L/data/data/com.termux/files/usr/lib conftest.c -ldl  >&5
configure:11730: $? = 0
configure:11730: result: yes
configure:11730: checking for mbrtowc
configure:11730: gcc -o conftest -I/data/data/com.termux/files/usr/include  -L/data/data/com.termux/files/usr/lib conftest.c -ldl  >&5
configure:11730: $? = 0
configure:11730: result: yes
configure:11730: checking for mkdirat
configure:11730: gcc -o conftest -I/data/data/com.termux/files/usr/include  -L/data/data/com.termux/files/usr/lib conftest.c -ldl  >&5
configure:11730: $? = 0
configure:11730: result: yes
configure:11730: checking for mkfifo
configure:11730: gcc -o conftest -I/data/data/com.termux/files/usr/include  -L/data/data/com.termux/files/usr/lib conftest.c -ldl  >&5
configure:11730: $? = 0
configure:11730: result: yes
configure:11730: checking for madvise
configure:11730: gcc -o conftest -I/data/data/com.termux/files/usr/include  -L/data/data/com.termux/files/usr/lib conftest.c -ldl  >&5
configure:11730: $? = 0
configure:11730: result: yes
configure:11730: checking for mkfifoat
configure:11730: gcc -o conftest -I/data/data/com.termux/files/usr/include  -L/data/data/com.termux/files/usr/lib conftest.c -ldl  >&5
configure:11730: $? = 0
configure:11730: result: yes
configure:11730: checking for mknod
configure:11730: gcc -o conftest -I/data/data/com.termux/files/usr/include  -L/data/data/com.termux/files/usr/lib conftest.c -ldl  >&5
configure:11730: $? = 0
configure:11730: result: yes
configure:11730: checking for mknodat
configure:11730: gcc -o conftest -I/data/data/com.termux/files/usr/include  -L/data/data/com.termux/files/usr/lib conftest.c -ldl  >&5
configure:11730: $? = 0
configure:11730: result: yes
configure:11730: checking for mktime
configure:11730: gcc -o conftest -I/data/data/com.termux/files/usr/include  -L/data/data/com.termux/files/usr/lib conftest.c -ldl  >&5
configure:11730: $? = 0
configure:11730: result: yes
configure:11730: checking for mremap
configure:11730: gcc -o conftest -I/data/data/com.termux/files/usr/include  -L/data/data/com.termux/files/usr/lib conftest.c -ldl  >&5
configure:11730: $? = 0
configure:11730: result: yes
configure:11730: checking for nice
configure:11730: gcc -o conftest -I/data/data/com.termux/files/usr/include  -L/data/data/com.termux/files/usr/lib conftest.c -ldl  >&5
configure:11730: $? = 0
configure:11730: result: yes
configure:11730: checking for openat
configure:11730: gcc -o conftest -I/data/data/com.termux/files/usr/include  -L/data/data/com.termux/files/usr/lib conftest.c -ldl  >&5
configure:11730: $? = 0
configure:11730: result: yes
configure:11730: checking for pathconf
configure:11730: gcc -o conftest -I/data/data/com.termux/files/usr/include  -L/data/data/com.termux/files/usr/lib conftest.c -ldl  >&5
configure:11730: $? = 0
configure:11730: result: yes
configure:11730: checking for pause
configure:11730: gcc -o conftest -I/data/data/com.termux/files/usr/include  -L/data/data/com.termux/files/usr/lib conftest.c -ldl  >&5
configure:11730: $? = 0
configure:11730: result: yes
configure:11730: checking for pipe2
configure:11730: gcc -o conftest -I/data/data/com.termux/files/usr/include  -L/data/data/com.termux/files/usr/lib conftest.c -ldl  >&5
configure:11730: $? = 0
configure:11730: result: yes
configure:11730: checking for plock
configure:11730: gcc -o conftest -I/data/data/com.termux/files/usr/include  -L/data/data/com.termux/files/usr/lib conftest.c -ldl  >&5
ld.lld: error: undefined symbol: plock
>>> referenced by conftest.c
>>>               /data/data/com.termux/files/usr/tmp/conftest-80351c.o:(main)
>>> did you mean: clock
>>> defined in: /system/lib64/libc.so
gcc: error: linker command failed with exit code 1 (use -v to see invocation)
configure:11730: $? = 1
configure: failed program was:
| /* confdefs.h */
| #define _GNU_SOURCE 1
| #define _NETBSD_SOURCE 1
| #define __BSD_VISIBLE 1
| #define _DARWIN_C_SOURCE 1
| #define _PYTHONFRAMEWORK ""
| #define _XOPEN_SOURCE 700
| #define _XOPEN_SOURCE_EXTENDED 1
| #define _POSIX_C_SOURCE 200809L
| #define STDC_HEADERS 1
| #define HAVE_SYS_TYPES_H 1
| #define HAVE_SYS_STAT_H 1
| #define HAVE_STDLIB_H 1
| #define HAVE_STRING_H 1
| #define HAVE_MEMORY_H 1
| #define HAVE_STRINGS_H 1
| #define HAVE_INTTYPES_H 1
| #define HAVE_STDINT_H 1
| #define HAVE_UNISTD_H 1
| #define __EXTENSIONS__ 1
| #define _ALL_SOURCE 1
| #define _GNU_SOURCE 1
| #define _POSIX_PTHREAD_SEMANTICS 1
| #define _TANDEM_SOURCE 1
| #define ANDROID_API_LEVEL 24
| #define STDC_HEADERS 1
| #define HAVE_ASM_TYPES_H 1
| #define HAVE_CRYPT_H 1
| #define HAVE_DLFCN_H 1
| #define HAVE_ERRNO_H 1
| #define HAVE_FCNTL_H 1
| #define HAVE_GRP_H 1
| #define HAVE_LANGINFO_H 1
| #define HAVE_LIBINTL_H 1
| #define HAVE_PTHREAD_H 1
| #define HAVE_SCHED_H 1
| #define HAVE_SIGNAL_H 1
| #define HAVE_TERMIOS_H 1
| #define HAVE_UTIME_H 1
| #define HAVE_POLL_H 1
| #define HAVE_SYS_EPOLL_H 1
| #define HAVE_SYS_POLL_H 1
| #define HAVE_SYS_XATTR_H 1
| #define HAVE_SYS_FILE_H 1
| #define HAVE_SYS_IOCTL_H 1
| #define HAVE_SYS_PARAM_H 1
| #define HAVE_SYS_RANDOM_H 1
| #define HAVE_SYS_SELECT_H 1
| #define HAVE_SYS_SENDFILE_H 1
| #define HAVE_SYS_SOCKET_H 1
| #define HAVE_SYS_STATVFS_H 1
| #define HAVE_SYS_STAT_H 1
| #define HAVE_SYS_SYSCALL_H 1
| #define HAVE_SYS_TIME_H 1
| #define HAVE_SYS_TIMES_H 1
| #define HAVE_SYS_TYPES_H 1
| #define HAVE_SYS_UIO_H 1
| #define HAVE_SYS_UN_H 1
| #define HAVE_SYS_UTSNAME_H 1
| #define HAVE_SYS_WAIT_H 1
| #define HAVE_PTY_H 1
| #define HAVE_SYS_RESOURCE_H 1
| #define HAVE_NETPACKET_PACKET_H 1
| #define HAVE_SYSEXITS_H 1
| #define HAVE_LINUX_TIPC_H 1
| #define HAVE_LINUX_RANDOM_H 1
| #define HAVE_SPAWN_H 1
| #define HAVE_ALLOCA_H 1
| #define HAVE_ENDIAN_H 1
| #define HAVE_SYS_ENDIAN_H 1
| #define HAVE_SYS_SYSMACROS_H 1
| #define HAVE_LINUX_MEMFD_H 1
| #define HAVE_LINUX_WAIT_H 1
| #define HAVE_SYS_MMAN_H 1
| #define HAVE_DIRENT_H 1
| #define MAJOR_IN_SYSMACROS 1
| #define HAVE_NET_IF_H 1
| #define HAVE_LINUX_NETLINK_H 1
| #define HAVE_LINUX_QRTR_H 1
| #define HAVE_LINUX_VM_SOCKETS_H 1
| #define HAVE_LINUX_CAN_H 1
| #define HAVE_LINUX_CAN_BCM_H 1
| #define HAVE_LINUX_CAN_J1939_H 1
| #define HAVE_LINUX_CAN_RAW_H 1
| #define HAVE_MAKEDEV 1
| #define HAVE_HTOLE64 1
| #define _LARGEFILE_SOURCE 1
| #define _FILE_OFFSET_BITS 64
| #if defined(SCO_DS)
| #undef _OFF_T
| #endif
| #define RETSIGTYPE void
| #define HAVE_SSIZE_T 1
| #define HAVE_GCC_UINT128_T 1
| #define SIZEOF_INT 4
| #define SIZEOF_LONG 8
| #define SIZEOF_LONG_LONG 8
| #define SIZEOF_VOID_P 8
| #define SIZEOF_SHORT 2
| #define SIZEOF_FLOAT 4
| #define SIZEOF_DOUBLE 8
| #define SIZEOF_FPOS_T 8
| #define SIZEOF_SIZE_T 8
| #define SIZEOF_PID_T 4
| #define SIZEOF_UINTPTR_T 8
| #define HAVE_LONG_DOUBLE 1
| #define SIZEOF_LONG_DOUBLE 16
| #define SIZEOF__BOOL 1
| #define SIZEOF_OFF_T 8
| #define SIZEOF_TIME_T 8
| #define SIZEOF_PTHREAD_T 8
| #define SIZEOF_PTHREAD_KEY_T 4
| #define PTHREAD_KEY_T_IS_COMPATIBLE_WITH_INT 1
| #define HAVE_LIBDL 1
| #define HAVE_UUID_UUID_H 1
| #define HAVE_UUID_GENERATE_TIME_SAFE 1
| #define WITH_DECIMAL_CONTEXTVAR 1
| #define _REENTRANT 1
| #define HAVE_PTHREAD_SIGMASK 1
| #define HAVE_PTHREAD_GETCPUCLOCKID 1
| #define ENABLE_IPV6 1
| #define HAVE_LINUX_CAN_RAW_FD_FRAMES 1
| #define HAVE_LINUX_CAN_RAW_JOIN_FILTERS 1
| #define WITH_DOC_STRINGS 1
| #define WITH_PYMALLOC 1
| #define PY_COERCE_C_LOCALE 1
| #define HAVE_DLOPEN 1
| #define HAVE_DYNAMIC_LOADING 1
| #define HAVE_ALARM 1
| #define HAVE_ACCEPT4 1
| #define HAVE_SETITIMER 1
| #define HAVE_GETITIMER 1
| #define HAVE_CHOWN 1
| #define HAVE_CLOCK 1
| #define HAVE_CTERMID 1
| #define HAVE_DUP3 1
| #define HAVE_EXECV 1
| #define HAVE_FACCESSAT 1
| #define HAVE_FCHMOD 1
| #define HAVE_FCHMODAT 1
| #define HAVE_FCHOWN 1
| #define HAVE_FCHOWNAT 1
| #define HAVE_FEXECVE 1
| #define HAVE_FDOPENDIR 1
| #define HAVE_FORK 1
| #define HAVE_FPATHCONF 1
| #define HAVE_FSTATAT 1
| #define HAVE_FTRUNCATE 1
| #define HAVE_FUTIMESAT 1
| #define HAVE_FUTIMENS 1
| #define HAVE_FUTIMES 1
| #define HAVE_GAI_STRERROR 1
| #define HAVE_GETENTROPY 1
| #define HAVE_GETGRGID_R 1
| #define HAVE_GETGRNAM_R 1
| #define HAVE_GETGROUPLIST 1
| #define HAVE_GETGROUPS 1
| #define HAVE_GETLOGIN 1
| #define HAVE_GETLOADAVG 1
| #define HAVE_GETPEERNAME 1
| #define HAVE_GETPGID 1
| #define HAVE_GETPID 1
| #define HAVE_GETPRIORITY 1
| #define HAVE_GETRESUID 1
| #define HAVE_GETRESGID 1
| #define HAVE_GETPWENT 1
| #define HAVE_GETPWNAM_R 1
| #define HAVE_GETPWUID_R 1
| #define HAVE_GETSID 1
| #define HAVE_IF_NAMEINDEX 1
| #define HAVE_INITGROUPS 1
| #define HAVE_KILL 1
| #define HAVE_KILLPG 1
| #define HAVE_LCHOWN 1
| #define HAVE_LOCKF 1
| #define HAVE_LINKAT 1
| #define HAVE_LSTAT 1
| #define HAVE_LUTIMES 1
| #define HAVE_MMAP 1
| #define HAVE_MEMRCHR 1
| #define HAVE_MBRTOWC 1
| #define HAVE_MKDIRAT 1
| #define HAVE_MKFIFO 1
| #define HAVE_MADVISE 1
| #define HAVE_MKFIFOAT 1
| #define HAVE_MKNOD 1
| #define HAVE_MKNODAT 1
| #define HAVE_MKTIME 1
| #define HAVE_MREMAP 1
| #define HAVE_NICE 1
| #define HAVE_OPENAT 1
| #define HAVE_PATHCONF 1
| #define HAVE_PAUSE 1
| #define HAVE_PIPE2 1
| /* end confdefs.h.  */
| /* Define plock to an innocuous variant, in case <limits.h> declares plock.
|    For example, HP-UX 11i <limits.h> declares gettimeofday.  */
| #define plock innocuous_plock
| 
| /* System header to define __stub macros and hopefully few prototypes,
|     which can conflict with char plock (); below.
|     Prefer <limits.h> to <assert.h> if __STDC__ is defined, since
|     <limits.h> exists even on freestanding compilers.  */
| 
| #ifdef __STDC__
| # include <limits.h>
| #else
| # include <assert.h>
| #endif
| 
| #undef plock
| 
| /* Override any GCC internal prototype to avoid an error.
|    Use char because int might match the return type of a GCC
|    builtin and then its argument prototype would still apply.  */
| #ifdef __cplusplus
| extern "C"
| #endif
| char plock ();
| /* The GNU C library defines this for functions which it implements
|     to always fail with ENOSYS.  Some functions are actually named
|     something starting with __ and the normal name is an alias.  */
| #if defined __stub_plock || defined __stub___plock
| choke me
| #endif
| 
| int
| main ()
| {
| return plock ();
|   ;
|   return 0;
| }
configure:11730: result: no
configure:11730: checking for poll
configure:11730: gcc -o conftest -I/data/data/com.termux/files/usr/include  -L/data/data/com.termux/files/usr/lib conftest.c -ldl  >&5
configure:11730: $? = 0
configure:11730: result: yes
configure:11730: checking for posix_fallocate
configure:11730: gcc -o conftest -I/data/data/com.termux/files/usr/include  -L/data/data/com.termux/files/usr/lib conftest.c -ldl  >&5
configure:11730: $? = 0
configure:11730: result: yes
configure:11730: checking for posix_fadvise
configure:11730: gcc -o conftest -I/data/data/com.termux/files/usr/include  -L/data/data/com.termux/files/usr/lib conftest.c -ldl  >&5
configure:11730: $? = 0
configure:11730: result: yes
configure:11730: checking for posix_spawn
configure:11730: gcc -o conftest -I/data/data/com.termux/files/usr/include  -L/data/data/com.termux/files/usr/lib conftest.c -ldl  >&5
configure:11730: $? = 0
configure:11730: result: yes
configure:11730: checking for posix_spawnp
configure:11730: gcc -o conftest -I/data/data/com.termux/files/usr/include  -L/data/data/com.termux/files/usr/lib conftest.c -ldl  >&5
configure:11730: $? = 0
configure:11730: result: yes
configure:11730: checking for pread
configure:11730: gcc -o conftest -I/data/data/com.termux/files/usr/include  -L/data/data/com.termux/files/usr/lib conftest.c -ldl  >&5
configure:11730: $? = 0
configure:11730: result: yes
configure:11730: checking for preadv
configure:11730: gcc -o conftest -I/data/data/com.termux/files/usr/include  -L/data/data/com.termux/files/usr/lib conftest.c -ldl  >&5
configure:11730: $? = 0
configure:11730: result: yes
configure:11730: checking for preadv2
configure:11730: gcc -o conftest -I/data/data/com.termux/files/usr/include  -L/data/data/com.termux/files/usr/lib conftest.c -ldl  >&5
configure:11730: $? = 0
configure:11730: result: yes
configure:11730: checking for pthread_condattr_setclock
configure:11730: gcc -o conftest -I/data/data/com.termux/files/usr/include  -L/data/data/com.termux/files/usr/lib conftest.c -ldl  >&5
configure:11730: $? = 0
configure:11730: result: yes
configure:11730: checking for pthread_init
configure:11730: gcc -o conftest -I/data/data/com.termux/files/usr/include  -L/data/data/com.termux/files/usr/lib conftest.c -ldl  >&5
ld.lld: error: undefined symbol: pthread_init
>>> referenced by conftest.c
>>>               /data/data/com.termux/files/usr/tmp/conftest-905b8e.o:(main)
gcc: error: linker command failed with exit code 1 (use -v to see invocation)
configure:11730: $? = 1
configure: failed program was:
| /* confdefs.h */
| #define _GNU_SOURCE 1
| #define _NETBSD_SOURCE 1
| #define __BSD_VISIBLE 1
| #define _DARWIN_C_SOURCE 1
| #define _PYTHONFRAMEWORK ""
| #define _XOPEN_SOURCE 700
| #define _XOPEN_SOURCE_EXTENDED 1
| #define _POSIX_C_SOURCE 200809L
| #define STDC_HEADERS 1
| #define HAVE_SYS_TYPES_H 1
| #define HAVE_SYS_STAT_H 1
| #define HAVE_STDLIB_H 1
| #define HAVE_STRING_H 1
| #define HAVE_MEMORY_H 1
| #define HAVE_STRINGS_H 1
| #define HAVE_INTTYPES_H 1
| #define HAVE_STDINT_H 1
| #define HAVE_UNISTD_H 1
| #define __EXTENSIONS__ 1
| #define _ALL_SOURCE 1
| #define _GNU_SOURCE 1
| #define _POSIX_PTHREAD_SEMANTICS 1
| #define _TANDEM_SOURCE 1
| #define ANDROID_API_LEVEL 24
| #define STDC_HEADERS 1
| #define HAVE_ASM_TYPES_H 1
| #define HAVE_CRYPT_H 1
| #define HAVE_DLFCN_H 1
| #define HAVE_ERRNO_H 1
| #define HAVE_FCNTL_H 1
| #define HAVE_GRP_H 1
| #define HAVE_LANGINFO_H 1
| #define HAVE_LIBINTL_H 1
| #define HAVE_PTHREAD_H 1
| #define HAVE_SCHED_H 1
| #define HAVE_SIGNAL_H 1
| #define HAVE_TERMIOS_H 1
| #define HAVE_UTIME_H 1
| #define HAVE_POLL_H 1
| #define HAVE_SYS_EPOLL_H 1
| #define HAVE_SYS_POLL_H 1
| #define HAVE_SYS_XATTR_H 1
| #define HAVE_SYS_FILE_H 1
| #define HAVE_SYS_IOCTL_H 1
| #define HAVE_SYS_PARAM_H 1
| #define HAVE_SYS_RANDOM_H 1
| #define HAVE_SYS_SELECT_H 1
| #define HAVE_SYS_SENDFILE_H 1
| #define HAVE_SYS_SOCKET_H 1
| #define HAVE_SYS_STATVFS_H 1
| #define HAVE_SYS_STAT_H 1
| #define HAVE_SYS_SYSCALL_H 1
| #define HAVE_SYS_TIME_H 1
| #define HAVE_SYS_TIMES_H 1
| #define HAVE_SYS_TYPES_H 1
| #define HAVE_SYS_UIO_H 1
| #define HAVE_SYS_UN_H 1
| #define HAVE_SYS_UTSNAME_H 1
| #define HAVE_SYS_WAIT_H 1
| #define HAVE_PTY_H 1
| #define HAVE_SYS_RESOURCE_H 1
| #define HAVE_NETPACKET_PACKET_H 1
| #define HAVE_SYSEXITS_H 1
| #define HAVE_LINUX_TIPC_H 1
| #define HAVE_LINUX_RANDOM_H 1
| #define HAVE_SPAWN_H 1
| #define HAVE_ALLOCA_H 1
| #define HAVE_ENDIAN_H 1
| #define HAVE_SYS_ENDIAN_H 1
| #define HAVE_SYS_SYSMACROS_H 1
| #define HAVE_LINUX_MEMFD_H 1
| #define HAVE_LINUX_WAIT_H 1
| #define HAVE_SYS_MMAN_H 1
| #define HAVE_DIRENT_H 1
| #define MAJOR_IN_SYSMACROS 1
| #define HAVE_NET_IF_H 1
| #define HAVE_LINUX_NETLINK_H 1
| #define HAVE_LINUX_QRTR_H 1
| #define HAVE_LINUX_VM_SOCKETS_H 1
| #define HAVE_LINUX_CAN_H 1
| #define HAVE_LINUX_CAN_BCM_H 1
| #define HAVE_LINUX_CAN_J1939_H 1
| #define HAVE_LINUX_CAN_RAW_H 1
| #define HAVE_MAKEDEV 1
| #define HAVE_HTOLE64 1
| #define _LARGEFILE_SOURCE 1
| #define _FILE_OFFSET_BITS 64
| #if defined(SCO_DS)
| #undef _OFF_T
| #endif
| #define RETSIGTYPE void
| #define HAVE_SSIZE_T 1
| #define HAVE_GCC_UINT128_T 1
| #define SIZEOF_INT 4
| #define SIZEOF_LONG 8
| #define SIZEOF_LONG_LONG 8
| #define SIZEOF_VOID_P 8
| #define SIZEOF_SHORT 2
| #define SIZEOF_FLOAT 4
| #define SIZEOF_DOUBLE 8
| #define SIZEOF_FPOS_T 8
| #define SIZEOF_SIZE_T 8
| #define SIZEOF_PID_T 4
| #define SIZEOF_UINTPTR_T 8
| #define HAVE_LONG_DOUBLE 1
| #define SIZEOF_LONG_DOUBLE 16
| #define SIZEOF__BOOL 1
| #define SIZEOF_OFF_T 8
| #define SIZEOF_TIME_T 8
| #define SIZEOF_PTHREAD_T 8
| #define SIZEOF_PTHREAD_KEY_T 4
| #define PTHREAD_KEY_T_IS_COMPATIBLE_WITH_INT 1
| #define HAVE_LIBDL 1
| #define HAVE_UUID_UUID_H 1
| #define HAVE_UUID_GENERATE_TIME_SAFE 1
| #define WITH_DECIMAL_CONTEXTVAR 1
| #define _REENTRANT 1
| #define HAVE_PTHREAD_SIGMASK 1
| #define HAVE_PTHREAD_GETCPUCLOCKID 1
| #define ENABLE_IPV6 1
| #define HAVE_LINUX_CAN_RAW_FD_FRAMES 1
| #define HAVE_LINUX_CAN_RAW_JOIN_FILTERS 1
| #define WITH_DOC_STRINGS 1
| #define WITH_PYMALLOC 1
| #define PY_COERCE_C_LOCALE 1
| #define HAVE_DLOPEN 1
| #define HAVE_DYNAMIC_LOADING 1
| #define HAVE_ALARM 1
| #define HAVE_ACCEPT4 1
| #define HAVE_SETITIMER 1
| #define HAVE_GETITIMER 1
| #define HAVE_CHOWN 1
| #define HAVE_CLOCK 1
| #define HAVE_CTERMID 1
| #define HAVE_DUP3 1
| #define HAVE_EXECV 1
| #define HAVE_FACCESSAT 1
| #define HAVE_FCHMOD 1
| #define HAVE_FCHMODAT 1
| #define HAVE_FCHOWN 1
| #define HAVE_FCHOWNAT 1
| #define HAVE_FEXECVE 1
| #define HAVE_FDOPENDIR 1
| #define HAVE_FORK 1
| #define HAVE_FPATHCONF 1
| #define HAVE_FSTATAT 1
| #define HAVE_FTRUNCATE 1
| #define HAVE_FUTIMESAT 1
| #define HAVE_FUTIMENS 1
| #define HAVE_FUTIMES 1
| #define HAVE_GAI_STRERROR 1
| #define HAVE_GETENTROPY 1
| #define HAVE_GETGRGID_R 1
| #define HAVE_GETGRNAM_R 1
| #define HAVE_GETGROUPLIST 1
| #define HAVE_GETGROUPS 1
| #define HAVE_GETLOGIN 1
| #define HAVE_GETLOADAVG 1
| #define HAVE_GETPEERNAME 1
| #define HAVE_GETPGID 1
| #define HAVE_GETPID 1
| #define HAVE_GETPRIORITY 1
| #define HAVE_GETRESUID 1
| #define HAVE_GETRESGID 1
| #define HAVE_GETPWENT 1
| #define HAVE_GETPWNAM_R 1
| #define HAVE_GETPWUID_R 1
| #define HAVE_GETSID 1
| #define HAVE_IF_NAMEINDEX 1
| #define HAVE_INITGROUPS 1
| #define HAVE_KILL 1
| #define HAVE_KILLPG 1
| #define HAVE_LCHOWN 1
| #define HAVE_LOCKF 1
| #define HAVE_LINKAT 1
| #define HAVE_LSTAT 1
| #define HAVE_LUTIMES 1
| #define HAVE_MMAP 1
| #define HAVE_MEMRCHR 1
| #define HAVE_MBRTOWC 1
| #define HAVE_MKDIRAT 1
| #define HAVE_MKFIFO 1
| #define HAVE_MADVISE 1
| #define HAVE_MKFIFOAT 1
| #define HAVE_MKNOD 1
| #define HAVE_MKNODAT 1
| #define HAVE_MKTIME 1
| #define HAVE_MREMAP 1
| #define HAVE_NICE 1
| #define HAVE_OPENAT 1
| #define HAVE_PATHCONF 1
| #define HAVE_PAUSE 1
| #define HAVE_PIPE2 1
| #define HAVE_POLL 1
| #define HAVE_POSIX_FALLOCATE 1
| #define HAVE_POSIX_FADVISE 1
| #define HAVE_POSIX_SPAWN 1
| #define HAVE_POSIX_SPAWNP 1
| #define HAVE_PREAD 1
| #define HAVE_PREADV 1
| #define HAVE_PREADV2 1
| #define HAVE_PTHREAD_CONDATTR_SETCLOCK 1
| /* end confdefs.h.  */
| /* Define pthread_init to an innocuous variant, in case <limits.h> declares pthread_init.
|    For example, HP-UX 11i <limits.h> declares gettimeofday.  */
| #define pthread_init innocuous_pthread_init
| 
| /* System header to define __stub macros and hopefully few prototypes,
|     which can conflict with char pthread_init (); below.
|     Prefer <limits.h> to <assert.h> if __STDC__ is defined, since
|     <limits.h> exists even on freestanding compilers.  */
| 
| #ifdef __STDC__
| # include <limits.h>
| #else
| # include <assert.h>
| #endif
| 
| #undef pthread_init
| 
| /* Override any GCC internal prototype to avoid an error.
|    Use char because int might match the return type of a GCC
|    builtin and then its argument prototype would still apply.  */
| #ifdef __cplusplus
| extern "C"
| #endif
| char pthread_init ();
| /* The GNU C library defines this for functions which it implements
|     to always fail with ENOSYS.  Some functions are actually named
|     something starting with __ and the normal name is an alias.  */
| #if defined __stub_pthread_init || defined __stub___pthread_init
| choke me
| #endif
| 
| int
| main ()
| {
| return pthread_init ();
|   ;
|   return 0;
| }
configure:11730: result: no
configure:11730: checking for pthread_kill
configure:11730: gcc -o conftest -I/data/data/com.termux/files/usr/include  -L/data/data/com.termux/files/usr/lib conftest.c -ldl  >&5
configure:11730: $? = 0
configure:11730: result: yes
configure:11730: checking for pwrite
configure:11730: gcc -o conftest -I/data/data/com.termux/files/usr/include  -L/data/data/com.termux/files/usr/lib conftest.c -ldl  >&5
configure:11730: $? = 0
configure:11730: result: yes
configure:11730: checking for pwritev
configure:11730: gcc -o conftest -I/data/data/com.termux/files/usr/include  -L/data/data/com.termux/files/usr/lib conftest.c -ldl  >&5
configure:11730: $? = 0
configure:11730: result: yes
configure:11730: checking for pwritev2
configure:11730: gcc -o conftest -I/data/data/com.termux/files/usr/include  -L/data/data/com.termux/files/usr/lib conftest.c -ldl  >&5
configure:11730: $? = 0
configure:11730: result: yes
configure:11730: checking for readlink
configure:11730: gcc -o conftest -I/data/data/com.termux/files/usr/include  -L/data/data/com.termux/files/usr/lib conftest.c -ldl  >&5
configure:11730: $? = 0
configure:11730: result: yes
configure:11730: checking for readlinkat
configure:11730: gcc -o conftest -I/data/data/com.termux/files/usr/include  -L/data/data/com.termux/files/usr/lib conftest.c -ldl  >&5
configure:11730: $? = 0
configure:11730: result: yes
configure:11730: checking for readv
configure:11730: gcc -o conftest -I/data/data/com.termux/files/usr/include  -L/data/data/com.termux/files/usr/lib conftest.c -ldl  >&5
configure:11730: $? = 0
configure:11730: result: yes
configure:11730: checking for realpath
configure:11730: gcc -o conftest -I/data/data/com.termux/files/usr/include  -L/data/data/com.termux/files/usr/lib conftest.c -ldl  >&5
configure:11730: $? = 0
configure:11730: result: yes
configure:11730: checking for renameat
configure:11730: gcc -o conftest -I/data/data/com.termux/files/usr/include  -L/data/data/com.termux/files/usr/lib conftest.c -ldl  >&5
configure:11730: $? = 0
configure:11730: result: yes
configure:11730: checking for sem_open
configure:11730: gcc -o conftest -I/data/data/com.termux/files/usr/include  -L/data/data/com.termux/files/usr/lib conftest.c -ldl  >&5
configure:11730: $? = 0
configure:11730: result: yes
configure:11730: checking for sem_timedwait
configure:11730: gcc -o conftest -I/data/data/com.termux/files/usr/include  -L/data/data/com.termux/files/usr/lib conftest.c -ldl  >&5
configure:11730: $? = 0
configure:11730: result: yes
configure:11730: checking for sem_getvalue
configure:11730: gcc -o conftest -I/data/data/com.termux/files/usr/include  -L/data/data/com.termux/files/usr/lib conftest.c -ldl  >&5
configure:11730: $? = 0
configure:11730: result: yes
configure:11730: checking for sem_unlink
configure:11730: gcc -o conftest -I/data/data/com.termux/files/usr/include  -L/data/data/com.termux/files/usr/lib conftest.c -ldl  >&5
configure:11730: $? = 0
configure:11730: result: yes
configure:11730: checking for sendfile
configure:11730: gcc -o conftest -I/data/data/com.termux/files/usr/include  -L/data/data/com.termux/files/usr/lib conftest.c -ldl  >&5
configure:11730: $? = 0
configure:11730: result: yes
configure:11730: checking for setegid
configure:11730: gcc -o conftest -I/data/data/com.termux/files/usr/include  -L/data/data/com.termux/files/usr/lib conftest.c -ldl  >&5
configure:11730: $? = 0
configure:11730: result: yes
configure:11730: checking for seteuid
configure:11730: gcc -o conftest -I/data/data/com.termux/files/usr/include  -L/data/data/com.termux/files/usr/lib conftest.c -ldl  >&5
configure:11730: $? = 0
configure:11730: result: yes
configure:11730: checking for setgid
configure:11730: gcc -o conftest -I/data/data/com.termux/files/usr/include  -L/data/data/com.termux/files/usr/lib conftest.c -ldl  >&5
configure:11730: $? = 0
configure:11730: result: yes
configure:11730: checking for sethostname
configure:11730: gcc -o conftest -I/data/data/com.termux/files/usr/include  -L/data/data/com.termux/files/usr/lib conftest.c -ldl  >&5
configure:11730: $? = 0
configure:11730: result: yes
configure:11730: checking for setlocale
configure:11730: gcc -o conftest -I/data/data/com.termux/files/usr/include  -L/data/data/com.termux/files/usr/lib conftest.c -ldl  >&5
configure:11730: $? = 0
configure:11730: result: yes
configure:11730: checking for setregid
configure:11730: gcc -o conftest -I/data/data/com.termux/files/usr/include  -L/data/data/com.termux/files/usr/lib conftest.c -ldl  >&5
configure:11730: $? = 0
configure:11730: result: yes
configure:11730: checking for setreuid
configure:11730: gcc -o conftest -I/data/data/com.termux/files/usr/include  -L/data/data/com.termux/files/usr/lib conftest.c -ldl  >&5
configure:11730: $? = 0
configure:11730: result: yes
configure:11730: checking for setresuid
configure:11730: gcc -o conftest -I/data/data/com.termux/files/usr/include  -L/data/data/com.termux/files/usr/lib conftest.c -ldl  >&5
configure:11730: $? = 0
configure:11730: result: yes
configure:11730: checking for setresgid
configure:11730: gcc -o conftest -I/data/data/com.termux/files/usr/include  -L/data/data/com.termux/files/usr/lib conftest.c -ldl  >&5
configure:11730: $? = 0
configure:11730: result: yes
configure:11730: checking for setsid
configure:11730: gcc -o conftest -I/data/data/com.termux/files/usr/include  -L/data/data/com.termux/files/usr/lib conftest.c -ldl  >&5
configure:11730: $? = 0
configure:11730: result: yes
configure:11730: checking for setpgid
configure:11730: gcc -o conftest -I/data/data/com.termux/files/usr/include  -L/data/data/com.termux/files/usr/lib conftest.c -ldl  >&5
configure:11730: $? = 0
configure:11730: result: yes
configure:11730: checking for setpgrp
configure:11730: gcc -o conftest -I/data/data/com.termux/files/usr/include  -L/data/data/com.termux/files/usr/lib conftest.c -ldl  >&5
configure:11730: $? = 0
configure:11730: result: yes
configure:11730: checking for setpriority
configure:11730: gcc -o conftest -I/data/data/com.termux/files/usr/include  -L/data/data/com.termux/files/usr/lib conftest.c -ldl  >&5
configure:11730: $? = 0
configure:11730: result: yes
configure:11730: checking for setuid
configure:11730: gcc -o conftest -I/data/data/com.termux/files/usr/include  -L/data/data/com.termux/files/usr/lib conftest.c -ldl  >&5
configure:11730: $? = 0
configure:11730: result: yes
configure:11730: checking for setvbuf
configure:11730: gcc -o conftest -I/data/data/com.termux/files/usr/include  -L/data/data/com.termux/files/usr/lib conftest.c -ldl  >&5
configure:11730: $? = 0
configure:11730: result: yes
configure:11730: checking for sched_get_priority_max
configure:11730: gcc -o conftest -I/data/data/com.termux/files/usr/include  -L/data/data/com.termux/files/usr/lib conftest.c -ldl  >&5
configure:11730: $? = 0
configure:11730: result: yes
configure:11730: checking for sched_setaffinity
configure:11730: gcc -o conftest -I/data/data/com.termux/files/usr/include  -L/data/data/com.termux/files/usr/lib conftest.c -ldl  >&5
configure:11730: $? = 0
configure:11730: result: yes
configure:11730: checking for sched_setscheduler
configure:11730: gcc -o conftest -I/data/data/com.termux/files/usr/include  -L/data/data/com.termux/files/usr/lib conftest.c -ldl  >&5
configure:11730: $? = 0
configure:11730: result: yes
configure:11730: checking for sched_setparam
configure:11730: gcc -o conftest -I/data/data/com.termux/files/usr/include  -L/data/data/com.termux/files/usr/lib conftest.c -ldl  >&5
configure:11730: $? = 0
configure:11730: result: yes
configure:11730: checking for sched_rr_get_interval
configure:11730: gcc -o conftest -I/data/data/com.termux/files/usr/include  -L/data/data/com.termux/files/usr/lib conftest.c -ldl  >&5
configure:11730: $? = 0
configure:11730: result: yes
configure:11730: checking for sigaction
configure:11730: gcc -o conftest -I/data/data/com.termux/files/usr/include  -L/data/data/com.termux/files/usr/lib conftest.c -ldl  >&5
configure:11730: $? = 0
configure:11730: result: yes
configure:11730: checking for sigaltstack
configure:11730: gcc -o conftest -I/data/data/com.termux/files/usr/include  -L/data/data/com.termux/files/usr/lib conftest.c -ldl  >&5
configure:11730: $? = 0
configure:11730: result: yes
configure:11730: checking for sigfillset
configure:11730: gcc -o conftest -I/data/data/com.termux/files/usr/include  -L/data/data/com.termux/files/usr/lib conftest.c -ldl  >&5
configure:11730: $? = 0
configure:11730: result: yes
configure:11730: checking for siginterrupt
configure:11730: gcc -o conftest -I/data/data/com.termux/files/usr/include  -L/data/data/com.termux/files/usr/lib conftest.c -ldl  >&5
configure:11730: $? = 0
configure:11730: result: yes
configure:11730: checking for sigpending
configure:11730: gcc -o conftest -I/data/data/com.termux/files/usr/include  -L/data/data/com.termux/files/usr/lib conftest.c -ldl  >&5
configure:11730: $? = 0
configure:11730: result: yes
configure:11730: checking for sigrelse
configure:11730: gcc -o conftest -I/data/data/com.termux/files/usr/include  -L/data/data/com.termux/files/usr/lib conftest.c -ldl  >&5
configure:11730: $? = 0
configure:11730: result: yes
configure:11730: checking for sigtimedwait
configure:11730: gcc -o conftest -I/data/data/com.termux/files/usr/include  -L/data/data/com.termux/files/usr/lib conftest.c -ldl  >&5
configure:11730: $? = 0
configure:11730: result: yes
configure:11730: checking for sigwait
configure:11730: gcc -o conftest -I/data/data/com.termux/files/usr/include  -L/data/data/com.termux/files/usr/lib conftest.c -ldl  >&5
configure:11730: $? = 0
configure:11730: result: yes
configure:11730: checking for sigwaitinfo
configure:11730: gcc -o conftest -I/data/data/com.termux/files/usr/include  -L/data/data/com.termux/files/usr/lib conftest.c -ldl  >&5
configure:11730: $? = 0
configure:11730: result: yes
configure:11730: checking for snprintf
configure:11730: gcc -o conftest -I/data/data/com.termux/files/usr/include  -L/data/data/com.termux/files/usr/lib conftest.c -ldl  >&5
conftest.c:271:6: warning: incompatible redeclaration of library function 'snprintf' [-Wincompatible-library-redeclaration]
  271 | char snprintf ();
      |      ^
conftest.c:271:6: note: 'snprintf' is a builtin with type 'int (char *restrict, unsigned long, const char *restrict, ...)'
1 warning generated.
configure:11730: $? = 0
configure:11730: result: yes
configure:11730: checking for strftime
configure:11730: gcc -o conftest -I/data/data/com.termux/files/usr/include  -L/data/data/com.termux/files/usr/lib conftest.c -ldl  >&5
configure:11730: $? = 0
configure:11730: result: yes
configure:11730: checking for strlcpy
configure:11730: gcc -o conftest -I/data/data/com.termux/files/usr/include  -L/data/data/com.termux/files/usr/lib conftest.c -ldl  >&5
conftest.c:273:6: warning: incompatible redeclaration of library function 'strlcpy' [-Wincompatible-library-redeclaration]
  273 | char strlcpy ();
      |      ^
conftest.c:273:6: note: 'strlcpy' is a builtin with type 'unsigned long (char *, const char *, unsigned long)'
1 warning generated.
configure:11730: $? = 0
configure:11730: result: yes
configure:11730: checking for strsignal
configure:11730: gcc -o conftest -I/data/data/com.termux/files/usr/include  -L/data/data/com.termux/files/usr/lib conftest.c -ldl  >&5
configure:11730: $? = 0
configure:11730: result: yes
configure:11730: checking for symlinkat
configure:11730: gcc -o conftest -I/data/data/com.termux/files/usr/include  -L/data/data/com.termux/files/usr/lib conftest.c -ldl  >&5
configure:11730: $? = 0
configure:11730: result: yes
configure:11730: checking for sync
configure:11730: gcc -o conftest -I/data/data/com.termux/files/usr/include  -L/data/data/com.termux/files/usr/lib conftest.c -ldl  >&5
configure:11730: $? = 0
configure:11730: result: yes
configure:11730: checking for sysconf
configure:11730: gcc -o conftest -I/data/data/com.termux/files/usr/include  -L/data/data/com.termux/files/usr/lib conftest.c -ldl  >&5
configure:11730: $? = 0
configure:11730: result: yes
configure:11730: checking for tcgetpgrp
configure:11730: gcc -o conftest -I/data/data/com.termux/files/usr/include  -L/data/data/com.termux/files/usr/lib conftest.c -ldl  >&5
configure:11730: $? = 0
configure:11730: result: yes
configure:11730: checking for tcsetpgrp
configure:11730: gcc -o conftest -I/data/data/com.termux/files/usr/include  -L/data/data/com.termux/files/usr/lib conftest.c -ldl  >&5
configure:11730: $? = 0
configure:11730: result: yes
configure:11730: checking for tempnam
configure:11730: gcc -o conftest -I/data/data/com.termux/files/usr/include  -L/data/data/com.termux/files/usr/lib conftest.c -ldl  >&5
configure:11730: $? = 0
configure:11730: result: yes
configure:11730: checking for timegm
configure:11730: gcc -o conftest -I/data/data/com.termux/files/usr/include  -L/data/data/com.termux/files/usr/lib conftest.c -ldl  >&5
configure:11730: $? = 0
configure:11730: result: yes
configure:11730: checking for times
configure:11730: gcc -o conftest -I/data/data/com.termux/files/usr/include  -L/data/data/com.termux/files/usr/lib conftest.c -ldl  >&5
configure:11730: $? = 0
configure:11730: result: yes
configure:11730: checking for tmpfile
configure:11730: gcc -o conftest -I/data/data/com.termux/files/usr/include  -L/data/data/com.termux/files/usr/lib conftest.c -ldl  >&5
configure:11730: $? = 0
configure:11730: result: yes
configure:11730: checking for tmpnam
configure:11730: gcc -o conftest -I/data/data/com.termux/files/usr/include  -L/data/data/com.termux/files/usr/lib conftest.c -ldl  >&5
configure:11730: $? = 0
configure:11730: result: yes
configure:11730: checking for tmpnam_r
configure:11730: gcc -o conftest -I/data/data/com.termux/files/usr/include  -L/data/data/com.termux/files/usr/lib conftest.c -ldl  >&5
ld.lld: error: undefined symbol: tmpnam_r
>>> referenced by conftest.c
>>>               /data/data/com.termux/files/usr/tmp/conftest-859d9b.o:(main)
gcc: error: linker command failed with exit code 1 (use -v to see invocation)
configure:11730: $? = 1
configure: failed program was:
| /* confdefs.h */
| #define _GNU_SOURCE 1
| #define _NETBSD_SOURCE 1
| #define __BSD_VISIBLE 1
| #define _DARWIN_C_SOURCE 1
| #define _PYTHONFRAMEWORK ""
| #define _XOPEN_SOURCE 700
| #define _XOPEN_SOURCE_EXTENDED 1
| #define _POSIX_C_SOURCE 200809L
| #define STDC_HEADERS 1
| #define HAVE_SYS_TYPES_H 1
| #define HAVE_SYS_STAT_H 1
| #define HAVE_STDLIB_H 1
| #define HAVE_STRING_H 1
| #define HAVE_MEMORY_H 1
| #define HAVE_STRINGS_H 1
| #define HAVE_INTTYPES_H 1
| #define HAVE_STDINT_H 1
| #define HAVE_UNISTD_H 1
| #define __EXTENSIONS__ 1
| #define _ALL_SOURCE 1
| #define _GNU_SOURCE 1
| #define _POSIX_PTHREAD_SEMANTICS 1
| #define _TANDEM_SOURCE 1
| #define ANDROID_API_LEVEL 24
| #define STDC_HEADERS 1
| #define HAVE_ASM_TYPES_H 1
| #define HAVE_CRYPT_H 1
| #define HAVE_DLFCN_H 1
| #define HAVE_ERRNO_H 1
| #define HAVE_FCNTL_H 1
| #define HAVE_GRP_H 1
| #define HAVE_LANGINFO_H 1
| #define HAVE_LIBINTL_H 1
| #define HAVE_PTHREAD_H 1
| #define HAVE_SCHED_H 1
| #define HAVE_SIGNAL_H 1
| #define HAVE_TERMIOS_H 1
| #define HAVE_UTIME_H 1
| #define HAVE_POLL_H 1
| #define HAVE_SYS_EPOLL_H 1
| #define HAVE_SYS_POLL_H 1
| #define HAVE_SYS_XATTR_H 1
| #define HAVE_SYS_FILE_H 1
| #define HAVE_SYS_IOCTL_H 1
| #define HAVE_SYS_PARAM_H 1
| #define HAVE_SYS_RANDOM_H 1
| #define HAVE_SYS_SELECT_H 1
| #define HAVE_SYS_SENDFILE_H 1
| #define HAVE_SYS_SOCKET_H 1
| #define HAVE_SYS_STATVFS_H 1
| #define HAVE_SYS_STAT_H 1
| #define HAVE_SYS_SYSCALL_H 1
| #define HAVE_SYS_TIME_H 1
| #define HAVE_SYS_TIMES_H 1
| #define HAVE_SYS_TYPES_H 1
| #define HAVE_SYS_UIO_H 1
| #define HAVE_SYS_UN_H 1
| #define HAVE_SYS_UTSNAME_H 1
| #define HAVE_SYS_WAIT_H 1
| #define HAVE_PTY_H 1
| #define HAVE_SYS_RESOURCE_H 1
| #define HAVE_NETPACKET_PACKET_H 1
| #define HAVE_SYSEXITS_H 1
| #define HAVE_LINUX_TIPC_H 1
| #define HAVE_LINUX_RANDOM_H 1
| #define HAVE_SPAWN_H 1
| #define HAVE_ALLOCA_H 1
| #define HAVE_ENDIAN_H 1
| #define HAVE_SYS_ENDIAN_H 1
| #define HAVE_SYS_SYSMACROS_H 1
| #define HAVE_LINUX_MEMFD_H 1
| #define HAVE_LINUX_WAIT_H 1
| #define HAVE_SYS_MMAN_H 1
| #define HAVE_DIRENT_H 1
| #define MAJOR_IN_SYSMACROS 1
| #define HAVE_NET_IF_H 1
| #define HAVE_LINUX_NETLINK_H 1
| #define HAVE_LINUX_QRTR_H 1
| #define HAVE_LINUX_VM_SOCKETS_H 1
| #define HAVE_LINUX_CAN_H 1
| #define HAVE_LINUX_CAN_BCM_H 1
| #define HAVE_LINUX_CAN_J1939_H 1
| #define HAVE_LINUX_CAN_RAW_H 1
| #define HAVE_MAKEDEV 1
| #define HAVE_HTOLE64 1
| #define _LARGEFILE_SOURCE 1
| #define _FILE_OFFSET_BITS 64
| #if defined(SCO_DS)
| #undef _OFF_T
| #endif
| #define RETSIGTYPE void
| #define HAVE_SSIZE_T 1
| #define HAVE_GCC_UINT128_T 1
| #define SIZEOF_INT 4
| #define SIZEOF_LONG 8
| #define SIZEOF_LONG_LONG 8
| #define SIZEOF_VOID_P 8
| #define SIZEOF_SHORT 2
| #define SIZEOF_FLOAT 4
| #define SIZEOF_DOUBLE 8
| #define SIZEOF_FPOS_T 8
| #define SIZEOF_SIZE_T 8
| #define SIZEOF_PID_T 4
| #define SIZEOF_UINTPTR_T 8
| #define HAVE_LONG_DOUBLE 1
| #define SIZEOF_LONG_DOUBLE 16
| #define SIZEOF__BOOL 1
| #define SIZEOF_OFF_T 8
| #define SIZEOF_TIME_T 8
| #define SIZEOF_PTHREAD_T 8
| #define SIZEOF_PTHREAD_KEY_T 4
| #define PTHREAD_KEY_T_IS_COMPATIBLE_WITH_INT 1
| #define HAVE_LIBDL 1
| #define HAVE_UUID_UUID_H 1
| #define HAVE_UUID_GENERATE_TIME_SAFE 1
| #define WITH_DECIMAL_CONTEXTVAR 1
| #define _REENTRANT 1
| #define HAVE_PTHREAD_SIGMASK 1
| #define HAVE_PTHREAD_GETCPUCLOCKID 1
| #define ENABLE_IPV6 1
| #define HAVE_LINUX_CAN_RAW_FD_FRAMES 1
| #define HAVE_LINUX_CAN_RAW_JOIN_FILTERS 1
| #define WITH_DOC_STRINGS 1
| #define WITH_PYMALLOC 1
| #define PY_COERCE_C_LOCALE 1
| #define HAVE_DLOPEN 1
| #define HAVE_DYNAMIC_LOADING 1
| #define HAVE_ALARM 1
| #define HAVE_ACCEPT4 1
| #define HAVE_SETITIMER 1
| #define HAVE_GETITIMER 1
| #define HAVE_CHOWN 1
| #define HAVE_CLOCK 1
| #define HAVE_CTERMID 1
| #define HAVE_DUP3 1
| #define HAVE_EXECV 1
| #define HAVE_FACCESSAT 1
| #define HAVE_FCHMOD 1
| #define HAVE_FCHMODAT 1
| #define HAVE_FCHOWN 1
| #define HAVE_FCHOWNAT 1
| #define HAVE_FEXECVE 1
| #define HAVE_FDOPENDIR 1
| #define HAVE_FORK 1
| #define HAVE_FPATHCONF 1
| #define HAVE_FSTATAT 1
| #define HAVE_FTRUNCATE 1
| #define HAVE_FUTIMESAT 1
| #define HAVE_FUTIMENS 1
| #define HAVE_FUTIMES 1
| #define HAVE_GAI_STRERROR 1
| #define HAVE_GETENTROPY 1
| #define HAVE_GETGRGID_R 1
| #define HAVE_GETGRNAM_R 1
| #define HAVE_GETGROUPLIST 1
| #define HAVE_GETGROUPS 1
| #define HAVE_GETLOGIN 1
| #define HAVE_GETLOADAVG 1
| #define HAVE_GETPEERNAME 1
| #define HAVE_GETPGID 1
| #define HAVE_GETPID 1
| #define HAVE_GETPRIORITY 1
| #define HAVE_GETRESUID 1
| #define HAVE_GETRESGID 1
| #define HAVE_GETPWENT 1
| #define HAVE_GETPWNAM_R 1
| #define HAVE_GETPWUID_R 1
| #define HAVE_GETSID 1
| #define HAVE_IF_NAMEINDEX 1
| #define HAVE_INITGROUPS 1
| #define HAVE_KILL 1
| #define HAVE_KILLPG 1
| #define HAVE_LCHOWN 1
| #define HAVE_LOCKF 1
| #define HAVE_LINKAT 1
| #define HAVE_LSTAT 1
| #define HAVE_LUTIMES 1
| #define HAVE_MMAP 1
| #define HAVE_MEMRCHR 1
| #define HAVE_MBRTOWC 1
| #define HAVE_MKDIRAT 1
| #define HAVE_MKFIFO 1
| #define HAVE_MADVISE 1
| #define HAVE_MKFIFOAT 1
| #define HAVE_MKNOD 1
| #define HAVE_MKNODAT 1
| #define HAVE_MKTIME 1
| #define HAVE_MREMAP 1
| #define HAVE_NICE 1
| #define HAVE_OPENAT 1
| #define HAVE_PATHCONF 1
| #define HAVE_PAUSE 1
| #define HAVE_PIPE2 1
| #define HAVE_POLL 1
| #define HAVE_POSIX_FALLOCATE 1
| #define HAVE_POSIX_FADVISE 1
| #define HAVE_POSIX_SPAWN 1
| #define HAVE_POSIX_SPAWNP 1
| #define HAVE_PREAD 1
| #define HAVE_PREADV 1
| #define HAVE_PREADV2 1
| #define HAVE_PTHREAD_CONDATTR_SETCLOCK 1
| #define HAVE_PTHREAD_KILL 1
| #define HAVE_PWRITE 1
| #define HAVE_PWRITEV 1
| #define HAVE_PWRITEV2 1
| #define HAVE_READLINK 1
| #define HAVE_READLINKAT 1
| #define HAVE_READV 1
| #define HAVE_REALPATH 1
| #define HAVE_RENAMEAT 1
| #define HAVE_SEM_OPEN 1
| #define HAVE_SEM_TIMEDWAIT 1
| #define HAVE_SEM_GETVALUE 1
| #define HAVE_SEM_UNLINK 1
| #define HAVE_SENDFILE 1
| #define HAVE_SETEGID 1
| #define HAVE_SETEUID 1
| #define HAVE_SETGID 1
| #define HAVE_SETHOSTNAME 1
| #define HAVE_SETLOCALE 1
| #define HAVE_SETREGID 1
| #define HAVE_SETREUID 1
| #define HAVE_SETRESUID 1
| #define HAVE_SETRESGID 1
| #define HAVE_SETSID 1
| #define HAVE_SETPGID 1
| #define HAVE_SETPGRP 1
| #define HAVE_SETPRIORITY 1
| #define HAVE_SETUID 1
| #define HAVE_SETVBUF 1
| #define HAVE_SCHED_GET_PRIORITY_MAX 1
| #define HAVE_SCHED_SETAFFINITY 1
| #define HAVE_SCHED_SETSCHEDULER 1
| #define HAVE_SCHED_SETPARAM 1
| #define HAVE_SCHED_RR_GET_INTERVAL 1
| #define HAVE_SIGACTION 1
| #define HAVE_SIGALTSTACK 1
| #define HAVE_SIGFILLSET 1
| #define HAVE_SIGINTERRUPT 1
| #define HAVE_SIGPENDING 1
| #define HAVE_SIGRELSE 1
| #define HAVE_SIGTIMEDWAIT 1
| #define HAVE_SIGWAIT 1
| #define HAVE_SIGWAITINFO 1
| #define HAVE_SNPRINTF 1
| #define HAVE_STRFTIME 1
| #define HAVE_STRLCPY 1
| #define HAVE_STRSIGNAL 1
| #define HAVE_SYMLINKAT 1
| #define HAVE_SYNC 1
| #define HAVE_SYSCONF 1
| #define HAVE_TCGETPGRP 1
| #define HAVE_TCSETPGRP 1
| #define HAVE_TEMPNAM 1
| #define HAVE_TIMEGM 1
| #define HAVE_TIMES 1
| #define HAVE_TMPFILE 1
| #define HAVE_TMPNAM 1
| /* end confdefs.h.  */
| /* Define tmpnam_r to an innocuous variant, in case <limits.h> declares tmpnam_r.
|    For example, HP-UX 11i <limits.h> declares gettimeofday.  */
| #define tmpnam_r innocuous_tmpnam_r
| 
| /* System header to define __stub macros and hopefully few prototypes,
|     which can conflict with char tmpnam_r (); below.
|     Prefer <limits.h> to <assert.h> if __STDC__ is defined, since
|     <limits.h> exists even on freestanding compilers.  */
| 
| #ifdef __STDC__
| # include <limits.h>
| #else
| # include <assert.h>
| #endif
| 
| #undef tmpnam_r
| 
| /* Override any GCC internal prototype to avoid an error.
|    Use char because int might match the return type of a GCC
|    builtin and then its argument prototype would still apply.  */
| #ifdef __cplusplus
| extern "C"
| #endif
| char tmpnam_r ();
| /* The GNU C library defines this for functions which it implements
|     to always fail with ENOSYS.  Some functions are actually named
|     something starting with __ and the normal name is an alias.  */
| #if defined __stub_tmpnam_r || defined __stub___tmpnam_r
| choke me
| #endif
| 
| int
| main ()
| {
| return tmpnam_r ();
|   ;
|   return 0;
| }
configure:11730: result: no
configure:11730: checking for truncate
configure:11730: gcc -o conftest -I/data/data/com.termux/files/usr/include  -L/data/data/com.termux/files/usr/lib conftest.c -ldl  >&5
configure:11730: $? = 0
configure:11730: result: yes
configure:11730: checking for uname
configure:11730: gcc -o conftest -I/data/data/com.termux/files/usr/include  -L/data/data/com.termux/files/usr/lib conftest.c -ldl  >&5
configure:11730: $? = 0
configure:11730: result: yes
configure:11730: checking for unlinkat
configure:11730: gcc -o conftest -I/data/data/com.termux/files/usr/include  -L/data/data/com.termux/files/usr/lib conftest.c -ldl  >&5
configure:11730: $? = 0
configure:11730: result: yes
configure:11730: checking for utimensat
configure:11730: gcc -o conftest -I/data/data/com.termux/files/usr/include  -L/data/data/com.termux/files/usr/lib conftest.c -ldl  >&5
configure:11730: $? = 0
configure:11730: result: yes
configure:11730: checking for utimes
configure:11730: gcc -o conftest -I/data/data/com.termux/files/usr/include  -L/data/data/com.termux/files/usr/lib conftest.c -ldl  >&5
configure:11730: $? = 0
configure:11730: result: yes
configure:11730: checking for waitid
configure:11730: gcc -o conftest -I/data/data/com.termux/files/usr/include  -L/data/data/com.termux/files/usr/lib conftest.c -ldl  >&5
configure:11730: $? = 0
configure:11730: result: yes
configure:11730: checking for waitpid
configure:11730: gcc -o conftest -I/data/data/com.termux/files/usr/include  -L/data/data/com.termux/files/usr/lib conftest.c -ldl  >&5
configure:11730: $? = 0
configure:11730: result: yes
configure:11730: checking for wait3
configure:11730: gcc -o conftest -I/data/data/com.termux/files/usr/include  -L/data/data/com.termux/files/usr/lib conftest.c -ldl  >&5
ld.lld: error: undefined symbol: wait3
>>> referenced by conftest.c
>>>               /data/data/com.termux/files/usr/tmp/conftest-1ed90a.o:(main)
>>> did you mean: wait4
>>> defined in: /system/lib64/libc.so
gcc: error: linker command failed with exit code 1 (use -v to see invocation)
configure:11730: $? = 1
configure: failed program was:
| /* confdefs.h */
| #define _GNU_SOURCE 1
| #define _NETBSD_SOURCE 1
| #define __BSD_VISIBLE 1
| #define _DARWIN_C_SOURCE 1
| #define _PYTHONFRAMEWORK ""
| #define _XOPEN_SOURCE 700
| #define _XOPEN_SOURCE_EXTENDED 1
| #define _POSIX_C_SOURCE 200809L
| #define STDC_HEADERS 1
| #define HAVE_SYS_TYPES_H 1
| #define HAVE_SYS_STAT_H 1
| #define HAVE_STDLIB_H 1
| #define HAVE_STRING_H 1
| #define HAVE_MEMORY_H 1
| #define HAVE_STRINGS_H 1
| #define HAVE_INTTYPES_H 1
| #define HAVE_STDINT_H 1
| #define HAVE_UNISTD_H 1
| #define __EXTENSIONS__ 1
| #define _ALL_SOURCE 1
| #define _GNU_SOURCE 1
| #define _POSIX_PTHREAD_SEMANTICS 1
| #define _TANDEM_SOURCE 1
| #define ANDROID_API_LEVEL 24
| #define STDC_HEADERS 1
| #define HAVE_ASM_TYPES_H 1
| #define HAVE_CRYPT_H 1
| #define HAVE_DLFCN_H 1
| #define HAVE_ERRNO_H 1
| #define HAVE_FCNTL_H 1
| #define HAVE_GRP_H 1
| #define HAVE_LANGINFO_H 1
| #define HAVE_LIBINTL_H 1
| #define HAVE_PTHREAD_H 1
| #define HAVE_SCHED_H 1
| #define HAVE_SIGNAL_H 1
| #define HAVE_TERMIOS_H 1
| #define HAVE_UTIME_H 1
| #define HAVE_POLL_H 1
| #define HAVE_SYS_EPOLL_H 1
| #define HAVE_SYS_POLL_H 1
| #define HAVE_SYS_XATTR_H 1
| #define HAVE_SYS_FILE_H 1
| #define HAVE_SYS_IOCTL_H 1
| #define HAVE_SYS_PARAM_H 1
| #define HAVE_SYS_RANDOM_H 1
| #define HAVE_SYS_SELECT_H 1
| #define HAVE_SYS_SENDFILE_H 1
| #define HAVE_SYS_SOCKET_H 1
| #define HAVE_SYS_STATVFS_H 1
| #define HAVE_SYS_STAT_H 1
| #define HAVE_SYS_SYSCALL_H 1
| #define HAVE_SYS_TIME_H 1
| #define HAVE_SYS_TIMES_H 1
| #define HAVE_SYS_TYPES_H 1
| #define HAVE_SYS_UIO_H 1
| #define HAVE_SYS_UN_H 1
| #define HAVE_SYS_UTSNAME_H 1
| #define HAVE_SYS_WAIT_H 1
| #define HAVE_PTY_H 1
| #define HAVE_SYS_RESOURCE_H 1
| #define HAVE_NETPACKET_PACKET_H 1
| #define HAVE_SYSEXITS_H 1
| #define HAVE_LINUX_TIPC_H 1
| #define HAVE_LINUX_RANDOM_H 1
| #define HAVE_SPAWN_H 1
| #define HAVE_ALLOCA_H 1
| #define HAVE_ENDIAN_H 1
| #define HAVE_SYS_ENDIAN_H 1
| #define HAVE_SYS_SYSMACROS_H 1
| #define HAVE_LINUX_MEMFD_H 1
| #define HAVE_LINUX_WAIT_H 1
| #define HAVE_SYS_MMAN_H 1
| #define HAVE_DIRENT_H 1
| #define MAJOR_IN_SYSMACROS 1
| #define HAVE_NET_IF_H 1
| #define HAVE_LINUX_NETLINK_H 1
| #define HAVE_LINUX_QRTR_H 1
| #define HAVE_LINUX_VM_SOCKETS_H 1
| #define HAVE_LINUX_CAN_H 1
| #define HAVE_LINUX_CAN_BCM_H 1
| #define HAVE_LINUX_CAN_J1939_H 1
| #define HAVE_LINUX_CAN_RAW_H 1
| #define HAVE_MAKEDEV 1
| #define HAVE_HTOLE64 1
| #define _LARGEFILE_SOURCE 1
| #define _FILE_OFFSET_BITS 64
| #if defined(SCO_DS)
| #undef _OFF_T
| #endif
| #define RETSIGTYPE void
| #define HAVE_SSIZE_T 1
| #define HAVE_GCC_UINT128_T 1
| #define SIZEOF_INT 4
| #define SIZEOF_LONG 8
| #define SIZEOF_LONG_LONG 8
| #define SIZEOF_VOID_P 8
| #define SIZEOF_SHORT 2
| #define SIZEOF_FLOAT 4
| #define SIZEOF_DOUBLE 8
| #define SIZEOF_FPOS_T 8
| #define SIZEOF_SIZE_T 8
| #define SIZEOF_PID_T 4
| #define SIZEOF_UINTPTR_T 8
| #define HAVE_LONG_DOUBLE 1
| #define SIZEOF_LONG_DOUBLE 16
| #define SIZEOF__BOOL 1
| #define SIZEOF_OFF_T 8
| #define SIZEOF_TIME_T 8
| #define SIZEOF_PTHREAD_T 8
| #define SIZEOF_PTHREAD_KEY_T 4
| #define PTHREAD_KEY_T_IS_COMPATIBLE_WITH_INT 1
| #define HAVE_LIBDL 1
| #define HAVE_UUID_UUID_H 1
| #define HAVE_UUID_GENERATE_TIME_SAFE 1
| #define WITH_DECIMAL_CONTEXTVAR 1
| #define _REENTRANT 1
| #define HAVE_PTHREAD_SIGMASK 1
| #define HAVE_PTHREAD_GETCPUCLOCKID 1
| #define ENABLE_IPV6 1
| #define HAVE_LINUX_CAN_RAW_FD_FRAMES 1
| #define HAVE_LINUX_CAN_RAW_JOIN_FILTERS 1
| #define WITH_DOC_STRINGS 1
| #define WITH_PYMALLOC 1
| #define PY_COERCE_C_LOCALE 1
| #define HAVE_DLOPEN 1
| #define HAVE_DYNAMIC_LOADING 1
| #define HAVE_ALARM 1
| #define HAVE_ACCEPT4 1
| #define HAVE_SETITIMER 1
| #define HAVE_GETITIMER 1
| #define HAVE_CHOWN 1
| #define HAVE_CLOCK 1
| #define HAVE_CTERMID 1
| #define HAVE_DUP3 1
| #define HAVE_EXECV 1
| #define HAVE_FACCESSAT 1
| #define HAVE_FCHMOD 1
| #define HAVE_FCHMODAT 1
| #define HAVE_FCHOWN 1
| #define HAVE_FCHOWNAT 1
| #define HAVE_FEXECVE 1
| #define HAVE_FDOPENDIR 1
| #define HAVE_FORK 1
| #define HAVE_FPATHCONF 1
| #define HAVE_FSTATAT 1
| #define HAVE_FTRUNCATE 1
| #define HAVE_FUTIMESAT 1
| #define HAVE_FUTIMENS 1
| #define HAVE_FUTIMES 1
| #define HAVE_GAI_STRERROR 1
| #define HAVE_GETENTROPY 1
| #define HAVE_GETGRGID_R 1
| #define HAVE_GETGRNAM_R 1
| #define HAVE_GETGROUPLIST 1
| #define HAVE_GETGROUPS 1
| #define HAVE_GETLOGIN 1
| #define HAVE_GETLOADAVG 1
| #define HAVE_GETPEERNAME 1
| #define HAVE_GETPGID 1
| #define HAVE_GETPID 1
| #define HAVE_GETPRIORITY 1
| #define HAVE_GETRESUID 1
| #define HAVE_GETRESGID 1
| #define HAVE_GETPWENT 1
| #define HAVE_GETPWNAM_R 1
| #define HAVE_GETPWUID_R 1
| #define HAVE_GETSID 1
| #define HAVE_IF_NAMEINDEX 1
| #define HAVE_INITGROUPS 1
| #define HAVE_KILL 1
| #define HAVE_KILLPG 1
| #define HAVE_LCHOWN 1
| #define HAVE_LOCKF 1
| #define HAVE_LINKAT 1
| #define HAVE_LSTAT 1
| #define HAVE_LUTIMES 1
| #define HAVE_MMAP 1
| #define HAVE_MEMRCHR 1
| #define HAVE_MBRTOWC 1
| #define HAVE_MKDIRAT 1
| #define HAVE_MKFIFO 1
| #define HAVE_MADVISE 1
| #define HAVE_MKFIFOAT 1
| #define HAVE_MKNOD 1
| #define HAVE_MKNODAT 1
| #define HAVE_MKTIME 1
| #define HAVE_MREMAP 1
| #define HAVE_NICE 1
| #define HAVE_OPENAT 1
| #define HAVE_PATHCONF 1
| #define HAVE_PAUSE 1
| #define HAVE_PIPE2 1
| #define HAVE_POLL 1
| #define HAVE_POSIX_FALLOCATE 1
| #define HAVE_POSIX_FADVISE 1
| #define HAVE_POSIX_SPAWN 1
| #define HAVE_POSIX_SPAWNP 1
| #define HAVE_PREAD 1
| #define HAVE_PREADV 1
| #define HAVE_PREADV2 1
| #define HAVE_PTHREAD_CONDATTR_SETCLOCK 1
| #define HAVE_PTHREAD_KILL 1
| #define HAVE_PWRITE 1
| #define HAVE_PWRITEV 1
| #define HAVE_PWRITEV2 1
| #define HAVE_READLINK 1
| #define HAVE_READLINKAT 1
| #define HAVE_READV 1
| #define HAVE_REALPATH 1
| #define HAVE_RENAMEAT 1
| #define HAVE_SEM_OPEN 1
| #define HAVE_SEM_TIMEDWAIT 1
| #define HAVE_SEM_GETVALUE 1
| #define HAVE_SEM_UNLINK 1
| #define HAVE_SENDFILE 1
| #define HAVE_SETEGID 1
| #define HAVE_SETEUID 1
| #define HAVE_SETGID 1
| #define HAVE_SETHOSTNAME 1
| #define HAVE_SETLOCALE 1
| #define HAVE_SETREGID 1
| #define HAVE_SETREUID 1
| #define HAVE_SETRESUID 1
| #define HAVE_SETRESGID 1
| #define HAVE_SETSID 1
| #define HAVE_SETPGID 1
| #define HAVE_SETPGRP 1
| #define HAVE_SETPRIORITY 1
| #define HAVE_SETUID 1
| #define HAVE_SETVBUF 1
| #define HAVE_SCHED_GET_PRIORITY_MAX 1
| #define HAVE_SCHED_SETAFFINITY 1
| #define HAVE_SCHED_SETSCHEDULER 1
| #define HAVE_SCHED_SETPARAM 1
| #define HAVE_SCHED_RR_GET_INTERVAL 1
| #define HAVE_SIGACTION 1
| #define HAVE_SIGALTSTACK 1
| #define HAVE_SIGFILLSET 1
| #define HAVE_SIGINTERRUPT 1
| #define HAVE_SIGPENDING 1
| #define HAVE_SIGRELSE 1
| #define HAVE_SIGTIMEDWAIT 1
| #define HAVE_SIGWAIT 1
| #define HAVE_SIGWAITINFO 1
| #define HAVE_SNPRINTF 1
| #define HAVE_STRFTIME 1
| #define HAVE_STRLCPY 1
| #define HAVE_STRSIGNAL 1
| #define HAVE_SYMLINKAT 1
| #define HAVE_SYNC 1
| #define HAVE_SYSCONF 1
| #define HAVE_TCGETPGRP 1
| #define HAVE_TCSETPGRP 1
| #define HAVE_TEMPNAM 1
| #define HAVE_TIMEGM 1
| #define HAVE_TIMES 1
| #define HAVE_TMPFILE 1
| #define HAVE_TMPNAM 1
| #define HAVE_TRUNCATE 1
| #define HAVE_UNAME 1
| #define HAVE_UNLINKAT 1
| #define HAVE_UTIMENSAT 1
| #define HAVE_UTIMES 1
| #define HAVE_WAITID 1
| #define HAVE_WAITPID 1
| /* end confdefs.h.  */
| /* Define wait3 to an innocuous variant, in case <limits.h> declares wait3.
|    For example, HP-UX 11i <limits.h> declares gettimeofday.  */
| #define wait3 innocuous_wait3
| 
| /* System header to define __stub macros and hopefully few prototypes,
|     which can conflict with char wait3 (); below.
|     Prefer <limits.h> to <assert.h> if __STDC__ is defined, since
|     <limits.h> exists even on freestanding compilers.  */
| 
| #ifdef __STDC__
| # include <limits.h>
| #else
| # include <assert.h>
| #endif
| 
| #undef wait3
| 
| /* Override any GCC internal prototype to avoid an error.
|    Use char because int might match the return type of a GCC
|    builtin and then its argument prototype would still apply.  */
| #ifdef __cplusplus
| extern "C"
| #endif
| char wait3 ();
| /* The GNU C library defines this for functions which it implements
|     to always fail with ENOSYS.  Some functions are actually named
|     something starting with __ and the normal name is an alias.  */
| #if defined __stub_wait3 || defined __stub___wait3
| choke me
| #endif
| 
| int
| main ()
| {
| return wait3 ();
|   ;
|   return 0;
| }
configure:11730: result: no
configure:11730: checking for wait4
configure:11730: gcc -o conftest -I/data/data/com.termux/files/usr/include  -L/data/data/com.termux/files/usr/lib conftest.c -ldl  >&5
configure:11730: $? = 0
configure:11730: result: yes
configure:11730: checking for wcscoll
configure:11730: gcc -o conftest -I/data/data/com.termux/files/usr/include  -L/data/data/com.termux/files/usr/lib conftest.c -ldl  >&5
configure:11730: $? = 0
configure:11730: result: yes
configure:11730: checking for wcsftime
configure:11730: gcc -o conftest -I/data/data/com.termux/files/usr/include  -L/data/data/com.termux/files/usr/lib conftest.c -ldl  >&5
configure:11730: $? = 0
configure:11730: result: yes
configure:11730: checking for wcsxfrm
configure:11730: gcc -o conftest -I/data/data/com.termux/files/usr/include  -L/data/data/com.termux/files/usr/lib conftest.c -ldl  >&5
configure:11730: $? = 0
configure:11730: result: yes
configure:11730: checking for wmemcmp
configure:11730: gcc -o conftest -I/data/data/com.termux/files/usr/include  -L/data/data/com.termux/files/usr/lib conftest.c -ldl  >&5
conftest.c:296:6: warning: incompatible redeclaration of library function 'wmemcmp' [-Wincompatible-library-redeclaration]
  296 | char wmemcmp ();
      |      ^
conftest.c:296:6: note: 'wmemcmp' is a builtin with type 'int (const unsigned int *, const unsigned int *, unsigned long)'
1 warning generated.
configure:11730: $? = 0
configure:11730: result: yes
configure:11730: checking for writev
configure:11730: gcc -o conftest -I/data/data/com.termux/files/usr/include  -L/data/data/com.termux/files/usr/lib conftest.c -ldl  >&5
configure:11730: $? = 0
configure:11730: result: yes
configure:11730: checking for _getpty
configure:11730: gcc -o conftest -I/data/data/com.termux/files/usr/include  -L/data/data/com.termux/files/usr/lib conftest.c -ldl  >&5
ld.lld: error: undefined symbol: _getpty
>>> referenced by conftest.c
>>>               /data/data/com.termux/files/usr/tmp/conftest-852322.o:(main)
gcc: error: linker command failed with exit code 1 (use -v to see invocation)
configure:11730: $? = 1
configure: failed program was:
| /* confdefs.h */
| #define _GNU_SOURCE 1
| #define _NETBSD_SOURCE 1
| #define __BSD_VISIBLE 1
| #define _DARWIN_C_SOURCE 1
| #define _PYTHONFRAMEWORK ""
| #define _XOPEN_SOURCE 700
| #define _XOPEN_SOURCE_EXTENDED 1
| #define _POSIX_C_SOURCE 200809L
| #define STDC_HEADERS 1
| #define HAVE_SYS_TYPES_H 1
| #define HAVE_SYS_STAT_H 1
| #define HAVE_STDLIB_H 1
| #define HAVE_STRING_H 1
| #define HAVE_MEMORY_H 1
| #define HAVE_STRINGS_H 1
| #define HAVE_INTTYPES_H 1
| #define HAVE_STDINT_H 1
| #define HAVE_UNISTD_H 1
| #define __EXTENSIONS__ 1
| #define _ALL_SOURCE 1
| #define _GNU_SOURCE 1
| #define _POSIX_PTHREAD_SEMANTICS 1
| #define _TANDEM_SOURCE 1
| #define ANDROID_API_LEVEL 24
| #define STDC_HEADERS 1
| #define HAVE_ASM_TYPES_H 1
| #define HAVE_CRYPT_H 1
| #define HAVE_DLFCN_H 1
| #define HAVE_ERRNO_H 1
| #define HAVE_FCNTL_H 1
| #define HAVE_GRP_H 1
| #define HAVE_LANGINFO_H 1
| #define HAVE_LIBINTL_H 1
| #define HAVE_PTHREAD_H 1
| #define HAVE_SCHED_H 1
| #define HAVE_SIGNAL_H 1
| #define HAVE_TERMIOS_H 1
| #define HAVE_UTIME_H 1
| #define HAVE_POLL_H 1
| #define HAVE_SYS_EPOLL_H 1
| #define HAVE_SYS_POLL_H 1
| #define HAVE_SYS_XATTR_H 1
| #define HAVE_SYS_FILE_H 1
| #define HAVE_SYS_IOCTL_H 1
| #define HAVE_SYS_PARAM_H 1
| #define HAVE_SYS_RANDOM_H 1
| #define HAVE_SYS_SELECT_H 1
| #define HAVE_SYS_SENDFILE_H 1
| #define HAVE_SYS_SOCKET_H 1
| #define HAVE_SYS_STATVFS_H 1
| #define HAVE_SYS_STAT_H 1
| #define HAVE_SYS_SYSCALL_H 1
| #define HAVE_SYS_TIME_H 1
| #define HAVE_SYS_TIMES_H 1
| #define HAVE_SYS_TYPES_H 1
| #define HAVE_SYS_UIO_H 1
| #define HAVE_SYS_UN_H 1
| #define HAVE_SYS_UTSNAME_H 1
| #define HAVE_SYS_WAIT_H 1
| #define HAVE_PTY_H 1
| #define HAVE_SYS_RESOURCE_H 1
| #define HAVE_NETPACKET_PACKET_H 1
| #define HAVE_SYSEXITS_H 1
| #define HAVE_LINUX_TIPC_H 1
| #define HAVE_LINUX_RANDOM_H 1
| #define HAVE_SPAWN_H 1
| #define HAVE_ALLOCA_H 1
| #define HAVE_ENDIAN_H 1
| #define HAVE_SYS_ENDIAN_H 1
| #define HAVE_SYS_SYSMACROS_H 1
| #define HAVE_LINUX_MEMFD_H 1
| #define HAVE_LINUX_WAIT_H 1
| #define HAVE_SYS_MMAN_H 1
| #define HAVE_DIRENT_H 1
| #define MAJOR_IN_SYSMACROS 1
| #define HAVE_NET_IF_H 1
| #define HAVE_LINUX_NETLINK_H 1
| #define HAVE_LINUX_QRTR_H 1
| #define HAVE_LINUX_VM_SOCKETS_H 1
| #define HAVE_LINUX_CAN_H 1
| #define HAVE_LINUX_CAN_BCM_H 1
| #define HAVE_LINUX_CAN_J1939_H 1
| #define HAVE_LINUX_CAN_RAW_H 1
| #define HAVE_MAKEDEV 1
| #define HAVE_HTOLE64 1
| #define _LARGEFILE_SOURCE 1
| #define _FILE_OFFSET_BITS 64
| #if defined(SCO_DS)
| #undef _OFF_T
| #endif
| #define RETSIGTYPE void
| #define HAVE_SSIZE_T 1
| #define HAVE_GCC_UINT128_T 1
| #define SIZEOF_INT 4
| #define SIZEOF_LONG 8
| #define SIZEOF_LONG_LONG 8
| #define SIZEOF_VOID_P 8
| #define SIZEOF_SHORT 2
| #define SIZEOF_FLOAT 4
| #define SIZEOF_DOUBLE 8
| #define SIZEOF_FPOS_T 8
| #define SIZEOF_SIZE_T 8
| #define SIZEOF_PID_T 4
| #define SIZEOF_UINTPTR_T 8
| #define HAVE_LONG_DOUBLE 1
| #define SIZEOF_LONG_DOUBLE 16
| #define SIZEOF__BOOL 1
| #define SIZEOF_OFF_T 8
| #define SIZEOF_TIME_T 8
| #define SIZEOF_PTHREAD_T 8
| #define SIZEOF_PTHREAD_KEY_T 4
| #define PTHREAD_KEY_T_IS_COMPATIBLE_WITH_INT 1
| #define HAVE_LIBDL 1
| #define HAVE_UUID_UUID_H 1
| #define HAVE_UUID_GENERATE_TIME_SAFE 1
| #define WITH_DECIMAL_CONTEXTVAR 1
| #define _REENTRANT 1
| #define HAVE_PTHREAD_SIGMASK 1
| #define HAVE_PTHREAD_GETCPUCLOCKID 1
| #define ENABLE_IPV6 1
| #define HAVE_LINUX_CAN_RAW_FD_FRAMES 1
| #define HAVE_LINUX_CAN_RAW_JOIN_FILTERS 1
| #define WITH_DOC_STRINGS 1
| #define WITH_PYMALLOC 1
| #define PY_COERCE_C_LOCALE 1
| #define HAVE_DLOPEN 1
| #define HAVE_DYNAMIC_LOADING 1
| #define HAVE_ALARM 1
| #define HAVE_ACCEPT4 1
| #define HAVE_SETITIMER 1
| #define HAVE_GETITIMER 1
| #define HAVE_CHOWN 1
| #define HAVE_CLOCK 1
| #define HAVE_CTERMID 1
| #define HAVE_DUP3 1
| #define HAVE_EXECV 1
| #define HAVE_FACCESSAT 1
| #define HAVE_FCHMOD 1
| #define HAVE_FCHMODAT 1
| #define HAVE_FCHOWN 1
| #define HAVE_FCHOWNAT 1
| #define HAVE_FEXECVE 1
| #define HAVE_FDOPENDIR 1
| #define HAVE_FORK 1
| #define HAVE_FPATHCONF 1
| #define HAVE_FSTATAT 1
| #define HAVE_FTRUNCATE 1
| #define HAVE_FUTIMESAT 1
| #define HAVE_FUTIMENS 1
| #define HAVE_FUTIMES 1
| #define HAVE_GAI_STRERROR 1
| #define HAVE_GETENTROPY 1
| #define HAVE_GETGRGID_R 1
| #define HAVE_GETGRNAM_R 1
| #define HAVE_GETGROUPLIST 1
| #define HAVE_GETGROUPS 1
| #define HAVE_GETLOGIN 1
| #define HAVE_GETLOADAVG 1
| #define HAVE_GETPEERNAME 1
| #define HAVE_GETPGID 1
| #define HAVE_GETPID 1
| #define HAVE_GETPRIORITY 1
| #define HAVE_GETRESUID 1
| #define HAVE_GETRESGID 1
| #define HAVE_GETPWENT 1
| #define HAVE_GETPWNAM_R 1
| #define HAVE_GETPWUID_R 1
| #define HAVE_GETSID 1
| #define HAVE_IF_NAMEINDEX 1
| #define HAVE_INITGROUPS 1
| #define HAVE_KILL 1
| #define HAVE_KILLPG 1
| #define HAVE_LCHOWN 1
| #define HAVE_LOCKF 1
| #define HAVE_LINKAT 1
| #define HAVE_LSTAT 1
| #define HAVE_LUTIMES 1
| #define HAVE_MMAP 1
| #define HAVE_MEMRCHR 1
| #define HAVE_MBRTOWC 1
| #define HAVE_MKDIRAT 1
| #define HAVE_MKFIFO 1
| #define HAVE_MADVISE 1
| #define HAVE_MKFIFOAT 1
| #define HAVE_MKNOD 1
| #define HAVE_MKNODAT 1
| #define HAVE_MKTIME 1
| #define HAVE_MREMAP 1
| #define HAVE_NICE 1
| #define HAVE_OPENAT 1
| #define HAVE_PATHCONF 1
| #define HAVE_PAUSE 1
| #define HAVE_PIPE2 1
| #define HAVE_POLL 1
| #define HAVE_POSIX_FALLOCATE 1
| #define HAVE_POSIX_FADVISE 1
| #define HAVE_POSIX_SPAWN 1
| #define HAVE_POSIX_SPAWNP 1
| #define HAVE_PREAD 1
| #define HAVE_PREADV 1
| #define HAVE_PREADV2 1
| #define HAVE_PTHREAD_CONDATTR_SETCLOCK 1
| #define HAVE_PTHREAD_KILL 1
| #define HAVE_PWRITE 1
| #define HAVE_PWRITEV 1
| #define HAVE_PWRITEV2 1
| #define HAVE_READLINK 1
| #define HAVE_READLINKAT 1
| #define HAVE_READV 1
| #define HAVE_REALPATH 1
| #define HAVE_RENAMEAT 1
| #define HAVE_SEM_OPEN 1
| #define HAVE_SEM_TIMEDWAIT 1
| #define HAVE_SEM_GETVALUE 1
| #define HAVE_SEM_UNLINK 1
| #define HAVE_SENDFILE 1
| #define HAVE_SETEGID 1
| #define HAVE_SETEUID 1
| #define HAVE_SETGID 1
| #define HAVE_SETHOSTNAME 1
| #define HAVE_SETLOCALE 1
| #define HAVE_SETREGID 1
| #define HAVE_SETREUID 1
| #define HAVE_SETRESUID 1
| #define HAVE_SETRESGID 1
| #define HAVE_SETSID 1
| #define HAVE_SETPGID 1
| #define HAVE_SETPGRP 1
| #define HAVE_SETPRIORITY 1
| #define HAVE_SETUID 1
| #define HAVE_SETVBUF 1
| #define HAVE_SCHED_GET_PRIORITY_MAX 1
| #define HAVE_SCHED_SETAFFINITY 1
| #define HAVE_SCHED_SETSCHEDULER 1
| #define HAVE_SCHED_SETPARAM 1
| #define HAVE_SCHED_RR_GET_INTERVAL 1
| #define HAVE_SIGACTION 1
| #define HAVE_SIGALTSTACK 1
| #define HAVE_SIGFILLSET 1
| #define HAVE_SIGINTERRUPT 1
| #define HAVE_SIGPENDING 1
| #define HAVE_SIGRELSE 1
| #define HAVE_SIGTIMEDWAIT 1
| #define HAVE_SIGWAIT 1
| #define HAVE_SIGWAITINFO 1
| #define HAVE_SNPRINTF 1
| #define HAVE_STRFTIME 1
| #define HAVE_STRLCPY 1
| #define HAVE_STRSIGNAL 1
| #define HAVE_SYMLINKAT 1
| #define HAVE_SYNC 1
| #define HAVE_SYSCONF 1
| #define HAVE_TCGETPGRP 1
| #define HAVE_TCSETPGRP 1
| #define HAVE_TEMPNAM 1
| #define HAVE_TIMEGM 1
| #define HAVE_TIMES 1
| #define HAVE_TMPFILE 1
| #define HAVE_TMPNAM 1
| #define HAVE_TRUNCATE 1
| #define HAVE_UNAME 1
| #define HAVE_UNLINKAT 1
| #define HAVE_UTIMENSAT 1
| #define HAVE_UTIMES 1
| #define HAVE_WAITID 1
| #define HAVE_WAITPID 1
| #define HAVE_WAIT4 1
| #define HAVE_WCSCOLL 1
| #define HAVE_WCSFTIME 1
| #define HAVE_WCSXFRM 1
| #define HAVE_WMEMCMP 1
| #define HAVE_WRITEV 1
| /* end confdefs.h.  */
| /* Define _getpty to an innocuous variant, in case <limits.h> declares _getpty.
|    For example, HP-UX 11i <limits.h> declares gettimeofday.  */
| #define _getpty innocuous__getpty
| 
| /* System header to define __stub macros and hopefully few prototypes,
|     which can conflict with char _getpty (); below.
|     Prefer <limits.h> to <assert.h> if __STDC__ is defined, since
|     <limits.h> exists even on freestanding compilers.  */
| 
| #ifdef __STDC__
| # include <limits.h>
| #else
| # include <assert.h>
| #endif
| 
| #undef _getpty
| 
| /* Override any GCC internal prototype to avoid an error.
|    Use char because int might match the return type of a GCC
|    builtin and then its argument prototype would still apply.  */
| #ifdef __cplusplus
| extern "C"
| #endif
| char _getpty ();
| /* The GNU C library defines this for functions which it implements
|     to always fail with ENOSYS.  Some functions are actually named
|     something starting with __ and the normal name is an alias.  */
| #if defined __stub__getpty || defined __stub____getpty
| choke me
| #endif
| 
| int
| main ()
| {
| return _getpty ();
|   ;
|   return 0;
| }
configure:11730: result: no
configure:11730: checking for rtpSpawn
configure:11730: gcc -o conftest -I/data/data/com.termux/files/usr/include  -L/data/data/com.termux/files/usr/lib conftest.c -ldl  >&5
ld.lld: error: undefined symbol: rtpSpawn
>>> referenced by conftest.c
>>>               /data/data/com.termux/files/usr/tmp/conftest-d8bd49.o:(main)
gcc: error: linker command failed with exit code 1 (use -v to see invocation)
configure:11730: $? = 1
configure: failed program was:
| /* confdefs.h */
| #define _GNU_SOURCE 1
| #define _NETBSD_SOURCE 1
| #define __BSD_VISIBLE 1
| #define _DARWIN_C_SOURCE 1
| #define _PYTHONFRAMEWORK ""
| #define _XOPEN_SOURCE 700
| #define _XOPEN_SOURCE_EXTENDED 1
| #define _POSIX_C_SOURCE 200809L
| #define STDC_HEADERS 1
| #define HAVE_SYS_TYPES_H 1
| #define HAVE_SYS_STAT_H 1
| #define HAVE_STDLIB_H 1
| #define HAVE_STRING_H 1
| #define HAVE_MEMORY_H 1
| #define HAVE_STRINGS_H 1
| #define HAVE_INTTYPES_H 1
| #define HAVE_STDINT_H 1
| #define HAVE_UNISTD_H 1
| #define __EXTENSIONS__ 1
| #define _ALL_SOURCE 1
| #define _GNU_SOURCE 1
| #define _POSIX_PTHREAD_SEMANTICS 1
| #define _TANDEM_SOURCE 1
| #define ANDROID_API_LEVEL 24
| #define STDC_HEADERS 1
| #define HAVE_ASM_TYPES_H 1
| #define HAVE_CRYPT_H 1
| #define HAVE_DLFCN_H 1
| #define HAVE_ERRNO_H 1
| #define HAVE_FCNTL_H 1
| #define HAVE_GRP_H 1
| #define HAVE_LANGINFO_H 1
| #define HAVE_LIBINTL_H 1
| #define HAVE_PTHREAD_H 1
| #define HAVE_SCHED_H 1
| #define HAVE_SIGNAL_H 1
| #define HAVE_TERMIOS_H 1
| #define HAVE_UTIME_H 1
| #define HAVE_POLL_H 1
| #define HAVE_SYS_EPOLL_H 1
| #define HAVE_SYS_POLL_H 1
| #define HAVE_SYS_XATTR_H 1
| #define HAVE_SYS_FILE_H 1
| #define HAVE_SYS_IOCTL_H 1
| #define HAVE_SYS_PARAM_H 1
| #define HAVE_SYS_RANDOM_H 1
| #define HAVE_SYS_SELECT_H 1
| #define HAVE_SYS_SENDFILE_H 1
| #define HAVE_SYS_SOCKET_H 1
| #define HAVE_SYS_STATVFS_H 1
| #define HAVE_SYS_STAT_H 1
| #define HAVE_SYS_SYSCALL_H 1
| #define HAVE_SYS_TIME_H 1
| #define HAVE_SYS_TIMES_H 1
| #define HAVE_SYS_TYPES_H 1
| #define HAVE_SYS_UIO_H 1
| #define HAVE_SYS_UN_H 1
| #define HAVE_SYS_UTSNAME_H 1
| #define HAVE_SYS_WAIT_H 1
| #define HAVE_PTY_H 1
| #define HAVE_SYS_RESOURCE_H 1
| #define HAVE_NETPACKET_PACKET_H 1
| #define HAVE_SYSEXITS_H 1
| #define HAVE_LINUX_TIPC_H 1
| #define HAVE_LINUX_RANDOM_H 1
| #define HAVE_SPAWN_H 1
| #define HAVE_ALLOCA_H 1
| #define HAVE_ENDIAN_H 1
| #define HAVE_SYS_ENDIAN_H 1
| #define HAVE_SYS_SYSMACROS_H 1
| #define HAVE_LINUX_MEMFD_H 1
| #define HAVE_LINUX_WAIT_H 1
| #define HAVE_SYS_MMAN_H 1
| #define HAVE_DIRENT_H 1
| #define MAJOR_IN_SYSMACROS 1
| #define HAVE_NET_IF_H 1
| #define HAVE_LINUX_NETLINK_H 1
| #define HAVE_LINUX_QRTR_H 1
| #define HAVE_LINUX_VM_SOCKETS_H 1
| #define HAVE_LINUX_CAN_H 1
| #define HAVE_LINUX_CAN_BCM_H 1
| #define HAVE_LINUX_CAN_J1939_H 1
| #define HAVE_LINUX_CAN_RAW_H 1
| #define HAVE_MAKEDEV 1
| #define HAVE_HTOLE64 1
| #define _LARGEFILE_SOURCE 1
| #define _FILE_OFFSET_BITS 64
| #if defined(SCO_DS)
| #undef _OFF_T
| #endif
| #define RETSIGTYPE void
| #define HAVE_SSIZE_T 1
| #define HAVE_GCC_UINT128_T 1
| #define SIZEOF_INT 4
| #define SIZEOF_LONG 8
| #define SIZEOF_LONG_LONG 8
| #define SIZEOF_VOID_P 8
| #define SIZEOF_SHORT 2
| #define SIZEOF_FLOAT 4
| #define SIZEOF_DOUBLE 8
| #define SIZEOF_FPOS_T 8
| #define SIZEOF_SIZE_T 8
| #define SIZEOF_PID_T 4
| #define SIZEOF_UINTPTR_T 8
| #define HAVE_LONG_DOUBLE 1
| #define SIZEOF_LONG_DOUBLE 16
| #define SIZEOF__BOOL 1
| #define SIZEOF_OFF_T 8
| #define SIZEOF_TIME_T 8
| #define SIZEOF_PTHREAD_T 8
| #define SIZEOF_PTHREAD_KEY_T 4
| #define PTHREAD_KEY_T_IS_COMPATIBLE_WITH_INT 1
| #define HAVE_LIBDL 1
| #define HAVE_UUID_UUID_H 1
| #define HAVE_UUID_GENERATE_TIME_SAFE 1
| #define WITH_DECIMAL_CONTEXTVAR 1
| #define _REENTRANT 1
| #define HAVE_PTHREAD_SIGMASK 1
| #define HAVE_PTHREAD_GETCPUCLOCKID 1
| #define ENABLE_IPV6 1
| #define HAVE_LINUX_CAN_RAW_FD_FRAMES 1
| #define HAVE_LINUX_CAN_RAW_JOIN_FILTERS 1
| #define WITH_DOC_STRINGS 1
| #define WITH_PYMALLOC 1
| #define PY_COERCE_C_LOCALE 1
| #define HAVE_DLOPEN 1
| #define HAVE_DYNAMIC_LOADING 1
| #define HAVE_ALARM 1
| #define HAVE_ACCEPT4 1
| #define HAVE_SETITIMER 1
| #define HAVE_GETITIMER 1
| #define HAVE_CHOWN 1
| #define HAVE_CLOCK 1
| #define HAVE_CTERMID 1
| #define HAVE_DUP3 1
| #define HAVE_EXECV 1
| #define HAVE_FACCESSAT 1
| #define HAVE_FCHMOD 1
| #define HAVE_FCHMODAT 1
| #define HAVE_FCHOWN 1
| #define HAVE_FCHOWNAT 1
| #define HAVE_FEXECVE 1
| #define HAVE_FDOPENDIR 1
| #define HAVE_FORK 1
| #define HAVE_FPATHCONF 1
| #define HAVE_FSTATAT 1
| #define HAVE_FTRUNCATE 1
| #define HAVE_FUTIMESAT 1
| #define HAVE_FUTIMENS 1
| #define HAVE_FUTIMES 1
| #define HAVE_GAI_STRERROR 1
| #define HAVE_GETENTROPY 1
| #define HAVE_GETGRGID_R 1
| #define HAVE_GETGRNAM_R 1
| #define HAVE_GETGROUPLIST 1
| #define HAVE_GETGROUPS 1
| #define HAVE_GETLOGIN 1
| #define HAVE_GETLOADAVG 1
| #define HAVE_GETPEERNAME 1
| #define HAVE_GETPGID 1
| #define HAVE_GETPID 1
| #define HAVE_GETPRIORITY 1
| #define HAVE_GETRESUID 1
| #define HAVE_GETRESGID 1
| #define HAVE_GETPWENT 1
| #define HAVE_GETPWNAM_R 1
| #define HAVE_GETPWUID_R 1
| #define HAVE_GETSID 1
| #define HAVE_IF_NAMEINDEX 1
| #define HAVE_INITGROUPS 1
| #define HAVE_KILL 1
| #define HAVE_KILLPG 1
| #define HAVE_LCHOWN 1
| #define HAVE_LOCKF 1
| #define HAVE_LINKAT 1
| #define HAVE_LSTAT 1
| #define HAVE_LUTIMES 1
| #define HAVE_MMAP 1
| #define HAVE_MEMRCHR 1
| #define HAVE_MBRTOWC 1
| #define HAVE_MKDIRAT 1
| #define HAVE_MKFIFO 1
| #define HAVE_MADVISE 1
| #define HAVE_MKFIFOAT 1
| #define HAVE_MKNOD 1
| #define HAVE_MKNODAT 1
| #define HAVE_MKTIME 1
| #define HAVE_MREMAP 1
| #define HAVE_NICE 1
| #define HAVE_OPENAT 1
| #define HAVE_PATHCONF 1
| #define HAVE_PAUSE 1
| #define HAVE_PIPE2 1
| #define HAVE_POLL 1
| #define HAVE_POSIX_FALLOCATE 1
| #define HAVE_POSIX_FADVISE 1
| #define HAVE_POSIX_SPAWN 1
| #define HAVE_POSIX_SPAWNP 1
| #define HAVE_PREAD 1
| #define HAVE_PREADV 1
| #define HAVE_PREADV2 1
| #define HAVE_PTHREAD_CONDATTR_SETCLOCK 1
| #define HAVE_PTHREAD_KILL 1
| #define HAVE_PWRITE 1
| #define HAVE_PWRITEV 1
| #define HAVE_PWRITEV2 1
| #define HAVE_READLINK 1
| #define HAVE_READLINKAT 1
| #define HAVE_READV 1
| #define HAVE_REALPATH 1
| #define HAVE_RENAMEAT 1
| #define HAVE_SEM_OPEN 1
| #define HAVE_SEM_TIMEDWAIT 1
| #define HAVE_SEM_GETVALUE 1
| #define HAVE_SEM_UNLINK 1
| #define HAVE_SENDFILE 1
| #define HAVE_SETEGID 1
| #define HAVE_SETEUID 1
| #define HAVE_SETGID 1
| #define HAVE_SETHOSTNAME 1
| #define HAVE_SETLOCALE 1
| #define HAVE_SETREGID 1
| #define HAVE_SETREUID 1
| #define HAVE_SETRESUID 1
| #define HAVE_SETRESGID 1
| #define HAVE_SETSID 1
| #define HAVE_SETPGID 1
| #define HAVE_SETPGRP 1
| #define HAVE_SETPRIORITY 1
| #define HAVE_SETUID 1
| #define HAVE_SETVBUF 1
| #define HAVE_SCHED_GET_PRIORITY_MAX 1
| #define HAVE_SCHED_SETAFFINITY 1
| #define HAVE_SCHED_SETSCHEDULER 1
| #define HAVE_SCHED_SETPARAM 1
| #define HAVE_SCHED_RR_GET_INTERVAL 1
| #define HAVE_SIGACTION 1
| #define HAVE_SIGALTSTACK 1
| #define HAVE_SIGFILLSET 1
| #define HAVE_SIGINTERRUPT 1
| #define HAVE_SIGPENDING 1
| #define HAVE_SIGRELSE 1
| #define HAVE_SIGTIMEDWAIT 1
| #define HAVE_SIGWAIT 1
| #define HAVE_SIGWAITINFO 1
| #define HAVE_SNPRINTF 1
| #define HAVE_STRFTIME 1
| #define HAVE_STRLCPY 1
| #define HAVE_STRSIGNAL 1
| #define HAVE_SYMLINKAT 1
| #define HAVE_SYNC 1
| #define HAVE_SYSCONF 1
| #define HAVE_TCGETPGRP 1
| #define HAVE_TCSETPGRP 1
| #define HAVE_TEMPNAM 1
| #define HAVE_TIMEGM 1
| #define HAVE_TIMES 1
| #define HAVE_TMPFILE 1
| #define HAVE_TMPNAM 1
| #define HAVE_TRUNCATE 1
| #define HAVE_UNAME 1
| #define HAVE_UNLINKAT 1
| #define HAVE_UTIMENSAT 1
| #define HAVE_UTIMES 1
| #define HAVE_WAITID 1
| #define HAVE_WAITPID 1
| #define HAVE_WAIT4 1
| #define HAVE_WCSCOLL 1
| #define HAVE_WCSFTIME 1
| #define HAVE_WCSXFRM 1
| #define HAVE_WMEMCMP 1
| #define HAVE_WRITEV 1
| /* end confdefs.h.  */
| /* Define rtpSpawn to an innocuous variant, in case <limits.h> declares rtpSpawn.
|    For example, HP-UX 11i <limits.h> declares gettimeofday.  */
| #define rtpSpawn innocuous_rtpSpawn
| 
| /* System header to define __stub macros and hopefully few prototypes,
|     which can conflict with char rtpSpawn (); below.
|     Prefer <limits.h> to <assert.h> if __STDC__ is defined, since
|     <limits.h> exists even on freestanding compilers.  */
| 
| #ifdef __STDC__
| # include <limits.h>
| #else
| # include <assert.h>
| #endif
| 
| #undef rtpSpawn
| 
| /* Override any GCC internal prototype to avoid an error.
|    Use char because int might match the return type of a GCC
|    builtin and then its argument prototype would still apply.  */
| #ifdef __cplusplus
| extern "C"
| #endif
| char rtpSpawn ();
| /* The GNU C library defines this for functions which it implements
|     to always fail with ENOSYS.  Some functions are actually named
|     something starting with __ and the normal name is an alias.  */
| #if defined __stub_rtpSpawn || defined __stub___rtpSpawn
| choke me
| #endif
| 
| int
| main ()
| {
| return rtpSpawn ();
|   ;
|   return 0;
| }
configure:11730: result: no
configure:11757: checking whether dirfd is declared
configure:11757: gcc -c -I/data/data/com.termux/files/usr/include  conftest.c >&5
configure:11757: $? = 0
configure:11757: result: yes
configure:11769: checking for chroot
configure:11782: gcc -c -I/data/data/com.termux/files/usr/include  conftest.c >&5
configure:11782: $? = 0
configure:11786: result: yes
configure:11794: checking for link
configure:11807: gcc -c -I/data/data/com.termux/files/usr/include  conftest.c >&5
configure:11807: $? = 0
configure:11811: result: yes
configure:11819: checking for symlink
configure:11832: gcc -c -I/data/data/com.termux/files/usr/include  conftest.c >&5
configure:11832: $? = 0
configure:11836: result: yes
configure:11844: checking for fchdir
configure:11857: gcc -c -I/data/data/com.termux/files/usr/include  conftest.c >&5
configure:11857: $? = 0
configure:11861: result: yes
configure:11869: checking for fsync
configure:11882: gcc -c -I/data/data/com.termux/files/usr/include  conftest.c >&5
configure:11882: $? = 0
configure:11886: result: yes
configure:11894: checking for fdatasync
configure:11907: gcc -c -I/data/data/com.termux/files/usr/include  conftest.c >&5
configure:11907: $? = 0
configure:11911: result: yes
configure:11919: checking for epoll
configure:11932: gcc -c -I/data/data/com.termux/files/usr/include  conftest.c >&5
configure:11932: $? = 0
configure:11936: result: yes
configure:11944: checking for epoll_create1
configure:11957: gcc -c -I/data/data/com.termux/files/usr/include  conftest.c >&5
configure:11957: $? = 0
configure:11961: result: yes
configure:11969: checking for kqueue
configure:11985: gcc -c -I/data/data/com.termux/files/usr/include  conftest.c >&5
conftest.c:286:10: fatal error: 'sys/event.h' file not found
  286 | #include <sys/event.h>
      |          ^~~~~~~~~~~~~
1 error generated.
configure:11985: $? = 1
configure: failed program was:
| /* confdefs.h */
| #define _GNU_SOURCE 1
| #define _NETBSD_SOURCE 1
| #define __BSD_VISIBLE 1
| #define _DARWIN_C_SOURCE 1
| #define _PYTHONFRAMEWORK ""
| #define _XOPEN_SOURCE 700
| #define _XOPEN_SOURCE_EXTENDED 1
| #define _POSIX_C_SOURCE 200809L
| #define STDC_HEADERS 1
| #define HAVE_SYS_TYPES_H 1
| #define HAVE_SYS_STAT_H 1
| #define HAVE_STDLIB_H 1
| #define HAVE_STRING_H 1
| #define HAVE_MEMORY_H 1
| #define HAVE_STRINGS_H 1
| #define HAVE_INTTYPES_H 1
| #define HAVE_STDINT_H 1
| #define HAVE_UNISTD_H 1
| #define __EXTENSIONS__ 1
| #define _ALL_SOURCE 1
| #define _GNU_SOURCE 1
| #define _POSIX_PTHREAD_SEMANTICS 1
| #define _TANDEM_SOURCE 1
| #define ANDROID_API_LEVEL 24
| #define STDC_HEADERS 1
| #define HAVE_ASM_TYPES_H 1
| #define HAVE_CRYPT_H 1
| #define HAVE_DLFCN_H 1
| #define HAVE_ERRNO_H 1
| #define HAVE_FCNTL_H 1
| #define HAVE_GRP_H 1
| #define HAVE_LANGINFO_H 1
| #define HAVE_LIBINTL_H 1
| #define HAVE_PTHREAD_H 1
| #define HAVE_SCHED_H 1
| #define HAVE_SIGNAL_H 1
| #define HAVE_TERMIOS_H 1
| #define HAVE_UTIME_H 1
| #define HAVE_POLL_H 1
| #define HAVE_SYS_EPOLL_H 1
| #define HAVE_SYS_POLL_H 1
| #define HAVE_SYS_XATTR_H 1
| #define HAVE_SYS_FILE_H 1
| #define HAVE_SYS_IOCTL_H 1
| #define HAVE_SYS_PARAM_H 1
| #define HAVE_SYS_RANDOM_H 1
| #define HAVE_SYS_SELECT_H 1
| #define HAVE_SYS_SENDFILE_H 1
| #define HAVE_SYS_SOCKET_H 1
| #define HAVE_SYS_STATVFS_H 1
| #define HAVE_SYS_STAT_H 1
| #define HAVE_SYS_SYSCALL_H 1
| #define HAVE_SYS_TIME_H 1
| #define HAVE_SYS_TIMES_H 1
| #define HAVE_SYS_TYPES_H 1
| #define HAVE_SYS_UIO_H 1
| #define HAVE_SYS_UN_H 1
| #define HAVE_SYS_UTSNAME_H 1
| #define HAVE_SYS_WAIT_H 1
| #define HAVE_PTY_H 1
| #define HAVE_SYS_RESOURCE_H 1
| #define HAVE_NETPACKET_PACKET_H 1
| #define HAVE_SYSEXITS_H 1
| #define HAVE_LINUX_TIPC_H 1
| #define HAVE_LINUX_RANDOM_H 1
| #define HAVE_SPAWN_H 1
| #define HAVE_ALLOCA_H 1
| #define HAVE_ENDIAN_H 1
| #define HAVE_SYS_ENDIAN_H 1
| #define HAVE_SYS_SYSMACROS_H 1
| #define HAVE_LINUX_MEMFD_H 1
| #define HAVE_LINUX_WAIT_H 1
| #define HAVE_SYS_MMAN_H 1
| #define HAVE_DIRENT_H 1
| #define MAJOR_IN_SYSMACROS 1
| #define HAVE_NET_IF_H 1
| #define HAVE_LINUX_NETLINK_H 1
| #define HAVE_LINUX_QRTR_H 1
| #define HAVE_LINUX_VM_SOCKETS_H 1
| #define HAVE_LINUX_CAN_H 1
| #define HAVE_LINUX_CAN_BCM_H 1
| #define HAVE_LINUX_CAN_J1939_H 1
| #define HAVE_LINUX_CAN_RAW_H 1
| #define HAVE_MAKEDEV 1
| #define HAVE_HTOLE64 1
| #define _LARGEFILE_SOURCE 1
| #define _FILE_OFFSET_BITS 64
| #if defined(SCO_DS)
| #undef _OFF_T
| #endif
| #define RETSIGTYPE void
| #define HAVE_SSIZE_T 1
| #define HAVE_GCC_UINT128_T 1
| #define SIZEOF_INT 4
| #define SIZEOF_LONG 8
| #define SIZEOF_LONG_LONG 8
| #define SIZEOF_VOID_P 8
| #define SIZEOF_SHORT 2
| #define SIZEOF_FLOAT 4
| #define SIZEOF_DOUBLE 8
| #define SIZEOF_FPOS_T 8
| #define SIZEOF_SIZE_T 8
| #define SIZEOF_PID_T 4
| #define SIZEOF_UINTPTR_T 8
| #define HAVE_LONG_DOUBLE 1
| #define SIZEOF_LONG_DOUBLE 16
| #define SIZEOF__BOOL 1
| #define SIZEOF_OFF_T 8
| #define SIZEOF_TIME_T 8
| #define SIZEOF_PTHREAD_T 8
| #define SIZEOF_PTHREAD_KEY_T 4
| #define PTHREAD_KEY_T_IS_COMPATIBLE_WITH_INT 1
| #define HAVE_LIBDL 1
| #define HAVE_UUID_UUID_H 1
| #define HAVE_UUID_GENERATE_TIME_SAFE 1
| #define WITH_DECIMAL_CONTEXTVAR 1
| #define _REENTRANT 1
| #define HAVE_PTHREAD_SIGMASK 1
| #define HAVE_PTHREAD_GETCPUCLOCKID 1
| #define ENABLE_IPV6 1
| #define HAVE_LINUX_CAN_RAW_FD_FRAMES 1
| #define HAVE_LINUX_CAN_RAW_JOIN_FILTERS 1
| #define WITH_DOC_STRINGS 1
| #define WITH_PYMALLOC 1
| #define PY_COERCE_C_LOCALE 1
| #define HAVE_DLOPEN 1
| #define HAVE_DYNAMIC_LOADING 1
| #define HAVE_ALARM 1
| #define HAVE_ACCEPT4 1
| #define HAVE_SETITIMER 1
| #define HAVE_GETITIMER 1
| #define HAVE_CHOWN 1
| #define HAVE_CLOCK 1
| #define HAVE_CTERMID 1
| #define HAVE_DUP3 1
| #define HAVE_EXECV 1
| #define HAVE_FACCESSAT 1
| #define HAVE_FCHMOD 1
| #define HAVE_FCHMODAT 1
| #define HAVE_FCHOWN 1
| #define HAVE_FCHOWNAT 1
| #define HAVE_FEXECVE 1
| #define HAVE_FDOPENDIR 1
| #define HAVE_FORK 1
| #define HAVE_FPATHCONF 1
| #define HAVE_FSTATAT 1
| #define HAVE_FTRUNCATE 1
| #define HAVE_FUTIMESAT 1
| #define HAVE_FUTIMENS 1
| #define HAVE_FUTIMES 1
| #define HAVE_GAI_STRERROR 1
| #define HAVE_GETENTROPY 1
| #define HAVE_GETGRGID_R 1
| #define HAVE_GETGRNAM_R 1
| #define HAVE_GETGROUPLIST 1
| #define HAVE_GETGROUPS 1
| #define HAVE_GETLOGIN 1
| #define HAVE_GETLOADAVG 1
| #define HAVE_GETPEERNAME 1
| #define HAVE_GETPGID 1
| #define HAVE_GETPID 1
| #define HAVE_GETPRIORITY 1
| #define HAVE_GETRESUID 1
| #define HAVE_GETRESGID 1
| #define HAVE_GETPWENT 1
| #define HAVE_GETPWNAM_R 1
| #define HAVE_GETPWUID_R 1
| #define HAVE_GETSID 1
| #define HAVE_IF_NAMEINDEX 1
| #define HAVE_INITGROUPS 1
| #define HAVE_KILL 1
| #define HAVE_KILLPG 1
| #define HAVE_LCHOWN 1
| #define HAVE_LOCKF 1
| #define HAVE_LINKAT 1
| #define HAVE_LSTAT 1
| #define HAVE_LUTIMES 1
| #define HAVE_MMAP 1
| #define HAVE_MEMRCHR 1
| #define HAVE_MBRTOWC 1
| #define HAVE_MKDIRAT 1
| #define HAVE_MKFIFO 1
| #define HAVE_MADVISE 1
| #define HAVE_MKFIFOAT 1
| #define HAVE_MKNOD 1
| #define HAVE_MKNODAT 1
| #define HAVE_MKTIME 1
| #define HAVE_MREMAP 1
| #define HAVE_NICE 1
| #define HAVE_OPENAT 1
| #define HAVE_PATHCONF 1
| #define HAVE_PAUSE 1
| #define HAVE_PIPE2 1
| #define HAVE_POLL 1
| #define HAVE_POSIX_FALLOCATE 1
| #define HAVE_POSIX_FADVISE 1
| #define HAVE_POSIX_SPAWN 1
| #define HAVE_POSIX_SPAWNP 1
| #define HAVE_PREAD 1
| #define HAVE_PREADV 1
| #define HAVE_PREADV2 1
| #define HAVE_PTHREAD_CONDATTR_SETCLOCK 1
| #define HAVE_PTHREAD_KILL 1
| #define HAVE_PWRITE 1
| #define HAVE_PWRITEV 1
| #define HAVE_PWRITEV2 1
| #define HAVE_READLINK 1
| #define HAVE_READLINKAT 1
| #define HAVE_READV 1
| #define HAVE_REALPATH 1
| #define HAVE_RENAMEAT 1
| #define HAVE_SEM_OPEN 1
| #define HAVE_SEM_TIMEDWAIT 1
| #define HAVE_SEM_GETVALUE 1
| #define HAVE_SEM_UNLINK 1
| #define HAVE_SENDFILE 1
| #define HAVE_SETEGID 1
| #define HAVE_SETEUID 1
| #define HAVE_SETGID 1
| #define HAVE_SETHOSTNAME 1
| #define HAVE_SETLOCALE 1
| #define HAVE_SETREGID 1
| #define HAVE_SETREUID 1
| #define HAVE_SETRESUID 1
| #define HAVE_SETRESGID 1
| #define HAVE_SETSID 1
| #define HAVE_SETPGID 1
| #define HAVE_SETPGRP 1
| #define HAVE_SETPRIORITY 1
| #define HAVE_SETUID 1
| #define HAVE_SETVBUF 1
| #define HAVE_SCHED_GET_PRIORITY_MAX 1
| #define HAVE_SCHED_SETAFFINITY 1
| #define HAVE_SCHED_SETSCHEDULER 1
| #define HAVE_SCHED_SETPARAM 1
| #define HAVE_SCHED_RR_GET_INTERVAL 1
| #define HAVE_SIGACTION 1
| #define HAVE_SIGALTSTACK 1
| #define HAVE_SIGFILLSET 1
| #define HAVE_SIGINTERRUPT 1
| #define HAVE_SIGPENDING 1
| #define HAVE_SIGRELSE 1
| #define HAVE_SIGTIMEDWAIT 1
| #define HAVE_SIGWAIT 1
| #define HAVE_SIGWAITINFO 1
| #define HAVE_SNPRINTF 1
| #define HAVE_STRFTIME 1
| #define HAVE_STRLCPY 1
| #define HAVE_STRSIGNAL 1
| #define HAVE_SYMLINKAT 1
| #define HAVE_SYNC 1
| #define HAVE_SYSCONF 1
| #define HAVE_TCGETPGRP 1
| #define HAVE_TCSETPGRP 1
| #define HAVE_TEMPNAM 1
| #define HAVE_TIMEGM 1
| #define HAVE_TIMES 1
| #define HAVE_TMPFILE 1
| #define HAVE_TMPNAM 1
| #define HAVE_TRUNCATE 1
| #define HAVE_UNAME 1
| #define HAVE_UNLINKAT 1
| #define HAVE_UTIMENSAT 1
| #define HAVE_UTIMES 1
| #define HAVE_WAITID 1
| #define HAVE_WAITPID 1
| #define HAVE_WAIT4 1
| #define HAVE_WCSCOLL 1
| #define HAVE_WCSFTIME 1
| #define HAVE_WCSXFRM 1
| #define HAVE_WMEMCMP 1
| #define HAVE_WRITEV 1
| #define HAVE_DIRFD 1
| #define HAVE_CHROOT 1
| #define HAVE_LINK 1
| #define HAVE_SYMLINK 1
| #define HAVE_FCHDIR 1
| #define HAVE_FSYNC 1
| #define HAVE_FDATASYNC 1
| #define HAVE_EPOLL 1
| #define HAVE_EPOLL_CREATE1 1
| /* end confdefs.h.  */
| 
| #include <sys/types.h>
| #include <sys/event.h>
| 
| int
| main ()
| {
| int x=kqueue()
|   ;
|   return 0;
| }
configure:11992: result: no
configure:11997: checking for prlimit
configure:12013: gcc -c -I/data/data/com.termux/files/usr/include  conftest.c >&5
configure:12013: $? = 0
configure:12017: result: yes
configure:12025: checking for _dyld_shared_cache_contains_path
configure:12038: gcc -c -I/data/data/com.termux/files/usr/include  conftest.c >&5
conftest.c:285:10: fatal error: 'mach-o/dyld.h' file not found
  285 | #include <mach-o/dyld.h>
      |          ^~~~~~~~~~~~~~~
1 error generated.
configure:12038: $? = 1
configure: failed program was:
| /* confdefs.h */
| #define _GNU_SOURCE 1
| #define _NETBSD_SOURCE 1
| #define __BSD_VISIBLE 1
| #define _DARWIN_C_SOURCE 1
| #define _PYTHONFRAMEWORK ""
| #define _XOPEN_SOURCE 700
| #define _XOPEN_SOURCE_EXTENDED 1
| #define _POSIX_C_SOURCE 200809L
| #define STDC_HEADERS 1
| #define HAVE_SYS_TYPES_H 1
| #define HAVE_SYS_STAT_H 1
| #define HAVE_STDLIB_H 1
| #define HAVE_STRING_H 1
| #define HAVE_MEMORY_H 1
| #define HAVE_STRINGS_H 1
| #define HAVE_INTTYPES_H 1
| #define HAVE_STDINT_H 1
| #define HAVE_UNISTD_H 1
| #define __EXTENSIONS__ 1
| #define _ALL_SOURCE 1
| #define _GNU_SOURCE 1
| #define _POSIX_PTHREAD_SEMANTICS 1
| #define _TANDEM_SOURCE 1
| #define ANDROID_API_LEVEL 24
| #define STDC_HEADERS 1
| #define HAVE_ASM_TYPES_H 1
| #define HAVE_CRYPT_H 1
| #define HAVE_DLFCN_H 1
| #define HAVE_ERRNO_H 1
| #define HAVE_FCNTL_H 1
| #define HAVE_GRP_H 1
| #define HAVE_LANGINFO_H 1
| #define HAVE_LIBINTL_H 1
| #define HAVE_PTHREAD_H 1
| #define HAVE_SCHED_H 1
| #define HAVE_SIGNAL_H 1
| #define HAVE_TERMIOS_H 1
| #define HAVE_UTIME_H 1
| #define HAVE_POLL_H 1
| #define HAVE_SYS_EPOLL_H 1
| #define HAVE_SYS_POLL_H 1
| #define HAVE_SYS_XATTR_H 1
| #define HAVE_SYS_FILE_H 1
| #define HAVE_SYS_IOCTL_H 1
| #define HAVE_SYS_PARAM_H 1
| #define HAVE_SYS_RANDOM_H 1
| #define HAVE_SYS_SELECT_H 1
| #define HAVE_SYS_SENDFILE_H 1
| #define HAVE_SYS_SOCKET_H 1
| #define HAVE_SYS_STATVFS_H 1
| #define HAVE_SYS_STAT_H 1
| #define HAVE_SYS_SYSCALL_H 1
| #define HAVE_SYS_TIME_H 1
| #define HAVE_SYS_TIMES_H 1
| #define HAVE_SYS_TYPES_H 1
| #define HAVE_SYS_UIO_H 1
| #define HAVE_SYS_UN_H 1
| #define HAVE_SYS_UTSNAME_H 1
| #define HAVE_SYS_WAIT_H 1
| #define HAVE_PTY_H 1
| #define HAVE_SYS_RESOURCE_H 1
| #define HAVE_NETPACKET_PACKET_H 1
| #define HAVE_SYSEXITS_H 1
| #define HAVE_LINUX_TIPC_H 1
| #define HAVE_LINUX_RANDOM_H 1
| #define HAVE_SPAWN_H 1
| #define HAVE_ALLOCA_H 1
| #define HAVE_ENDIAN_H 1
| #define HAVE_SYS_ENDIAN_H 1
| #define HAVE_SYS_SYSMACROS_H 1
| #define HAVE_LINUX_MEMFD_H 1
| #define HAVE_LINUX_WAIT_H 1
| #define HAVE_SYS_MMAN_H 1
| #define HAVE_DIRENT_H 1
| #define MAJOR_IN_SYSMACROS 1
| #define HAVE_NET_IF_H 1
| #define HAVE_LINUX_NETLINK_H 1
| #define HAVE_LINUX_QRTR_H 1
| #define HAVE_LINUX_VM_SOCKETS_H 1
| #define HAVE_LINUX_CAN_H 1
| #define HAVE_LINUX_CAN_BCM_H 1
| #define HAVE_LINUX_CAN_J1939_H 1
| #define HAVE_LINUX_CAN_RAW_H 1
| #define HAVE_MAKEDEV 1
| #define HAVE_HTOLE64 1
| #define _LARGEFILE_SOURCE 1
| #define _FILE_OFFSET_BITS 64
| #if defined(SCO_DS)
| #undef _OFF_T
| #endif
| #define RETSIGTYPE void
| #define HAVE_SSIZE_T 1
| #define HAVE_GCC_UINT128_T 1
| #define SIZEOF_INT 4
| #define SIZEOF_LONG 8
| #define SIZEOF_LONG_LONG 8
| #define SIZEOF_VOID_P 8
| #define SIZEOF_SHORT 2
| #define SIZEOF_FLOAT 4
| #define SIZEOF_DOUBLE 8
| #define SIZEOF_FPOS_T 8
| #define SIZEOF_SIZE_T 8
| #define SIZEOF_PID_T 4
| #define SIZEOF_UINTPTR_T 8
| #define HAVE_LONG_DOUBLE 1
| #define SIZEOF_LONG_DOUBLE 16
| #define SIZEOF__BOOL 1
| #define SIZEOF_OFF_T 8
| #define SIZEOF_TIME_T 8
| #define SIZEOF_PTHREAD_T 8
| #define SIZEOF_PTHREAD_KEY_T 4
| #define PTHREAD_KEY_T_IS_COMPATIBLE_WITH_INT 1
| #define HAVE_LIBDL 1
| #define HAVE_UUID_UUID_H 1
| #define HAVE_UUID_GENERATE_TIME_SAFE 1
| #define WITH_DECIMAL_CONTEXTVAR 1
| #define _REENTRANT 1
| #define HAVE_PTHREAD_SIGMASK 1
| #define HAVE_PTHREAD_GETCPUCLOCKID 1
| #define ENABLE_IPV6 1
| #define HAVE_LINUX_CAN_RAW_FD_FRAMES 1
| #define HAVE_LINUX_CAN_RAW_JOIN_FILTERS 1
| #define WITH_DOC_STRINGS 1
| #define WITH_PYMALLOC 1
| #define PY_COERCE_C_LOCALE 1
| #define HAVE_DLOPEN 1
| #define HAVE_DYNAMIC_LOADING 1
| #define HAVE_ALARM 1
| #define HAVE_ACCEPT4 1
| #define HAVE_SETITIMER 1
| #define HAVE_GETITIMER 1
| #define HAVE_CHOWN 1
| #define HAVE_CLOCK 1
| #define HAVE_CTERMID 1
| #define HAVE_DUP3 1
| #define HAVE_EXECV 1
| #define HAVE_FACCESSAT 1
| #define HAVE_FCHMOD 1
| #define HAVE_FCHMODAT 1
| #define HAVE_FCHOWN 1
| #define HAVE_FCHOWNAT 1
| #define HAVE_FEXECVE 1
| #define HAVE_FDOPENDIR 1
| #define HAVE_FORK 1
| #define HAVE_FPATHCONF 1
| #define HAVE_FSTATAT 1
| #define HAVE_FTRUNCATE 1
| #define HAVE_FUTIMESAT 1
| #define HAVE_FUTIMENS 1
| #define HAVE_FUTIMES 1
| #define HAVE_GAI_STRERROR 1
| #define HAVE_GETENTROPY 1
| #define HAVE_GETGRGID_R 1
| #define HAVE_GETGRNAM_R 1
| #define HAVE_GETGROUPLIST 1
| #define HAVE_GETGROUPS 1
| #define HAVE_GETLOGIN 1
| #define HAVE_GETLOADAVG 1
| #define HAVE_GETPEERNAME 1
| #define HAVE_GETPGID 1
| #define HAVE_GETPID 1
| #define HAVE_GETPRIORITY 1
| #define HAVE_GETRESUID 1
| #define HAVE_GETRESGID 1
| #define HAVE_GETPWENT 1
| #define HAVE_GETPWNAM_R 1
| #define HAVE_GETPWUID_R 1
| #define HAVE_GETSID 1
| #define HAVE_IF_NAMEINDEX 1
| #define HAVE_INITGROUPS 1
| #define HAVE_KILL 1
| #define HAVE_KILLPG 1
| #define HAVE_LCHOWN 1
| #define HAVE_LOCKF 1
| #define HAVE_LINKAT 1
| #define HAVE_LSTAT 1
| #define HAVE_LUTIMES 1
| #define HAVE_MMAP 1
| #define HAVE_MEMRCHR 1
| #define HAVE_MBRTOWC 1
| #define HAVE_MKDIRAT 1
| #define HAVE_MKFIFO 1
| #define HAVE_MADVISE 1
| #define HAVE_MKFIFOAT 1
| #define HAVE_MKNOD 1
| #define HAVE_MKNODAT 1
| #define HAVE_MKTIME 1
| #define HAVE_MREMAP 1
| #define HAVE_NICE 1
| #define HAVE_OPENAT 1
| #define HAVE_PATHCONF 1
| #define HAVE_PAUSE 1
| #define HAVE_PIPE2 1
| #define HAVE_POLL 1
| #define HAVE_POSIX_FALLOCATE 1
| #define HAVE_POSIX_FADVISE 1
| #define HAVE_POSIX_SPAWN 1
| #define HAVE_POSIX_SPAWNP 1
| #define HAVE_PREAD 1
| #define HAVE_PREADV 1
| #define HAVE_PREADV2 1
| #define HAVE_PTHREAD_CONDATTR_SETCLOCK 1
| #define HAVE_PTHREAD_KILL 1
| #define HAVE_PWRITE 1
| #define HAVE_PWRITEV 1
| #define HAVE_PWRITEV2 1
| #define HAVE_READLINK 1
| #define HAVE_READLINKAT 1
| #define HAVE_READV 1
| #define HAVE_REALPATH 1
| #define HAVE_RENAMEAT 1
| #define HAVE_SEM_OPEN 1
| #define HAVE_SEM_TIMEDWAIT 1
| #define HAVE_SEM_GETVALUE 1
| #define HAVE_SEM_UNLINK 1
| #define HAVE_SENDFILE 1
| #define HAVE_SETEGID 1
| #define HAVE_SETEUID 1
| #define HAVE_SETGID 1
| #define HAVE_SETHOSTNAME 1
| #define HAVE_SETLOCALE 1
| #define HAVE_SETREGID 1
| #define HAVE_SETREUID 1
| #define HAVE_SETRESUID 1
| #define HAVE_SETRESGID 1
| #define HAVE_SETSID 1
| #define HAVE_SETPGID 1
| #define HAVE_SETPGRP 1
| #define HAVE_SETPRIORITY 1
| #define HAVE_SETUID 1
| #define HAVE_SETVBUF 1
| #define HAVE_SCHED_GET_PRIORITY_MAX 1
| #define HAVE_SCHED_SETAFFINITY 1
| #define HAVE_SCHED_SETSCHEDULER 1
| #define HAVE_SCHED_SETPARAM 1
| #define HAVE_SCHED_RR_GET_INTERVAL 1
| #define HAVE_SIGACTION 1
| #define HAVE_SIGALTSTACK 1
| #define HAVE_SIGFILLSET 1
| #define HAVE_SIGINTERRUPT 1
| #define HAVE_SIGPENDING 1
| #define HAVE_SIGRELSE 1
| #define HAVE_SIGTIMEDWAIT 1
| #define HAVE_SIGWAIT 1
| #define HAVE_SIGWAITINFO 1
| #define HAVE_SNPRINTF 1
| #define HAVE_STRFTIME 1
| #define HAVE_STRLCPY 1
| #define HAVE_STRSIGNAL 1
| #define HAVE_SYMLINKAT 1
| #define HAVE_SYNC 1
| #define HAVE_SYSCONF 1
| #define HAVE_TCGETPGRP 1
| #define HAVE_TCSETPGRP 1
| #define HAVE_TEMPNAM 1
| #define HAVE_TIMEGM 1
| #define HAVE_TIMES 1
| #define HAVE_TMPFILE 1
| #define HAVE_TMPNAM 1
| #define HAVE_TRUNCATE 1
| #define HAVE_UNAME 1
| #define HAVE_UNLINKAT 1
| #define HAVE_UTIMENSAT 1
| #define HAVE_UTIMES 1
| #define HAVE_WAITID 1
| #define HAVE_WAITPID 1
| #define HAVE_WAIT4 1
| #define HAVE_WCSCOLL 1
| #define HAVE_WCSFTIME 1
| #define HAVE_WCSXFRM 1
| #define HAVE_WMEMCMP 1
| #define HAVE_WRITEV 1
| #define HAVE_DIRFD 1
| #define HAVE_CHROOT 1
| #define HAVE_LINK 1
| #define HAVE_SYMLINK 1
| #define HAVE_FCHDIR 1
| #define HAVE_FSYNC 1
| #define HAVE_FDATASYNC 1
| #define HAVE_EPOLL 1
| #define HAVE_EPOLL_CREATE1 1
| #define HAVE_PRLIMIT 1
| /* end confdefs.h.  */
| #include <mach-o/dyld.h>
| int
| main ()
| {
| void *x=_dyld_shared_cache_contains_path
|   ;
|   return 0;
| }
configure:12045: result: no
configure:12051: checking for memfd_create
configure:12071: gcc -c -I/data/data/com.termux/files/usr/include  conftest.c >&5
conftest.c:296:9: error: use of undeclared identifier 'memfd_create'
  296 | void *x=memfd_create
      |         ^
1 error generated.
configure:12071: $? = 1
configure: failed program was:
| /* confdefs.h */
| #define _GNU_SOURCE 1
| #define _NETBSD_SOURCE 1
| #define __BSD_VISIBLE 1
| #define _DARWIN_C_SOURCE 1
| #define _PYTHONFRAMEWORK ""
| #define _XOPEN_SOURCE 700
| #define _XOPEN_SOURCE_EXTENDED 1
| #define _POSIX_C_SOURCE 200809L
| #define STDC_HEADERS 1
| #define HAVE_SYS_TYPES_H 1
| #define HAVE_SYS_STAT_H 1
| #define HAVE_STDLIB_H 1
| #define HAVE_STRING_H 1
| #define HAVE_MEMORY_H 1
| #define HAVE_STRINGS_H 1
| #define HAVE_INTTYPES_H 1
| #define HAVE_STDINT_H 1
| #define HAVE_UNISTD_H 1
| #define __EXTENSIONS__ 1
| #define _ALL_SOURCE 1
| #define _GNU_SOURCE 1
| #define _POSIX_PTHREAD_SEMANTICS 1
| #define _TANDEM_SOURCE 1
| #define ANDROID_API_LEVEL 24
| #define STDC_HEADERS 1
| #define HAVE_ASM_TYPES_H 1
| #define HAVE_CRYPT_H 1
| #define HAVE_DLFCN_H 1
| #define HAVE_ERRNO_H 1
| #define HAVE_FCNTL_H 1
| #define HAVE_GRP_H 1
| #define HAVE_LANGINFO_H 1
| #define HAVE_LIBINTL_H 1
| #define HAVE_PTHREAD_H 1
| #define HAVE_SCHED_H 1
| #define HAVE_SIGNAL_H 1
| #define HAVE_TERMIOS_H 1
| #define HAVE_UTIME_H 1
| #define HAVE_POLL_H 1
| #define HAVE_SYS_EPOLL_H 1
| #define HAVE_SYS_POLL_H 1
| #define HAVE_SYS_XATTR_H 1
| #define HAVE_SYS_FILE_H 1
| #define HAVE_SYS_IOCTL_H 1
| #define HAVE_SYS_PARAM_H 1
| #define HAVE_SYS_RANDOM_H 1
| #define HAVE_SYS_SELECT_H 1
| #define HAVE_SYS_SENDFILE_H 1
| #define HAVE_SYS_SOCKET_H 1
| #define HAVE_SYS_STATVFS_H 1
| #define HAVE_SYS_STAT_H 1
| #define HAVE_SYS_SYSCALL_H 1
| #define HAVE_SYS_TIME_H 1
| #define HAVE_SYS_TIMES_H 1
| #define HAVE_SYS_TYPES_H 1
| #define HAVE_SYS_UIO_H 1
| #define HAVE_SYS_UN_H 1
| #define HAVE_SYS_UTSNAME_H 1
| #define HAVE_SYS_WAIT_H 1
| #define HAVE_PTY_H 1
| #define HAVE_SYS_RESOURCE_H 1
| #define HAVE_NETPACKET_PACKET_H 1
| #define HAVE_SYSEXITS_H 1
| #define HAVE_LINUX_TIPC_H 1
| #define HAVE_LINUX_RANDOM_H 1
| #define HAVE_SPAWN_H 1
| #define HAVE_ALLOCA_H 1
| #define HAVE_ENDIAN_H 1
| #define HAVE_SYS_ENDIAN_H 1
| #define HAVE_SYS_SYSMACROS_H 1
| #define HAVE_LINUX_MEMFD_H 1
| #define HAVE_LINUX_WAIT_H 1
| #define HAVE_SYS_MMAN_H 1
| #define HAVE_DIRENT_H 1
| #define MAJOR_IN_SYSMACROS 1
| #define HAVE_NET_IF_H 1
| #define HAVE_LINUX_NETLINK_H 1
| #define HAVE_LINUX_QRTR_H 1
| #define HAVE_LINUX_VM_SOCKETS_H 1
| #define HAVE_LINUX_CAN_H 1
| #define HAVE_LINUX_CAN_BCM_H 1
| #define HAVE_LINUX_CAN_J1939_H 1
| #define HAVE_LINUX_CAN_RAW_H 1
| #define HAVE_MAKEDEV 1
| #define HAVE_HTOLE64 1
| #define _LARGEFILE_SOURCE 1
| #define _FILE_OFFSET_BITS 64
| #if defined(SCO_DS)
| #undef _OFF_T
| #endif
| #define RETSIGTYPE void
| #define HAVE_SSIZE_T 1
| #define HAVE_GCC_UINT128_T 1
| #define SIZEOF_INT 4
| #define SIZEOF_LONG 8
| #define SIZEOF_LONG_LONG 8
| #define SIZEOF_VOID_P 8
| #define SIZEOF_SHORT 2
| #define SIZEOF_FLOAT 4
| #define SIZEOF_DOUBLE 8
| #define SIZEOF_FPOS_T 8
| #define SIZEOF_SIZE_T 8
| #define SIZEOF_PID_T 4
| #define SIZEOF_UINTPTR_T 8
| #define HAVE_LONG_DOUBLE 1
| #define SIZEOF_LONG_DOUBLE 16
| #define SIZEOF__BOOL 1
| #define SIZEOF_OFF_T 8
| #define SIZEOF_TIME_T 8
| #define SIZEOF_PTHREAD_T 8
| #define SIZEOF_PTHREAD_KEY_T 4
| #define PTHREAD_KEY_T_IS_COMPATIBLE_WITH_INT 1
| #define HAVE_LIBDL 1
| #define HAVE_UUID_UUID_H 1
| #define HAVE_UUID_GENERATE_TIME_SAFE 1
| #define WITH_DECIMAL_CONTEXTVAR 1
| #define _REENTRANT 1
| #define HAVE_PTHREAD_SIGMASK 1
| #define HAVE_PTHREAD_GETCPUCLOCKID 1
| #define ENABLE_IPV6 1
| #define HAVE_LINUX_CAN_RAW_FD_FRAMES 1
| #define HAVE_LINUX_CAN_RAW_JOIN_FILTERS 1
| #define WITH_DOC_STRINGS 1
| #define WITH_PYMALLOC 1
| #define PY_COERCE_C_LOCALE 1
| #define HAVE_DLOPEN 1
| #define HAVE_DYNAMIC_LOADING 1
| #define HAVE_ALARM 1
| #define HAVE_ACCEPT4 1
| #define HAVE_SETITIMER 1
| #define HAVE_GETITIMER 1
| #define HAVE_CHOWN 1
| #define HAVE_CLOCK 1
| #define HAVE_CTERMID 1
| #define HAVE_DUP3 1
| #define HAVE_EXECV 1
| #define HAVE_FACCESSAT 1
| #define HAVE_FCHMOD 1
| #define HAVE_FCHMODAT 1
| #define HAVE_FCHOWN 1
| #define HAVE_FCHOWNAT 1
| #define HAVE_FEXECVE 1
| #define HAVE_FDOPENDIR 1
| #define HAVE_FORK 1
| #define HAVE_FPATHCONF 1
| #define HAVE_FSTATAT 1
| #define HAVE_FTRUNCATE 1
| #define HAVE_FUTIMESAT 1
| #define HAVE_FUTIMENS 1
| #define HAVE_FUTIMES 1
| #define HAVE_GAI_STRERROR 1
| #define HAVE_GETENTROPY 1
| #define HAVE_GETGRGID_R 1
| #define HAVE_GETGRNAM_R 1
| #define HAVE_GETGROUPLIST 1
| #define HAVE_GETGROUPS 1
| #define HAVE_GETLOGIN 1
| #define HAVE_GETLOADAVG 1
| #define HAVE_GETPEERNAME 1
| #define HAVE_GETPGID 1
| #define HAVE_GETPID 1
| #define HAVE_GETPRIORITY 1
| #define HAVE_GETRESUID 1
| #define HAVE_GETRESGID 1
| #define HAVE_GETPWENT 1
| #define HAVE_GETPWNAM_R 1
| #define HAVE_GETPWUID_R 1
| #define HAVE_GETSID 1
| #define HAVE_IF_NAMEINDEX 1
| #define HAVE_INITGROUPS 1
| #define HAVE_KILL 1
| #define HAVE_KILLPG 1
| #define HAVE_LCHOWN 1
| #define HAVE_LOCKF 1
| #define HAVE_LINKAT 1
| #define HAVE_LSTAT 1
| #define HAVE_LUTIMES 1
| #define HAVE_MMAP 1
| #define HAVE_MEMRCHR 1
| #define HAVE_MBRTOWC 1
| #define HAVE_MKDIRAT 1
| #define HAVE_MKFIFO 1
| #define HAVE_MADVISE 1
| #define HAVE_MKFIFOAT 1
| #define HAVE_MKNOD 1
| #define HAVE_MKNODAT 1
| #define HAVE_MKTIME 1
| #define HAVE_MREMAP 1
| #define HAVE_NICE 1
| #define HAVE_OPENAT 1
| #define HAVE_PATHCONF 1
| #define HAVE_PAUSE 1
| #define HAVE_PIPE2 1
| #define HAVE_POLL 1
| #define HAVE_POSIX_FALLOCATE 1
| #define HAVE_POSIX_FADVISE 1
| #define HAVE_POSIX_SPAWN 1
| #define HAVE_POSIX_SPAWNP 1
| #define HAVE_PREAD 1
| #define HAVE_PREADV 1
| #define HAVE_PREADV2 1
| #define HAVE_PTHREAD_CONDATTR_SETCLOCK 1
| #define HAVE_PTHREAD_KILL 1
| #define HAVE_PWRITE 1
| #define HAVE_PWRITEV 1
| #define HAVE_PWRITEV2 1
| #define HAVE_READLINK 1
| #define HAVE_READLINKAT 1
| #define HAVE_READV 1
| #define HAVE_REALPATH 1
| #define HAVE_RENAMEAT 1
| #define HAVE_SEM_OPEN 1
| #define HAVE_SEM_TIMEDWAIT 1
| #define HAVE_SEM_GETVALUE 1
| #define HAVE_SEM_UNLINK 1
| #define HAVE_SENDFILE 1
| #define HAVE_SETEGID 1
| #define HAVE_SETEUID 1
| #define HAVE_SETGID 1
| #define HAVE_SETHOSTNAME 1
| #define HAVE_SETLOCALE 1
| #define HAVE_SETREGID 1
| #define HAVE_SETREUID 1
| #define HAVE_SETRESUID 1
| #define HAVE_SETRESGID 1
| #define HAVE_SETSID 1
| #define HAVE_SETPGID 1
| #define HAVE_SETPGRP 1
| #define HAVE_SETPRIORITY 1
| #define HAVE_SETUID 1
| #define HAVE_SETVBUF 1
| #define HAVE_SCHED_GET_PRIORITY_MAX 1
| #define HAVE_SCHED_SETAFFINITY 1
| #define HAVE_SCHED_SETSCHEDULER 1
| #define HAVE_SCHED_SETPARAM 1
| #define HAVE_SCHED_RR_GET_INTERVAL 1
| #define HAVE_SIGACTION 1
| #define HAVE_SIGALTSTACK 1
| #define HAVE_SIGFILLSET 1
| #define HAVE_SIGINTERRUPT 1
| #define HAVE_SIGPENDING 1
| #define HAVE_SIGRELSE 1
| #define HAVE_SIGTIMEDWAIT 1
| #define HAVE_SIGWAIT 1
| #define HAVE_SIGWAITINFO 1
| #define HAVE_SNPRINTF 1
| #define HAVE_STRFTIME 1
| #define HAVE_STRLCPY 1
| #define HAVE_STRSIGNAL 1
| #define HAVE_SYMLINKAT 1
| #define HAVE_SYNC 1
| #define HAVE_SYSCONF 1
| #define HAVE_TCGETPGRP 1
| #define HAVE_TCSETPGRP 1
| #define HAVE_TEMPNAM 1
| #define HAVE_TIMEGM 1
| #define HAVE_TIMES 1
| #define HAVE_TMPFILE 1
| #define HAVE_TMPNAM 1
| #define HAVE_TRUNCATE 1
| #define HAVE_UNAME 1
| #define HAVE_UNLINKAT 1
| #define HAVE_UTIMENSAT 1
| #define HAVE_UTIMES 1
| #define HAVE_WAITID 1
| #define HAVE_WAITPID 1
| #define HAVE_WAIT4 1
| #define HAVE_WCSCOLL 1
| #define HAVE_WCSFTIME 1
| #define HAVE_WCSXFRM 1
| #define HAVE_WMEMCMP 1
| #define HAVE_WRITEV 1
| #define HAVE_DIRFD 1
| #define HAVE_CHROOT 1
| #define HAVE_LINK 1
| #define HAVE_SYMLINK 1
| #define HAVE_FCHDIR 1
| #define HAVE_FSYNC 1
| #define HAVE_FDATASYNC 1
| #define HAVE_EPOLL 1
| #define HAVE_EPOLL_CREATE1 1
| #define HAVE_PRLIMIT 1
| /* end confdefs.h.  */
| 
| #ifdef HAVE_SYS_MMAN_H
| #include <sys/mman.h>
| #endif
| #ifdef HAVE_SYS_MEMFD_H
| #include <sys/memfd.h>
| #endif
| 
| int
| main ()
| {
| void *x=memfd_create
|   ;
|   return 0;
| }
configure:12078: result: no
configure:12090: checking for ctermid_r
configure:12105: gcc -c -I/data/data/com.termux/files/usr/include  conftest.c >&5
conftest.c:291:11: error: use of undeclared identifier 'ctermid_r'; did you mean 'ctermid'?
  291 | void* p = ctermid_r
      |           ^~~~~~~~~
      |           ctermid
/data/data/com.termux/files/usr/include/stdio.h:302:34: note: 'ctermid' declared here
  302 | static __inline__ char* _Nonnull ctermid(char* _Nullable s) {
      |                                  ^
1 error generated.
configure:12105: $? = 1
configure: failed program was:
| /* confdefs.h */
| #define _GNU_SOURCE 1
| #define _NETBSD_SOURCE 1
| #define __BSD_VISIBLE 1
| #define _DARWIN_C_SOURCE 1
| #define _PYTHONFRAMEWORK ""
| #define _XOPEN_SOURCE 700
| #define _XOPEN_SOURCE_EXTENDED 1
| #define _POSIX_C_SOURCE 200809L
| #define STDC_HEADERS 1
| #define HAVE_SYS_TYPES_H 1
| #define HAVE_SYS_STAT_H 1
| #define HAVE_STDLIB_H 1
| #define HAVE_STRING_H 1
| #define HAVE_MEMORY_H 1
| #define HAVE_STRINGS_H 1
| #define HAVE_INTTYPES_H 1
| #define HAVE_STDINT_H 1
| #define HAVE_UNISTD_H 1
| #define __EXTENSIONS__ 1
| #define _ALL_SOURCE 1
| #define _GNU_SOURCE 1
| #define _POSIX_PTHREAD_SEMANTICS 1
| #define _TANDEM_SOURCE 1
| #define ANDROID_API_LEVEL 24
| #define STDC_HEADERS 1
| #define HAVE_ASM_TYPES_H 1
| #define HAVE_CRYPT_H 1
| #define HAVE_DLFCN_H 1
| #define HAVE_ERRNO_H 1
| #define HAVE_FCNTL_H 1
| #define HAVE_GRP_H 1
| #define HAVE_LANGINFO_H 1
| #define HAVE_LIBINTL_H 1
| #define HAVE_PTHREAD_H 1
| #define HAVE_SCHED_H 1
| #define HAVE_SIGNAL_H 1
| #define HAVE_TERMIOS_H 1
| #define HAVE_UTIME_H 1
| #define HAVE_POLL_H 1
| #define HAVE_SYS_EPOLL_H 1
| #define HAVE_SYS_POLL_H 1
| #define HAVE_SYS_XATTR_H 1
| #define HAVE_SYS_FILE_H 1
| #define HAVE_SYS_IOCTL_H 1
| #define HAVE_SYS_PARAM_H 1
| #define HAVE_SYS_RANDOM_H 1
| #define HAVE_SYS_SELECT_H 1
| #define HAVE_SYS_SENDFILE_H 1
| #define HAVE_SYS_SOCKET_H 1
| #define HAVE_SYS_STATVFS_H 1
| #define HAVE_SYS_STAT_H 1
| #define HAVE_SYS_SYSCALL_H 1
| #define HAVE_SYS_TIME_H 1
| #define HAVE_SYS_TIMES_H 1
| #define HAVE_SYS_TYPES_H 1
| #define HAVE_SYS_UIO_H 1
| #define HAVE_SYS_UN_H 1
| #define HAVE_SYS_UTSNAME_H 1
| #define HAVE_SYS_WAIT_H 1
| #define HAVE_PTY_H 1
| #define HAVE_SYS_RESOURCE_H 1
| #define HAVE_NETPACKET_PACKET_H 1
| #define HAVE_SYSEXITS_H 1
| #define HAVE_LINUX_TIPC_H 1
| #define HAVE_LINUX_RANDOM_H 1
| #define HAVE_SPAWN_H 1
| #define HAVE_ALLOCA_H 1
| #define HAVE_ENDIAN_H 1
| #define HAVE_SYS_ENDIAN_H 1
| #define HAVE_SYS_SYSMACROS_H 1
| #define HAVE_LINUX_MEMFD_H 1
| #define HAVE_LINUX_WAIT_H 1
| #define HAVE_SYS_MMAN_H 1
| #define HAVE_DIRENT_H 1
| #define MAJOR_IN_SYSMACROS 1
| #define HAVE_NET_IF_H 1
| #define HAVE_LINUX_NETLINK_H 1
| #define HAVE_LINUX_QRTR_H 1
| #define HAVE_LINUX_VM_SOCKETS_H 1
| #define HAVE_LINUX_CAN_H 1
| #define HAVE_LINUX_CAN_BCM_H 1
| #define HAVE_LINUX_CAN_J1939_H 1
| #define HAVE_LINUX_CAN_RAW_H 1
| #define HAVE_MAKEDEV 1
| #define HAVE_HTOLE64 1
| #define _LARGEFILE_SOURCE 1
| #define _FILE_OFFSET_BITS 64
| #if defined(SCO_DS)
| #undef _OFF_T
| #endif
| #define RETSIGTYPE void
| #define HAVE_SSIZE_T 1
| #define HAVE_GCC_UINT128_T 1
| #define SIZEOF_INT 4
| #define SIZEOF_LONG 8
| #define SIZEOF_LONG_LONG 8
| #define SIZEOF_VOID_P 8
| #define SIZEOF_SHORT 2
| #define SIZEOF_FLOAT 4
| #define SIZEOF_DOUBLE 8
| #define SIZEOF_FPOS_T 8
| #define SIZEOF_SIZE_T 8
| #define SIZEOF_PID_T 4
| #define SIZEOF_UINTPTR_T 8
| #define HAVE_LONG_DOUBLE 1
| #define SIZEOF_LONG_DOUBLE 16
| #define SIZEOF__BOOL 1
| #define SIZEOF_OFF_T 8
| #define SIZEOF_TIME_T 8
| #define SIZEOF_PTHREAD_T 8
| #define SIZEOF_PTHREAD_KEY_T 4
| #define PTHREAD_KEY_T_IS_COMPATIBLE_WITH_INT 1
| #define HAVE_LIBDL 1
| #define HAVE_UUID_UUID_H 1
| #define HAVE_UUID_GENERATE_TIME_SAFE 1
| #define WITH_DECIMAL_CONTEXTVAR 1
| #define _REENTRANT 1
| #define HAVE_PTHREAD_SIGMASK 1
| #define HAVE_PTHREAD_GETCPUCLOCKID 1
| #define ENABLE_IPV6 1
| #define HAVE_LINUX_CAN_RAW_FD_FRAMES 1
| #define HAVE_LINUX_CAN_RAW_JOIN_FILTERS 1
| #define WITH_DOC_STRINGS 1
| #define WITH_PYMALLOC 1
| #define PY_COERCE_C_LOCALE 1
| #define HAVE_DLOPEN 1
| #define HAVE_DYNAMIC_LOADING 1
| #define HAVE_ALARM 1
| #define HAVE_ACCEPT4 1
| #define HAVE_SETITIMER 1
| #define HAVE_GETITIMER 1
| #define HAVE_CHOWN 1
| #define HAVE_CLOCK 1
| #define HAVE_CTERMID 1
| #define HAVE_DUP3 1
| #define HAVE_EXECV 1
| #define HAVE_FACCESSAT 1
| #define HAVE_FCHMOD 1
| #define HAVE_FCHMODAT 1
| #define HAVE_FCHOWN 1
| #define HAVE_FCHOWNAT 1
| #define HAVE_FEXECVE 1
| #define HAVE_FDOPENDIR 1
| #define HAVE_FORK 1
| #define HAVE_FPATHCONF 1
| #define HAVE_FSTATAT 1
| #define HAVE_FTRUNCATE 1
| #define HAVE_FUTIMESAT 1
| #define HAVE_FUTIMENS 1
| #define HAVE_FUTIMES 1
| #define HAVE_GAI_STRERROR 1
| #define HAVE_GETENTROPY 1
| #define HAVE_GETGRGID_R 1
| #define HAVE_GETGRNAM_R 1
| #define HAVE_GETGROUPLIST 1
| #define HAVE_GETGROUPS 1
| #define HAVE_GETLOGIN 1
| #define HAVE_GETLOADAVG 1
| #define HAVE_GETPEERNAME 1
| #define HAVE_GETPGID 1
| #define HAVE_GETPID 1
| #define HAVE_GETPRIORITY 1
| #define HAVE_GETRESUID 1
| #define HAVE_GETRESGID 1
| #define HAVE_GETPWENT 1
| #define HAVE_GETPWNAM_R 1
| #define HAVE_GETPWUID_R 1
| #define HAVE_GETSID 1
| #define HAVE_IF_NAMEINDEX 1
| #define HAVE_INITGROUPS 1
| #define HAVE_KILL 1
| #define HAVE_KILLPG 1
| #define HAVE_LCHOWN 1
| #define HAVE_LOCKF 1
| #define HAVE_LINKAT 1
| #define HAVE_LSTAT 1
| #define HAVE_LUTIMES 1
| #define HAVE_MMAP 1
| #define HAVE_MEMRCHR 1
| #define HAVE_MBRTOWC 1
| #define HAVE_MKDIRAT 1
| #define HAVE_MKFIFO 1
| #define HAVE_MADVISE 1
| #define HAVE_MKFIFOAT 1
| #define HAVE_MKNOD 1
| #define HAVE_MKNODAT 1
| #define HAVE_MKTIME 1
| #define HAVE_MREMAP 1
| #define HAVE_NICE 1
| #define HAVE_OPENAT 1
| #define HAVE_PATHCONF 1
| #define HAVE_PAUSE 1
| #define HAVE_PIPE2 1
| #define HAVE_POLL 1
| #define HAVE_POSIX_FALLOCATE 1
| #define HAVE_POSIX_FADVISE 1
| #define HAVE_POSIX_SPAWN 1
| #define HAVE_POSIX_SPAWNP 1
| #define HAVE_PREAD 1
| #define HAVE_PREADV 1
| #define HAVE_PREADV2 1
| #define HAVE_PTHREAD_CONDATTR_SETCLOCK 1
| #define HAVE_PTHREAD_KILL 1
| #define HAVE_PWRITE 1
| #define HAVE_PWRITEV 1
| #define HAVE_PWRITEV2 1
| #define HAVE_READLINK 1
| #define HAVE_READLINKAT 1
| #define HAVE_READV 1
| #define HAVE_REALPATH 1
| #define HAVE_RENAMEAT 1
| #define HAVE_SEM_OPEN 1
| #define HAVE_SEM_TIMEDWAIT 1
| #define HAVE_SEM_GETVALUE 1
| #define HAVE_SEM_UNLINK 1
| #define HAVE_SENDFILE 1
| #define HAVE_SETEGID 1
| #define HAVE_SETEUID 1
| #define HAVE_SETGID 1
| #define HAVE_SETHOSTNAME 1
| #define HAVE_SETLOCALE 1
| #define HAVE_SETREGID 1
| #define HAVE_SETREUID 1
| #define HAVE_SETRESUID 1
| #define HAVE_SETRESGID 1
| #define HAVE_SETSID 1
| #define HAVE_SETPGID 1
| #define HAVE_SETPGRP 1
| #define HAVE_SETPRIORITY 1
| #define HAVE_SETUID 1
| #define HAVE_SETVBUF 1
| #define HAVE_SCHED_GET_PRIORITY_MAX 1
| #define HAVE_SCHED_SETAFFINITY 1
| #define HAVE_SCHED_SETSCHEDULER 1
| #define HAVE_SCHED_SETPARAM 1
| #define HAVE_SCHED_RR_GET_INTERVAL 1
| #define HAVE_SIGACTION 1
| #define HAVE_SIGALTSTACK 1
| #define HAVE_SIGFILLSET 1
| #define HAVE_SIGINTERRUPT 1
| #define HAVE_SIGPENDING 1
| #define HAVE_SIGRELSE 1
| #define HAVE_SIGTIMEDWAIT 1
| #define HAVE_SIGWAIT 1
| #define HAVE_SIGWAITINFO 1
| #define HAVE_SNPRINTF 1
| #define HAVE_STRFTIME 1
| #define HAVE_STRLCPY 1
| #define HAVE_STRSIGNAL 1
| #define HAVE_SYMLINKAT 1
| #define HAVE_SYNC 1
| #define HAVE_SYSCONF 1
| #define HAVE_TCGETPGRP 1
| #define HAVE_TCSETPGRP 1
| #define HAVE_TEMPNAM 1
| #define HAVE_TIMEGM 1
| #define HAVE_TIMES 1
| #define HAVE_TMPFILE 1
| #define HAVE_TMPNAM 1
| #define HAVE_TRUNCATE 1
| #define HAVE_UNAME 1
| #define HAVE_UNLINKAT 1
| #define HAVE_UTIMENSAT 1
| #define HAVE_UTIMES 1
| #define HAVE_WAITID 1
| #define HAVE_WAITPID 1
| #define HAVE_WAIT4 1
| #define HAVE_WCSCOLL 1
| #define HAVE_WCSFTIME 1
| #define HAVE_WCSXFRM 1
| #define HAVE_WMEMCMP 1
| #define HAVE_WRITEV 1
| #define HAVE_DIRFD 1
| #define HAVE_CHROOT 1
| #define HAVE_LINK 1
| #define HAVE_SYMLINK 1
| #define HAVE_FCHDIR 1
| #define HAVE_FSYNC 1
| #define HAVE_FDATASYNC 1
| #define HAVE_EPOLL 1
| #define HAVE_EPOLL_CREATE1 1
| #define HAVE_PRLIMIT 1
| /* end confdefs.h.  */
| 
| #include <stdio.h>
| 
| int
| main ()
| {
| void* p = ctermid_r
|   ;
|   return 0;
| }
configure:12112: result: no
configure:12118: checking for flock declaration
configure:12135: gcc -c -I/data/data/com.termux/files/usr/include  conftest.c >&5
configure:12135: $? = 0
configure:12144: result: yes
configure:12149: checking for flock
configure:12149: gcc -o conftest -I/data/data/com.termux/files/usr/include  -L/data/data/com.termux/files/usr/lib conftest.c -ldl  >&5
configure:12149: $? = 0
configure:12149: result: yes
configure:12207: checking for getpagesize
configure:12222: gcc -c -I/data/data/com.termux/files/usr/include  conftest.c >&5
configure:12222: $? = 0
configure:12226: result: yes
configure:12235: checking for broken unsetenv
configure:12250: gcc -c -I/data/data/com.termux/files/usr/include  conftest.c >&5
configure:12250: $? = 0
configure:12251: result: no
configure:12267: checking for true
configure:12283: found /data/data/com.termux/files/usr/bin/true
configure:12294: result: true
configure:12307: checking for inet_aton in -lc
configure:12332: gcc -o conftest -I/data/data/com.termux/files/usr/include  -L/data/data/com.termux/files/usr/lib conftest.c -lc  -ldl  >&5
configure:12332: $? = 0
configure:12341: result: yes
configure:12397: checking for chflags
configure:12418: gcc -o conftest -I/data/data/com.termux/files/usr/include  -L/data/data/com.termux/files/usr/lib conftest.c -ldl  >&5
conftest.c:292:6: error: call to undeclared function 'chflags'; ISO C99 and later do not support implicit function declarations [-Wimplicit-function-declaration]
  292 |   if(chflags(argv[0], 0) != 0)
      |      ^
1 error generated.
configure:12418: $? = 1
configure: program exited with status 1
configure: failed program was:
| /* confdefs.h */
| #define _GNU_SOURCE 1
| #define _NETBSD_SOURCE 1
| #define __BSD_VISIBLE 1
| #define _DARWIN_C_SOURCE 1
| #define _PYTHONFRAMEWORK ""
| #define _XOPEN_SOURCE 700
| #define _XOPEN_SOURCE_EXTENDED 1
| #define _POSIX_C_SOURCE 200809L
| #define STDC_HEADERS 1
| #define HAVE_SYS_TYPES_H 1
| #define HAVE_SYS_STAT_H 1
| #define HAVE_STDLIB_H 1
| #define HAVE_STRING_H 1
| #define HAVE_MEMORY_H 1
| #define HAVE_STRINGS_H 1
| #define HAVE_INTTYPES_H 1
| #define HAVE_STDINT_H 1
| #define HAVE_UNISTD_H 1
| #define __EXTENSIONS__ 1
| #define _ALL_SOURCE 1
| #define _GNU_SOURCE 1
| #define _POSIX_PTHREAD_SEMANTICS 1
| #define _TANDEM_SOURCE 1
| #define ANDROID_API_LEVEL 24
| #define STDC_HEADERS 1
| #define HAVE_ASM_TYPES_H 1
| #define HAVE_CRYPT_H 1
| #define HAVE_DLFCN_H 1
| #define HAVE_ERRNO_H 1
| #define HAVE_FCNTL_H 1
| #define HAVE_GRP_H 1
| #define HAVE_LANGINFO_H 1
| #define HAVE_LIBINTL_H 1
| #define HAVE_PTHREAD_H 1
| #define HAVE_SCHED_H 1
| #define HAVE_SIGNAL_H 1
| #define HAVE_TERMIOS_H 1
| #define HAVE_UTIME_H 1
| #define HAVE_POLL_H 1
| #define HAVE_SYS_EPOLL_H 1
| #define HAVE_SYS_POLL_H 1
| #define HAVE_SYS_XATTR_H 1
| #define HAVE_SYS_FILE_H 1
| #define HAVE_SYS_IOCTL_H 1
| #define HAVE_SYS_PARAM_H 1
| #define HAVE_SYS_RANDOM_H 1
| #define HAVE_SYS_SELECT_H 1
| #define HAVE_SYS_SENDFILE_H 1
| #define HAVE_SYS_SOCKET_H 1
| #define HAVE_SYS_STATVFS_H 1
| #define HAVE_SYS_STAT_H 1
| #define HAVE_SYS_SYSCALL_H 1
| #define HAVE_SYS_TIME_H 1
| #define HAVE_SYS_TIMES_H 1
| #define HAVE_SYS_TYPES_H 1
| #define HAVE_SYS_UIO_H 1
| #define HAVE_SYS_UN_H 1
| #define HAVE_SYS_UTSNAME_H 1
| #define HAVE_SYS_WAIT_H 1
| #define HAVE_PTY_H 1
| #define HAVE_SYS_RESOURCE_H 1
| #define HAVE_NETPACKET_PACKET_H 1
| #define HAVE_SYSEXITS_H 1
| #define HAVE_LINUX_TIPC_H 1
| #define HAVE_LINUX_RANDOM_H 1
| #define HAVE_SPAWN_H 1
| #define HAVE_ALLOCA_H 1
| #define HAVE_ENDIAN_H 1
| #define HAVE_SYS_ENDIAN_H 1
| #define HAVE_SYS_SYSMACROS_H 1
| #define HAVE_LINUX_MEMFD_H 1
| #define HAVE_LINUX_WAIT_H 1
| #define HAVE_SYS_MMAN_H 1
| #define HAVE_DIRENT_H 1
| #define MAJOR_IN_SYSMACROS 1
| #define HAVE_NET_IF_H 1
| #define HAVE_LINUX_NETLINK_H 1
| #define HAVE_LINUX_QRTR_H 1
| #define HAVE_LINUX_VM_SOCKETS_H 1
| #define HAVE_LINUX_CAN_H 1
| #define HAVE_LINUX_CAN_BCM_H 1
| #define HAVE_LINUX_CAN_J1939_H 1
| #define HAVE_LINUX_CAN_RAW_H 1
| #define HAVE_MAKEDEV 1
| #define HAVE_HTOLE64 1
| #define _LARGEFILE_SOURCE 1
| #define _FILE_OFFSET_BITS 64
| #if defined(SCO_DS)
| #undef _OFF_T
| #endif
| #define RETSIGTYPE void
| #define HAVE_SSIZE_T 1
| #define HAVE_GCC_UINT128_T 1
| #define SIZEOF_INT 4
| #define SIZEOF_LONG 8
| #define SIZEOF_LONG_LONG 8
| #define SIZEOF_VOID_P 8
| #define SIZEOF_SHORT 2
| #define SIZEOF_FLOAT 4
| #define SIZEOF_DOUBLE 8
| #define SIZEOF_FPOS_T 8
| #define SIZEOF_SIZE_T 8
| #define SIZEOF_PID_T 4
| #define SIZEOF_UINTPTR_T 8
| #define HAVE_LONG_DOUBLE 1
| #define SIZEOF_LONG_DOUBLE 16
| #define SIZEOF__BOOL 1
| #define SIZEOF_OFF_T 8
| #define SIZEOF_TIME_T 8
| #define SIZEOF_PTHREAD_T 8
| #define SIZEOF_PTHREAD_KEY_T 4
| #define PTHREAD_KEY_T_IS_COMPATIBLE_WITH_INT 1
| #define HAVE_LIBDL 1
| #define HAVE_UUID_UUID_H 1
| #define HAVE_UUID_GENERATE_TIME_SAFE 1
| #define WITH_DECIMAL_CONTEXTVAR 1
| #define _REENTRANT 1
| #define HAVE_PTHREAD_SIGMASK 1
| #define HAVE_PTHREAD_GETCPUCLOCKID 1
| #define ENABLE_IPV6 1
| #define HAVE_LINUX_CAN_RAW_FD_FRAMES 1
| #define HAVE_LINUX_CAN_RAW_JOIN_FILTERS 1
| #define WITH_DOC_STRINGS 1
| #define WITH_PYMALLOC 1
| #define PY_COERCE_C_LOCALE 1
| #define HAVE_DLOPEN 1
| #define HAVE_DYNAMIC_LOADING 1
| #define HAVE_ALARM 1
| #define HAVE_ACCEPT4 1
| #define HAVE_SETITIMER 1
| #define HAVE_GETITIMER 1
| #define HAVE_CHOWN 1
| #define HAVE_CLOCK 1
| #define HAVE_CTERMID 1
| #define HAVE_DUP3 1
| #define HAVE_EXECV 1
| #define HAVE_FACCESSAT 1
| #define HAVE_FCHMOD 1
| #define HAVE_FCHMODAT 1
| #define HAVE_FCHOWN 1
| #define HAVE_FCHOWNAT 1
| #define HAVE_FEXECVE 1
| #define HAVE_FDOPENDIR 1
| #define HAVE_FORK 1
| #define HAVE_FPATHCONF 1
| #define HAVE_FSTATAT 1
| #define HAVE_FTRUNCATE 1
| #define HAVE_FUTIMESAT 1
| #define HAVE_FUTIMENS 1
| #define HAVE_FUTIMES 1
| #define HAVE_GAI_STRERROR 1
| #define HAVE_GETENTROPY 1
| #define HAVE_GETGRGID_R 1
| #define HAVE_GETGRNAM_R 1
| #define HAVE_GETGROUPLIST 1
| #define HAVE_GETGROUPS 1
| #define HAVE_GETLOGIN 1
| #define HAVE_GETLOADAVG 1
| #define HAVE_GETPEERNAME 1
| #define HAVE_GETPGID 1
| #define HAVE_GETPID 1
| #define HAVE_GETPRIORITY 1
| #define HAVE_GETRESUID 1
| #define HAVE_GETRESGID 1
| #define HAVE_GETPWENT 1
| #define HAVE_GETPWNAM_R 1
| #define HAVE_GETPWUID_R 1
| #define HAVE_GETSID 1
| #define HAVE_IF_NAMEINDEX 1
| #define HAVE_INITGROUPS 1
| #define HAVE_KILL 1
| #define HAVE_KILLPG 1
| #define HAVE_LCHOWN 1
| #define HAVE_LOCKF 1
| #define HAVE_LINKAT 1
| #define HAVE_LSTAT 1
| #define HAVE_LUTIMES 1
| #define HAVE_MMAP 1
| #define HAVE_MEMRCHR 1
| #define HAVE_MBRTOWC 1
| #define HAVE_MKDIRAT 1
| #define HAVE_MKFIFO 1
| #define HAVE_MADVISE 1
| #define HAVE_MKFIFOAT 1
| #define HAVE_MKNOD 1
| #define HAVE_MKNODAT 1
| #define HAVE_MKTIME 1
| #define HAVE_MREMAP 1
| #define HAVE_NICE 1
| #define HAVE_OPENAT 1
| #define HAVE_PATHCONF 1
| #define HAVE_PAUSE 1
| #define HAVE_PIPE2 1
| #define HAVE_POLL 1
| #define HAVE_POSIX_FALLOCATE 1
| #define HAVE_POSIX_FADVISE 1
| #define HAVE_POSIX_SPAWN 1
| #define HAVE_POSIX_SPAWNP 1
| #define HAVE_PREAD 1
| #define HAVE_PREADV 1
| #define HAVE_PREADV2 1
| #define HAVE_PTHREAD_CONDATTR_SETCLOCK 1
| #define HAVE_PTHREAD_KILL 1
| #define HAVE_PWRITE 1
| #define HAVE_PWRITEV 1
| #define HAVE_PWRITEV2 1
| #define HAVE_READLINK 1
| #define HAVE_READLINKAT 1
| #define HAVE_READV 1
| #define HAVE_REALPATH 1
| #define HAVE_RENAMEAT 1
| #define HAVE_SEM_OPEN 1
| #define HAVE_SEM_TIMEDWAIT 1
| #define HAVE_SEM_GETVALUE 1
| #define HAVE_SEM_UNLINK 1
| #define HAVE_SENDFILE 1
| #define HAVE_SETEGID 1
| #define HAVE_SETEUID 1
| #define HAVE_SETGID 1
| #define HAVE_SETHOSTNAME 1
| #define HAVE_SETLOCALE 1
| #define HAVE_SETREGID 1
| #define HAVE_SETREUID 1
| #define HAVE_SETRESUID 1
| #define HAVE_SETRESGID 1
| #define HAVE_SETSID 1
| #define HAVE_SETPGID 1
| #define HAVE_SETPGRP 1
| #define HAVE_SETPRIORITY 1
| #define HAVE_SETUID 1
| #define HAVE_SETVBUF 1
| #define HAVE_SCHED_GET_PRIORITY_MAX 1
| #define HAVE_SCHED_SETAFFINITY 1
| #define HAVE_SCHED_SETSCHEDULER 1
| #define HAVE_SCHED_SETPARAM 1
| #define HAVE_SCHED_RR_GET_INTERVAL 1
| #define HAVE_SIGACTION 1
| #define HAVE_SIGALTSTACK 1
| #define HAVE_SIGFILLSET 1
| #define HAVE_SIGINTERRUPT 1
| #define HAVE_SIGPENDING 1
| #define HAVE_SIGRELSE 1
| #define HAVE_SIGTIMEDWAIT 1
| #define HAVE_SIGWAIT 1
| #define HAVE_SIGWAITINFO 1
| #define HAVE_SNPRINTF 1
| #define HAVE_STRFTIME 1
| #define HAVE_STRLCPY 1
| #define HAVE_STRSIGNAL 1
| #define HAVE_SYMLINKAT 1
| #define HAVE_SYNC 1
| #define HAVE_SYSCONF 1
| #define HAVE_TCGETPGRP 1
| #define HAVE_TCSETPGRP 1
| #define HAVE_TEMPNAM 1
| #define HAVE_TIMEGM 1
| #define HAVE_TIMES 1
| #define HAVE_TMPFILE 1
| #define HAVE_TMPNAM 1
| #define HAVE_TRUNCATE 1
| #define HAVE_UNAME 1
| #define HAVE_UNLINKAT 1
| #define HAVE_UTIMENSAT 1
| #define HAVE_UTIMES 1
| #define HAVE_WAITID 1
| #define HAVE_WAITPID 1
| #define HAVE_WAIT4 1
| #define HAVE_WCSCOLL 1
| #define HAVE_WCSFTIME 1
| #define HAVE_WCSXFRM 1
| #define HAVE_WMEMCMP 1
| #define HAVE_WRITEV 1
| #define HAVE_DIRFD 1
| #define HAVE_CHROOT 1
| #define HAVE_LINK 1
| #define HAVE_SYMLINK 1
| #define HAVE_FCHDIR 1
| #define HAVE_FSYNC 1
| #define HAVE_FDATASYNC 1
| #define HAVE_EPOLL 1
| #define HAVE_EPOLL_CREATE1 1
| #define HAVE_PRLIMIT 1
| #define HAVE_FLOCK 1
| #define HAVE_GETPAGESIZE 1
| /* end confdefs.h.  */
| 
| #include <sys/stat.h>
| #include <unistd.h>
| int main(int argc, char*argv[])
| {
|   if(chflags(argv[0], 0) != 0)
|     return 1;
|   return 0;
| }
| 
configure:12429: result: no
configure:12446: checking for lchflags
configure:12467: gcc -o conftest -I/data/data/com.termux/files/usr/include  -L/data/data/com.termux/files/usr/lib conftest.c -ldl  >&5
conftest.c:292:6: error: call to undeclared function 'lchflags'; ISO C99 and later do not support implicit function declarations [-Wimplicit-function-declaration]
  292 |   if(lchflags(argv[0], 0) != 0)
      |      ^
1 error generated.
configure:12467: $? = 1
configure: program exited with status 1
configure: failed program was:
| /* confdefs.h */
| #define _GNU_SOURCE 1
| #define _NETBSD_SOURCE 1
| #define __BSD_VISIBLE 1
| #define _DARWIN_C_SOURCE 1
| #define _PYTHONFRAMEWORK ""
| #define _XOPEN_SOURCE 700
| #define _XOPEN_SOURCE_EXTENDED 1
| #define _POSIX_C_SOURCE 200809L
| #define STDC_HEADERS 1
| #define HAVE_SYS_TYPES_H 1
| #define HAVE_SYS_STAT_H 1
| #define HAVE_STDLIB_H 1
| #define HAVE_STRING_H 1
| #define HAVE_MEMORY_H 1
| #define HAVE_STRINGS_H 1
| #define HAVE_INTTYPES_H 1
| #define HAVE_STDINT_H 1
| #define HAVE_UNISTD_H 1
| #define __EXTENSIONS__ 1
| #define _ALL_SOURCE 1
| #define _GNU_SOURCE 1
| #define _POSIX_PTHREAD_SEMANTICS 1
| #define _TANDEM_SOURCE 1
| #define ANDROID_API_LEVEL 24
| #define STDC_HEADERS 1
| #define HAVE_ASM_TYPES_H 1
| #define HAVE_CRYPT_H 1
| #define HAVE_DLFCN_H 1
| #define HAVE_ERRNO_H 1
| #define HAVE_FCNTL_H 1
| #define HAVE_GRP_H 1
| #define HAVE_LANGINFO_H 1
| #define HAVE_LIBINTL_H 1
| #define HAVE_PTHREAD_H 1
| #define HAVE_SCHED_H 1
| #define HAVE_SIGNAL_H 1
| #define HAVE_TERMIOS_H 1
| #define HAVE_UTIME_H 1
| #define HAVE_POLL_H 1
| #define HAVE_SYS_EPOLL_H 1
| #define HAVE_SYS_POLL_H 1
| #define HAVE_SYS_XATTR_H 1
| #define HAVE_SYS_FILE_H 1
| #define HAVE_SYS_IOCTL_H 1
| #define HAVE_SYS_PARAM_H 1
| #define HAVE_SYS_RANDOM_H 1
| #define HAVE_SYS_SELECT_H 1
| #define HAVE_SYS_SENDFILE_H 1
| #define HAVE_SYS_SOCKET_H 1
| #define HAVE_SYS_STATVFS_H 1
| #define HAVE_SYS_STAT_H 1
| #define HAVE_SYS_SYSCALL_H 1
| #define HAVE_SYS_TIME_H 1
| #define HAVE_SYS_TIMES_H 1
| #define HAVE_SYS_TYPES_H 1
| #define HAVE_SYS_UIO_H 1
| #define HAVE_SYS_UN_H 1
| #define HAVE_SYS_UTSNAME_H 1
| #define HAVE_SYS_WAIT_H 1
| #define HAVE_PTY_H 1
| #define HAVE_SYS_RESOURCE_H 1
| #define HAVE_NETPACKET_PACKET_H 1
| #define HAVE_SYSEXITS_H 1
| #define HAVE_LINUX_TIPC_H 1
| #define HAVE_LINUX_RANDOM_H 1
| #define HAVE_SPAWN_H 1
| #define HAVE_ALLOCA_H 1
| #define HAVE_ENDIAN_H 1
| #define HAVE_SYS_ENDIAN_H 1
| #define HAVE_SYS_SYSMACROS_H 1
| #define HAVE_LINUX_MEMFD_H 1
| #define HAVE_LINUX_WAIT_H 1
| #define HAVE_SYS_MMAN_H 1
| #define HAVE_DIRENT_H 1
| #define MAJOR_IN_SYSMACROS 1
| #define HAVE_NET_IF_H 1
| #define HAVE_LINUX_NETLINK_H 1
| #define HAVE_LINUX_QRTR_H 1
| #define HAVE_LINUX_VM_SOCKETS_H 1
| #define HAVE_LINUX_CAN_H 1
| #define HAVE_LINUX_CAN_BCM_H 1
| #define HAVE_LINUX_CAN_J1939_H 1
| #define HAVE_LINUX_CAN_RAW_H 1
| #define HAVE_MAKEDEV 1
| #define HAVE_HTOLE64 1
| #define _LARGEFILE_SOURCE 1
| #define _FILE_OFFSET_BITS 64
| #if defined(SCO_DS)
| #undef _OFF_T
| #endif
| #define RETSIGTYPE void
| #define HAVE_SSIZE_T 1
| #define HAVE_GCC_UINT128_T 1
| #define SIZEOF_INT 4
| #define SIZEOF_LONG 8
| #define SIZEOF_LONG_LONG 8
| #define SIZEOF_VOID_P 8
| #define SIZEOF_SHORT 2
| #define SIZEOF_FLOAT 4
| #define SIZEOF_DOUBLE 8
| #define SIZEOF_FPOS_T 8
| #define SIZEOF_SIZE_T 8
| #define SIZEOF_PID_T 4
| #define SIZEOF_UINTPTR_T 8
| #define HAVE_LONG_DOUBLE 1
| #define SIZEOF_LONG_DOUBLE 16
| #define SIZEOF__BOOL 1
| #define SIZEOF_OFF_T 8
| #define SIZEOF_TIME_T 8
| #define SIZEOF_PTHREAD_T 8
| #define SIZEOF_PTHREAD_KEY_T 4
| #define PTHREAD_KEY_T_IS_COMPATIBLE_WITH_INT 1
| #define HAVE_LIBDL 1
| #define HAVE_UUID_UUID_H 1
| #define HAVE_UUID_GENERATE_TIME_SAFE 1
| #define WITH_DECIMAL_CONTEXTVAR 1
| #define _REENTRANT 1
| #define HAVE_PTHREAD_SIGMASK 1
| #define HAVE_PTHREAD_GETCPUCLOCKID 1
| #define ENABLE_IPV6 1
| #define HAVE_LINUX_CAN_RAW_FD_FRAMES 1
| #define HAVE_LINUX_CAN_RAW_JOIN_FILTERS 1
| #define WITH_DOC_STRINGS 1
| #define WITH_PYMALLOC 1
| #define PY_COERCE_C_LOCALE 1
| #define HAVE_DLOPEN 1
| #define HAVE_DYNAMIC_LOADING 1
| #define HAVE_ALARM 1
| #define HAVE_ACCEPT4 1
| #define HAVE_SETITIMER 1
| #define HAVE_GETITIMER 1
| #define HAVE_CHOWN 1
| #define HAVE_CLOCK 1
| #define HAVE_CTERMID 1
| #define HAVE_DUP3 1
| #define HAVE_EXECV 1
| #define HAVE_FACCESSAT 1
| #define HAVE_FCHMOD 1
| #define HAVE_FCHMODAT 1
| #define HAVE_FCHOWN 1
| #define HAVE_FCHOWNAT 1
| #define HAVE_FEXECVE 1
| #define HAVE_FDOPENDIR 1
| #define HAVE_FORK 1
| #define HAVE_FPATHCONF 1
| #define HAVE_FSTATAT 1
| #define HAVE_FTRUNCATE 1
| #define HAVE_FUTIMESAT 1
| #define HAVE_FUTIMENS 1
| #define HAVE_FUTIMES 1
| #define HAVE_GAI_STRERROR 1
| #define HAVE_GETENTROPY 1
| #define HAVE_GETGRGID_R 1
| #define HAVE_GETGRNAM_R 1
| #define HAVE_GETGROUPLIST 1
| #define HAVE_GETGROUPS 1
| #define HAVE_GETLOGIN 1
| #define HAVE_GETLOADAVG 1
| #define HAVE_GETPEERNAME 1
| #define HAVE_GETPGID 1
| #define HAVE_GETPID 1
| #define HAVE_GETPRIORITY 1
| #define HAVE_GETRESUID 1
| #define HAVE_GETRESGID 1
| #define HAVE_GETPWENT 1
| #define HAVE_GETPWNAM_R 1
| #define HAVE_GETPWUID_R 1
| #define HAVE_GETSID 1
| #define HAVE_IF_NAMEINDEX 1
| #define HAVE_INITGROUPS 1
| #define HAVE_KILL 1
| #define HAVE_KILLPG 1
| #define HAVE_LCHOWN 1
| #define HAVE_LOCKF 1
| #define HAVE_LINKAT 1
| #define HAVE_LSTAT 1
| #define HAVE_LUTIMES 1
| #define HAVE_MMAP 1
| #define HAVE_MEMRCHR 1
| #define HAVE_MBRTOWC 1
| #define HAVE_MKDIRAT 1
| #define HAVE_MKFIFO 1
| #define HAVE_MADVISE 1
| #define HAVE_MKFIFOAT 1
| #define HAVE_MKNOD 1
| #define HAVE_MKNODAT 1
| #define HAVE_MKTIME 1
| #define HAVE_MREMAP 1
| #define HAVE_NICE 1
| #define HAVE_OPENAT 1
| #define HAVE_PATHCONF 1
| #define HAVE_PAUSE 1
| #define HAVE_PIPE2 1
| #define HAVE_POLL 1
| #define HAVE_POSIX_FALLOCATE 1
| #define HAVE_POSIX_FADVISE 1
| #define HAVE_POSIX_SPAWN 1
| #define HAVE_POSIX_SPAWNP 1
| #define HAVE_PREAD 1
| #define HAVE_PREADV 1
| #define HAVE_PREADV2 1
| #define HAVE_PTHREAD_CONDATTR_SETCLOCK 1
| #define HAVE_PTHREAD_KILL 1
| #define HAVE_PWRITE 1
| #define HAVE_PWRITEV 1
| #define HAVE_PWRITEV2 1
| #define HAVE_READLINK 1
| #define HAVE_READLINKAT 1
| #define HAVE_READV 1
| #define HAVE_REALPATH 1
| #define HAVE_RENAMEAT 1
| #define HAVE_SEM_OPEN 1
| #define HAVE_SEM_TIMEDWAIT 1
| #define HAVE_SEM_GETVALUE 1
| #define HAVE_SEM_UNLINK 1
| #define HAVE_SENDFILE 1
| #define HAVE_SETEGID 1
| #define HAVE_SETEUID 1
| #define HAVE_SETGID 1
| #define HAVE_SETHOSTNAME 1
| #define HAVE_SETLOCALE 1
| #define HAVE_SETREGID 1
| #define HAVE_SETREUID 1
| #define HAVE_SETRESUID 1
| #define HAVE_SETRESGID 1
| #define HAVE_SETSID 1
| #define HAVE_SETPGID 1
| #define HAVE_SETPGRP 1
| #define HAVE_SETPRIORITY 1
| #define HAVE_SETUID 1
| #define HAVE_SETVBUF 1
| #define HAVE_SCHED_GET_PRIORITY_MAX 1
| #define HAVE_SCHED_SETAFFINITY 1
| #define HAVE_SCHED_SETSCHEDULER 1
| #define HAVE_SCHED_SETPARAM 1
| #define HAVE_SCHED_RR_GET_INTERVAL 1
| #define HAVE_SIGACTION 1
| #define HAVE_SIGALTSTACK 1
| #define HAVE_SIGFILLSET 1
| #define HAVE_SIGINTERRUPT 1
| #define HAVE_SIGPENDING 1
| #define HAVE_SIGRELSE 1
| #define HAVE_SIGTIMEDWAIT 1
| #define HAVE_SIGWAIT 1
| #define HAVE_SIGWAITINFO 1
| #define HAVE_SNPRINTF 1
| #define HAVE_STRFTIME 1
| #define HAVE_STRLCPY 1
| #define HAVE_STRSIGNAL 1
| #define HAVE_SYMLINKAT 1
| #define HAVE_SYNC 1
| #define HAVE_SYSCONF 1
| #define HAVE_TCGETPGRP 1
| #define HAVE_TCSETPGRP 1
| #define HAVE_TEMPNAM 1
| #define HAVE_TIMEGM 1
| #define HAVE_TIMES 1
| #define HAVE_TMPFILE 1
| #define HAVE_TMPNAM 1
| #define HAVE_TRUNCATE 1
| #define HAVE_UNAME 1
| #define HAVE_UNLINKAT 1
| #define HAVE_UTIMENSAT 1
| #define HAVE_UTIMES 1
| #define HAVE_WAITID 1
| #define HAVE_WAITPID 1
| #define HAVE_WAIT4 1
| #define HAVE_WCSCOLL 1
| #define HAVE_WCSFTIME 1
| #define HAVE_WCSXFRM 1
| #define HAVE_WMEMCMP 1
| #define HAVE_WRITEV 1
| #define HAVE_DIRFD 1
| #define HAVE_CHROOT 1
| #define HAVE_LINK 1
| #define HAVE_SYMLINK 1
| #define HAVE_FCHDIR 1
| #define HAVE_FSYNC 1
| #define HAVE_FDATASYNC 1
| #define HAVE_EPOLL 1
| #define HAVE_EPOLL_CREATE1 1
| #define HAVE_PRLIMIT 1
| #define HAVE_FLOCK 1
| #define HAVE_GETPAGESIZE 1
| /* end confdefs.h.  */
| 
| #include <sys/stat.h>
| #include <unistd.h>
| int main(int argc, char*argv[])
| {
|   if(lchflags(argv[0], 0) != 0)
|     return 1;
|   return 0;
| }
| 
configure:12478: result: no
configure:12504: checking for inflateCopy in -lz
configure:12529: gcc -o conftest -I/data/data/com.termux/files/usr/include  -L/data/data/com.termux/files/usr/lib conftest.c -lz  -ldl  >&5
configure:12529: $? = 0
configure:12538: result: yes
configure:12554: checking for hstrerror
configure:12569: gcc -o conftest -I/data/data/com.termux/files/usr/include  -L/data/data/com.termux/files/usr/lib conftest.c -ldl  >&5
configure:12569: $? = 0
configure:12573: result: yes
configure:12583: checking for inet_aton
configure:12601: gcc -o conftest -I/data/data/com.termux/files/usr/include  -L/data/data/com.termux/files/usr/lib conftest.c -ldl  >&5
conftest.c:298:31: warning: null passed to a callee that requires a non-null argument [-Wnonnull]
  298 | void* p = inet_aton;inet_aton(0,0)
      |                               ^
1 warning generated.
configure:12601: $? = 0
configure:12605: result: yes
configure:12615: checking for inet_pton
configure:12633: gcc -c -I/data/data/com.termux/files/usr/include  conftest.c >&5
configure:12633: $? = 0
configure:12637: result: yes
configure:12647: checking for setgroups
configure:12665: gcc -c -I/data/data/com.termux/files/usr/include  conftest.c >&5
configure:12665: $? = 0
configure:12669: result: yes
configure:12682: checking for openpty
configure:12682: gcc -o conftest -I/data/data/com.termux/files/usr/include  -L/data/data/com.termux/files/usr/lib conftest.c -ldl  >&5
configure:12682: $? = 0
configure:12682: result: yes
configure:12779: checking for forkpty
configure:12779: gcc -o conftest -I/data/data/com.termux/files/usr/include  -L/data/data/com.termux/files/usr/lib conftest.c -ldl  >&5
configure:12779: $? = 0
configure:12779: result: yes
configure:12879: checking for fseek64
configure:12879: gcc -o conftest -I/data/data/com.termux/files/usr/include  -L/data/data/com.termux/files/usr/lib conftest.c -ldl  >&5
ld.lld: error: undefined symbol: fseek64
>>> referenced by conftest.c
>>>               /data/data/com.termux/files/usr/tmp/conftest-7ae872.o:(main)
>>> did you mean: lseek64
>>> defined in: /system/lib64/libc.so
gcc: error: linker command failed with exit code 1 (use -v to see invocation)
configure:12879: $? = 1
configure: failed program was:
| /* confdefs.h */
| #define _GNU_SOURCE 1
| #define _NETBSD_SOURCE 1
| #define __BSD_VISIBLE 1
| #define _DARWIN_C_SOURCE 1
| #define _PYTHONFRAMEWORK ""
| #define _XOPEN_SOURCE 700
| #define _XOPEN_SOURCE_EXTENDED 1
| #define _POSIX_C_SOURCE 200809L
| #define STDC_HEADERS 1
| #define HAVE_SYS_TYPES_H 1
| #define HAVE_SYS_STAT_H 1
| #define HAVE_STDLIB_H 1
| #define HAVE_STRING_H 1
| #define HAVE_MEMORY_H 1
| #define HAVE_STRINGS_H 1
| #define HAVE_INTTYPES_H 1
| #define HAVE_STDINT_H 1
| #define HAVE_UNISTD_H 1
| #define __EXTENSIONS__ 1
| #define _ALL_SOURCE 1
| #define _GNU_SOURCE 1
| #define _POSIX_PTHREAD_SEMANTICS 1
| #define _TANDEM_SOURCE 1
| #define ANDROID_API_LEVEL 24
| #define STDC_HEADERS 1
| #define HAVE_ASM_TYPES_H 1
| #define HAVE_CRYPT_H 1
| #define HAVE_DLFCN_H 1
| #define HAVE_ERRNO_H 1
| #define HAVE_FCNTL_H 1
| #define HAVE_GRP_H 1
| #define HAVE_LANGINFO_H 1
| #define HAVE_LIBINTL_H 1
| #define HAVE_PTHREAD_H 1
| #define HAVE_SCHED_H 1
| #define HAVE_SIGNAL_H 1
| #define HAVE_TERMIOS_H 1
| #define HAVE_UTIME_H 1
| #define HAVE_POLL_H 1
| #define HAVE_SYS_EPOLL_H 1
| #define HAVE_SYS_POLL_H 1
| #define HAVE_SYS_XATTR_H 1
| #define HAVE_SYS_FILE_H 1
| #define HAVE_SYS_IOCTL_H 1
| #define HAVE_SYS_PARAM_H 1
| #define HAVE_SYS_RANDOM_H 1
| #define HAVE_SYS_SELECT_H 1
| #define HAVE_SYS_SENDFILE_H 1
| #define HAVE_SYS_SOCKET_H 1
| #define HAVE_SYS_STATVFS_H 1
| #define HAVE_SYS_STAT_H 1
| #define HAVE_SYS_SYSCALL_H 1
| #define HAVE_SYS_TIME_H 1
| #define HAVE_SYS_TIMES_H 1
| #define HAVE_SYS_TYPES_H 1
| #define HAVE_SYS_UIO_H 1
| #define HAVE_SYS_UN_H 1
| #define HAVE_SYS_UTSNAME_H 1
| #define HAVE_SYS_WAIT_H 1
| #define HAVE_PTY_H 1
| #define HAVE_SYS_RESOURCE_H 1
| #define HAVE_NETPACKET_PACKET_H 1
| #define HAVE_SYSEXITS_H 1
| #define HAVE_LINUX_TIPC_H 1
| #define HAVE_LINUX_RANDOM_H 1
| #define HAVE_SPAWN_H 1
| #define HAVE_ALLOCA_H 1
| #define HAVE_ENDIAN_H 1
| #define HAVE_SYS_ENDIAN_H 1
| #define HAVE_SYS_SYSMACROS_H 1
| #define HAVE_LINUX_MEMFD_H 1
| #define HAVE_LINUX_WAIT_H 1
| #define HAVE_SYS_MMAN_H 1
| #define HAVE_DIRENT_H 1
| #define MAJOR_IN_SYSMACROS 1
| #define HAVE_NET_IF_H 1
| #define HAVE_LINUX_NETLINK_H 1
| #define HAVE_LINUX_QRTR_H 1
| #define HAVE_LINUX_VM_SOCKETS_H 1
| #define HAVE_LINUX_CAN_H 1
| #define HAVE_LINUX_CAN_BCM_H 1
| #define HAVE_LINUX_CAN_J1939_H 1
| #define HAVE_LINUX_CAN_RAW_H 1
| #define HAVE_MAKEDEV 1
| #define HAVE_HTOLE64 1
| #define _LARGEFILE_SOURCE 1
| #define _FILE_OFFSET_BITS 64
| #if defined(SCO_DS)
| #undef _OFF_T
| #endif
| #define RETSIGTYPE void
| #define HAVE_SSIZE_T 1
| #define HAVE_GCC_UINT128_T 1
| #define SIZEOF_INT 4
| #define SIZEOF_LONG 8
| #define SIZEOF_LONG_LONG 8
| #define SIZEOF_VOID_P 8
| #define SIZEOF_SHORT 2
| #define SIZEOF_FLOAT 4
| #define SIZEOF_DOUBLE 8
| #define SIZEOF_FPOS_T 8
| #define SIZEOF_SIZE_T 8
| #define SIZEOF_PID_T 4
| #define SIZEOF_UINTPTR_T 8
| #define HAVE_LONG_DOUBLE 1
| #define SIZEOF_LONG_DOUBLE 16
| #define SIZEOF__BOOL 1
| #define SIZEOF_OFF_T 8
| #define SIZEOF_TIME_T 8
| #define SIZEOF_PTHREAD_T 8
| #define SIZEOF_PTHREAD_KEY_T 4
| #define PTHREAD_KEY_T_IS_COMPATIBLE_WITH_INT 1
| #define HAVE_LIBDL 1
| #define HAVE_UUID_UUID_H 1
| #define HAVE_UUID_GENERATE_TIME_SAFE 1
| #define WITH_DECIMAL_CONTEXTVAR 1
| #define _REENTRANT 1
| #define HAVE_PTHREAD_SIGMASK 1
| #define HAVE_PTHREAD_GETCPUCLOCKID 1
| #define ENABLE_IPV6 1
| #define HAVE_LINUX_CAN_RAW_FD_FRAMES 1
| #define HAVE_LINUX_CAN_RAW_JOIN_FILTERS 1
| #define WITH_DOC_STRINGS 1
| #define WITH_PYMALLOC 1
| #define PY_COERCE_C_LOCALE 1
| #define HAVE_DLOPEN 1
| #define HAVE_DYNAMIC_LOADING 1
| #define HAVE_ALARM 1
| #define HAVE_ACCEPT4 1
| #define HAVE_SETITIMER 1
| #define HAVE_GETITIMER 1
| #define HAVE_CHOWN 1
| #define HAVE_CLOCK 1
| #define HAVE_CTERMID 1
| #define HAVE_DUP3 1
| #define HAVE_EXECV 1
| #define HAVE_FACCESSAT 1
| #define HAVE_FCHMOD 1
| #define HAVE_FCHMODAT 1
| #define HAVE_FCHOWN 1
| #define HAVE_FCHOWNAT 1
| #define HAVE_FEXECVE 1
| #define HAVE_FDOPENDIR 1
| #define HAVE_FORK 1
| #define HAVE_FPATHCONF 1
| #define HAVE_FSTATAT 1
| #define HAVE_FTRUNCATE 1
| #define HAVE_FUTIMESAT 1
| #define HAVE_FUTIMENS 1
| #define HAVE_FUTIMES 1
| #define HAVE_GAI_STRERROR 1
| #define HAVE_GETENTROPY 1
| #define HAVE_GETGRGID_R 1
| #define HAVE_GETGRNAM_R 1
| #define HAVE_GETGROUPLIST 1
| #define HAVE_GETGROUPS 1
| #define HAVE_GETLOGIN 1
| #define HAVE_GETLOADAVG 1
| #define HAVE_GETPEERNAME 1
| #define HAVE_GETPGID 1
| #define HAVE_GETPID 1
| #define HAVE_GETPRIORITY 1
| #define HAVE_GETRESUID 1
| #define HAVE_GETRESGID 1
| #define HAVE_GETPWENT 1
| #define HAVE_GETPWNAM_R 1
| #define HAVE_GETPWUID_R 1
| #define HAVE_GETSID 1
| #define HAVE_IF_NAMEINDEX 1
| #define HAVE_INITGROUPS 1
| #define HAVE_KILL 1
| #define HAVE_KILLPG 1
| #define HAVE_LCHOWN 1
| #define HAVE_LOCKF 1
| #define HAVE_LINKAT 1
| #define HAVE_LSTAT 1
| #define HAVE_LUTIMES 1
| #define HAVE_MMAP 1
| #define HAVE_MEMRCHR 1
| #define HAVE_MBRTOWC 1
| #define HAVE_MKDIRAT 1
| #define HAVE_MKFIFO 1
| #define HAVE_MADVISE 1
| #define HAVE_MKFIFOAT 1
| #define HAVE_MKNOD 1
| #define HAVE_MKNODAT 1
| #define HAVE_MKTIME 1
| #define HAVE_MREMAP 1
| #define HAVE_NICE 1
| #define HAVE_OPENAT 1
| #define HAVE_PATHCONF 1
| #define HAVE_PAUSE 1
| #define HAVE_PIPE2 1
| #define HAVE_POLL 1
| #define HAVE_POSIX_FALLOCATE 1
| #define HAVE_POSIX_FADVISE 1
| #define HAVE_POSIX_SPAWN 1
| #define HAVE_POSIX_SPAWNP 1
| #define HAVE_PREAD 1
| #define HAVE_PREADV 1
| #define HAVE_PREADV2 1
| #define HAVE_PTHREAD_CONDATTR_SETCLOCK 1
| #define HAVE_PTHREAD_KILL 1
| #define HAVE_PWRITE 1
| #define HAVE_PWRITEV 1
| #define HAVE_PWRITEV2 1
| #define HAVE_READLINK 1
| #define HAVE_READLINKAT 1
| #define HAVE_READV 1
| #define HAVE_REALPATH 1
| #define HAVE_RENAMEAT 1
| #define HAVE_SEM_OPEN 1
| #define HAVE_SEM_TIMEDWAIT 1
| #define HAVE_SEM_GETVALUE 1
| #define HAVE_SEM_UNLINK 1
| #define HAVE_SENDFILE 1
| #define HAVE_SETEGID 1
| #define HAVE_SETEUID 1
| #define HAVE_SETGID 1
| #define HAVE_SETHOSTNAME 1
| #define HAVE_SETLOCALE 1
| #define HAVE_SETREGID 1
| #define HAVE_SETREUID 1
| #define HAVE_SETRESUID 1
| #define HAVE_SETRESGID 1
| #define HAVE_SETSID 1
| #define HAVE_SETPGID 1
| #define HAVE_SETPGRP 1
| #define HAVE_SETPRIORITY 1
| #define HAVE_SETUID 1
| #define HAVE_SETVBUF 1
| #define HAVE_SCHED_GET_PRIORITY_MAX 1
| #define HAVE_SCHED_SETAFFINITY 1
| #define HAVE_SCHED_SETSCHEDULER 1
| #define HAVE_SCHED_SETPARAM 1
| #define HAVE_SCHED_RR_GET_INTERVAL 1
| #define HAVE_SIGACTION 1
| #define HAVE_SIGALTSTACK 1
| #define HAVE_SIGFILLSET 1
| #define HAVE_SIGINTERRUPT 1
| #define HAVE_SIGPENDING 1
| #define HAVE_SIGRELSE 1
| #define HAVE_SIGTIMEDWAIT 1
| #define HAVE_SIGWAIT 1
| #define HAVE_SIGWAITINFO 1
| #define HAVE_SNPRINTF 1
| #define HAVE_STRFTIME 1
| #define HAVE_STRLCPY 1
| #define HAVE_STRSIGNAL 1
| #define HAVE_SYMLINKAT 1
| #define HAVE_SYNC 1
| #define HAVE_SYSCONF 1
| #define HAVE_TCGETPGRP 1
| #define HAVE_TCSETPGRP 1
| #define HAVE_TEMPNAM 1
| #define HAVE_TIMEGM 1
| #define HAVE_TIMES 1
| #define HAVE_TMPFILE 1
| #define HAVE_TMPNAM 1
| #define HAVE_TRUNCATE 1
| #define HAVE_UNAME 1
| #define HAVE_UNLINKAT 1
| #define HAVE_UTIMENSAT 1
| #define HAVE_UTIMES 1
| #define HAVE_WAITID 1
| #define HAVE_WAITPID 1
| #define HAVE_WAIT4 1
| #define HAVE_WCSCOLL 1
| #define HAVE_WCSFTIME 1
| #define HAVE_WCSXFRM 1
| #define HAVE_WMEMCMP 1
| #define HAVE_WRITEV 1
| #define HAVE_DIRFD 1
| #define HAVE_CHROOT 1
| #define HAVE_LINK 1
| #define HAVE_SYMLINK 1
| #define HAVE_FCHDIR 1
| #define HAVE_FSYNC 1
| #define HAVE_FDATASYNC 1
| #define HAVE_EPOLL 1
| #define HAVE_EPOLL_CREATE1 1
| #define HAVE_PRLIMIT 1
| #define HAVE_FLOCK 1
| #define HAVE_GETPAGESIZE 1
| #define HAVE_ZLIB_COPY 1
| #define HAVE_HSTRERROR 1
| #define HAVE_INET_ATON 1
| #define HAVE_INET_PTON 1
| #define HAVE_SETGROUPS 1
| #define HAVE_OPENPTY 1
| #define HAVE_FORKPTY 1
| /* end confdefs.h.  */
| /* Define fseek64 to an innocuous variant, in case <limits.h> declares fseek64.
|    For example, HP-UX 11i <limits.h> declares gettimeofday.  */
| #define fseek64 innocuous_fseek64
| 
| /* System header to define __stub macros and hopefully few prototypes,
|     which can conflict with char fseek64 (); below.
|     Prefer <limits.h> to <assert.h> if __STDC__ is defined, since
|     <limits.h> exists even on freestanding compilers.  */
| 
| #ifdef __STDC__
| # include <limits.h>
| #else
| # include <assert.h>
| #endif
| 
| #undef fseek64
| 
| /* Override any GCC internal prototype to avoid an error.
|    Use char because int might match the return type of a GCC
|    builtin and then its argument prototype would still apply.  */
| #ifdef __cplusplus
| extern "C"
| #endif
| char fseek64 ();
| /* The GNU C library defines this for functions which it implements
|     to always fail with ENOSYS.  Some functions are actually named
|     something starting with __ and the normal name is an alias.  */
| #if defined __stub_fseek64 || defined __stub___fseek64
| choke me
| #endif
| 
| int
| main ()
| {
| return fseek64 ();
|   ;
|   return 0;
| }
configure:12879: result: no
configure:12879: checking for fseeko
configure:12879: gcc -o conftest -I/data/data/com.termux/files/usr/include  -L/data/data/com.termux/files/usr/lib conftest.c -ldl  >&5
configure:12879: $? = 0
configure:12879: result: yes
configure:12879: checking for fstatvfs
configure:12879: gcc -o conftest -I/data/data/com.termux/files/usr/include  -L/data/data/com.termux/files/usr/lib conftest.c -ldl  >&5
configure:12879: $? = 0
configure:12879: result: yes
configure:12879: checking for ftell64
configure:12879: gcc -o conftest -I/data/data/com.termux/files/usr/include  -L/data/data/com.termux/files/usr/lib conftest.c -ldl  >&5
ld.lld: error: undefined symbol: ftell64
>>> referenced by conftest.c
>>>               /data/data/com.termux/files/usr/tmp/conftest-d1849f.o:(main)
>>> did you mean: ftello64
>>> defined in: /system/lib64/libc.so
gcc: error: linker command failed with exit code 1 (use -v to see invocation)
configure:12879: $? = 1
configure: failed program was:
| /* confdefs.h */
| #define _GNU_SOURCE 1
| #define _NETBSD_SOURCE 1
| #define __BSD_VISIBLE 1
| #define _DARWIN_C_SOURCE 1
| #define _PYTHONFRAMEWORK ""
| #define _XOPEN_SOURCE 700
| #define _XOPEN_SOURCE_EXTENDED 1
| #define _POSIX_C_SOURCE 200809L
| #define STDC_HEADERS 1
| #define HAVE_SYS_TYPES_H 1
| #define HAVE_SYS_STAT_H 1
| #define HAVE_STDLIB_H 1
| #define HAVE_STRING_H 1
| #define HAVE_MEMORY_H 1
| #define HAVE_STRINGS_H 1
| #define HAVE_INTTYPES_H 1
| #define HAVE_STDINT_H 1
| #define HAVE_UNISTD_H 1
| #define __EXTENSIONS__ 1
| #define _ALL_SOURCE 1
| #define _GNU_SOURCE 1
| #define _POSIX_PTHREAD_SEMANTICS 1
| #define _TANDEM_SOURCE 1
| #define ANDROID_API_LEVEL 24
| #define STDC_HEADERS 1
| #define HAVE_ASM_TYPES_H 1
| #define HAVE_CRYPT_H 1
| #define HAVE_DLFCN_H 1
| #define HAVE_ERRNO_H 1
| #define HAVE_FCNTL_H 1
| #define HAVE_GRP_H 1
| #define HAVE_LANGINFO_H 1
| #define HAVE_LIBINTL_H 1
| #define HAVE_PTHREAD_H 1
| #define HAVE_SCHED_H 1
| #define HAVE_SIGNAL_H 1
| #define HAVE_TERMIOS_H 1
| #define HAVE_UTIME_H 1
| #define HAVE_POLL_H 1
| #define HAVE_SYS_EPOLL_H 1
| #define HAVE_SYS_POLL_H 1
| #define HAVE_SYS_XATTR_H 1
| #define HAVE_SYS_FILE_H 1
| #define HAVE_SYS_IOCTL_H 1
| #define HAVE_SYS_PARAM_H 1
| #define HAVE_SYS_RANDOM_H 1
| #define HAVE_SYS_SELECT_H 1
| #define HAVE_SYS_SENDFILE_H 1
| #define HAVE_SYS_SOCKET_H 1
| #define HAVE_SYS_STATVFS_H 1
| #define HAVE_SYS_STAT_H 1
| #define HAVE_SYS_SYSCALL_H 1
| #define HAVE_SYS_TIME_H 1
| #define HAVE_SYS_TIMES_H 1
| #define HAVE_SYS_TYPES_H 1
| #define HAVE_SYS_UIO_H 1
| #define HAVE_SYS_UN_H 1
| #define HAVE_SYS_UTSNAME_H 1
| #define HAVE_SYS_WAIT_H 1
| #define HAVE_PTY_H 1
| #define HAVE_SYS_RESOURCE_H 1
| #define HAVE_NETPACKET_PACKET_H 1
| #define HAVE_SYSEXITS_H 1
| #define HAVE_LINUX_TIPC_H 1
| #define HAVE_LINUX_RANDOM_H 1
| #define HAVE_SPAWN_H 1
| #define HAVE_ALLOCA_H 1
| #define HAVE_ENDIAN_H 1
| #define HAVE_SYS_ENDIAN_H 1
| #define HAVE_SYS_SYSMACROS_H 1
| #define HAVE_LINUX_MEMFD_H 1
| #define HAVE_LINUX_WAIT_H 1
| #define HAVE_SYS_MMAN_H 1
| #define HAVE_DIRENT_H 1
| #define MAJOR_IN_SYSMACROS 1
| #define HAVE_NET_IF_H 1
| #define HAVE_LINUX_NETLINK_H 1
| #define HAVE_LINUX_QRTR_H 1
| #define HAVE_LINUX_VM_SOCKETS_H 1
| #define HAVE_LINUX_CAN_H 1
| #define HAVE_LINUX_CAN_BCM_H 1
| #define HAVE_LINUX_CAN_J1939_H 1
| #define HAVE_LINUX_CAN_RAW_H 1
| #define HAVE_MAKEDEV 1
| #define HAVE_HTOLE64 1
| #define _LARGEFILE_SOURCE 1
| #define _FILE_OFFSET_BITS 64
| #if defined(SCO_DS)
| #undef _OFF_T
| #endif
| #define RETSIGTYPE void
| #define HAVE_SSIZE_T 1
| #define HAVE_GCC_UINT128_T 1
| #define SIZEOF_INT 4
| #define SIZEOF_LONG 8
| #define SIZEOF_LONG_LONG 8
| #define SIZEOF_VOID_P 8
| #define SIZEOF_SHORT 2
| #define SIZEOF_FLOAT 4
| #define SIZEOF_DOUBLE 8
| #define SIZEOF_FPOS_T 8
| #define SIZEOF_SIZE_T 8
| #define SIZEOF_PID_T 4
| #define SIZEOF_UINTPTR_T 8
| #define HAVE_LONG_DOUBLE 1
| #define SIZEOF_LONG_DOUBLE 16
| #define SIZEOF__BOOL 1
| #define SIZEOF_OFF_T 8
| #define SIZEOF_TIME_T 8
| #define SIZEOF_PTHREAD_T 8
| #define SIZEOF_PTHREAD_KEY_T 4
| #define PTHREAD_KEY_T_IS_COMPATIBLE_WITH_INT 1
| #define HAVE_LIBDL 1
| #define HAVE_UUID_UUID_H 1
| #define HAVE_UUID_GENERATE_TIME_SAFE 1
| #define WITH_DECIMAL_CONTEXTVAR 1
| #define _REENTRANT 1
| #define HAVE_PTHREAD_SIGMASK 1
| #define HAVE_PTHREAD_GETCPUCLOCKID 1
| #define ENABLE_IPV6 1
| #define HAVE_LINUX_CAN_RAW_FD_FRAMES 1
| #define HAVE_LINUX_CAN_RAW_JOIN_FILTERS 1
| #define WITH_DOC_STRINGS 1
| #define WITH_PYMALLOC 1
| #define PY_COERCE_C_LOCALE 1
| #define HAVE_DLOPEN 1
| #define HAVE_DYNAMIC_LOADING 1
| #define HAVE_ALARM 1
| #define HAVE_ACCEPT4 1
| #define HAVE_SETITIMER 1
| #define HAVE_GETITIMER 1
| #define HAVE_CHOWN 1
| #define HAVE_CLOCK 1
| #define HAVE_CTERMID 1
| #define HAVE_DUP3 1
| #define HAVE_EXECV 1
| #define HAVE_FACCESSAT 1
| #define HAVE_FCHMOD 1
| #define HAVE_FCHMODAT 1
| #define HAVE_FCHOWN 1
| #define HAVE_FCHOWNAT 1
| #define HAVE_FEXECVE 1
| #define HAVE_FDOPENDIR 1
| #define HAVE_FORK 1
| #define HAVE_FPATHCONF 1
| #define HAVE_FSTATAT 1
| #define HAVE_FTRUNCATE 1
| #define HAVE_FUTIMESAT 1
| #define HAVE_FUTIMENS 1
| #define HAVE_FUTIMES 1
| #define HAVE_GAI_STRERROR 1
| #define HAVE_GETENTROPY 1
| #define HAVE_GETGRGID_R 1
| #define HAVE_GETGRNAM_R 1
| #define HAVE_GETGROUPLIST 1
| #define HAVE_GETGROUPS 1
| #define HAVE_GETLOGIN 1
| #define HAVE_GETLOADAVG 1
| #define HAVE_GETPEERNAME 1
| #define HAVE_GETPGID 1
| #define HAVE_GETPID 1
| #define HAVE_GETPRIORITY 1
| #define HAVE_GETRESUID 1
| #define HAVE_GETRESGID 1
| #define HAVE_GETPWENT 1
| #define HAVE_GETPWNAM_R 1
| #define HAVE_GETPWUID_R 1
| #define HAVE_GETSID 1
| #define HAVE_IF_NAMEINDEX 1
| #define HAVE_INITGROUPS 1
| #define HAVE_KILL 1
| #define HAVE_KILLPG 1
| #define HAVE_LCHOWN 1
| #define HAVE_LOCKF 1
| #define HAVE_LINKAT 1
| #define HAVE_LSTAT 1
| #define HAVE_LUTIMES 1
| #define HAVE_MMAP 1
| #define HAVE_MEMRCHR 1
| #define HAVE_MBRTOWC 1
| #define HAVE_MKDIRAT 1
| #define HAVE_MKFIFO 1
| #define HAVE_MADVISE 1
| #define HAVE_MKFIFOAT 1
| #define HAVE_MKNOD 1
| #define HAVE_MKNODAT 1
| #define HAVE_MKTIME 1
| #define HAVE_MREMAP 1
| #define HAVE_NICE 1
| #define HAVE_OPENAT 1
| #define HAVE_PATHCONF 1
| #define HAVE_PAUSE 1
| #define HAVE_PIPE2 1
| #define HAVE_POLL 1
| #define HAVE_POSIX_FALLOCATE 1
| #define HAVE_POSIX_FADVISE 1
| #define HAVE_POSIX_SPAWN 1
| #define HAVE_POSIX_SPAWNP 1
| #define HAVE_PREAD 1
| #define HAVE_PREADV 1
| #define HAVE_PREADV2 1
| #define HAVE_PTHREAD_CONDATTR_SETCLOCK 1
| #define HAVE_PTHREAD_KILL 1
| #define HAVE_PWRITE 1
| #define HAVE_PWRITEV 1
| #define HAVE_PWRITEV2 1
| #define HAVE_READLINK 1
| #define HAVE_READLINKAT 1
| #define HAVE_READV 1
| #define HAVE_REALPATH 1
| #define HAVE_RENAMEAT 1
| #define HAVE_SEM_OPEN 1
| #define HAVE_SEM_TIMEDWAIT 1
| #define HAVE_SEM_GETVALUE 1
| #define HAVE_SEM_UNLINK 1
| #define HAVE_SENDFILE 1
| #define HAVE_SETEGID 1
| #define HAVE_SETEUID 1
| #define HAVE_SETGID 1
| #define HAVE_SETHOSTNAME 1
| #define HAVE_SETLOCALE 1
| #define HAVE_SETREGID 1
| #define HAVE_SETREUID 1
| #define HAVE_SETRESUID 1
| #define HAVE_SETRESGID 1
| #define HAVE_SETSID 1
| #define HAVE_SETPGID 1
| #define HAVE_SETPGRP 1
| #define HAVE_SETPRIORITY 1
| #define HAVE_SETUID 1
| #define HAVE_SETVBUF 1
| #define HAVE_SCHED_GET_PRIORITY_MAX 1
| #define HAVE_SCHED_SETAFFINITY 1
| #define HAVE_SCHED_SETSCHEDULER 1
| #define HAVE_SCHED_SETPARAM 1
| #define HAVE_SCHED_RR_GET_INTERVAL 1
| #define HAVE_SIGACTION 1
| #define HAVE_SIGALTSTACK 1
| #define HAVE_SIGFILLSET 1
| #define HAVE_SIGINTERRUPT 1
| #define HAVE_SIGPENDING 1
| #define HAVE_SIGRELSE 1
| #define HAVE_SIGTIMEDWAIT 1
| #define HAVE_SIGWAIT 1
| #define HAVE_SIGWAITINFO 1
| #define HAVE_SNPRINTF 1
| #define HAVE_STRFTIME 1
| #define HAVE_STRLCPY 1
| #define HAVE_STRSIGNAL 1
| #define HAVE_SYMLINKAT 1
| #define HAVE_SYNC 1
| #define HAVE_SYSCONF 1
| #define HAVE_TCGETPGRP 1
| #define HAVE_TCSETPGRP 1
| #define HAVE_TEMPNAM 1
| #define HAVE_TIMEGM 1
| #define HAVE_TIMES 1
| #define HAVE_TMPFILE 1
| #define HAVE_TMPNAM 1
| #define HAVE_TRUNCATE 1
| #define HAVE_UNAME 1
| #define HAVE_UNLINKAT 1
| #define HAVE_UTIMENSAT 1
| #define HAVE_UTIMES 1
| #define HAVE_WAITID 1
| #define HAVE_WAITPID 1
| #define HAVE_WAIT4 1
| #define HAVE_WCSCOLL 1
| #define HAVE_WCSFTIME 1
| #define HAVE_WCSXFRM 1
| #define HAVE_WMEMCMP 1
| #define HAVE_WRITEV 1
| #define HAVE_DIRFD 1
| #define HAVE_CHROOT 1
| #define HAVE_LINK 1
| #define HAVE_SYMLINK 1
| #define HAVE_FCHDIR 1
| #define HAVE_FSYNC 1
| #define HAVE_FDATASYNC 1
| #define HAVE_EPOLL 1
| #define HAVE_EPOLL_CREATE1 1
| #define HAVE_PRLIMIT 1
| #define HAVE_FLOCK 1
| #define HAVE_GETPAGESIZE 1
| #define HAVE_ZLIB_COPY 1
| #define HAVE_HSTRERROR 1
| #define HAVE_INET_ATON 1
| #define HAVE_INET_PTON 1
| #define HAVE_SETGROUPS 1
| #define HAVE_OPENPTY 1
| #define HAVE_FORKPTY 1
| #define HAVE_FSEEKO 1
| #define HAVE_FSTATVFS 1
| /* end confdefs.h.  */
| /* Define ftell64 to an innocuous variant, in case <limits.h> declares ftell64.
|    For example, HP-UX 11i <limits.h> declares gettimeofday.  */
| #define ftell64 innocuous_ftell64
| 
| /* System header to define __stub macros and hopefully few prototypes,
|     which can conflict with char ftell64 (); below.
|     Prefer <limits.h> to <assert.h> if __STDC__ is defined, since
|     <limits.h> exists even on freestanding compilers.  */
| 
| #ifdef __STDC__
| # include <limits.h>
| #else
| # include <assert.h>
| #endif
| 
| #undef ftell64
| 
| /* Override any GCC internal prototype to avoid an error.
|    Use char because int might match the return type of a GCC
|    builtin and then its argument prototype would still apply.  */
| #ifdef __cplusplus
| extern "C"
| #endif
| char ftell64 ();
| /* The GNU C library defines this for functions which it implements
|     to always fail with ENOSYS.  Some functions are actually named
|     something starting with __ and the normal name is an alias.  */
| #if defined __stub_ftell64 || defined __stub___ftell64
| choke me
| #endif
| 
| int
| main ()
| {
| return ftell64 ();
|   ;
|   return 0;
| }
configure:12879: result: no
configure:12879: checking for ftello
configure:12879: gcc -o conftest -I/data/data/com.termux/files/usr/include  -L/data/data/com.termux/files/usr/lib conftest.c -ldl  >&5
configure:12879: $? = 0
configure:12879: result: yes
configure:12879: checking for statvfs
configure:12879: gcc -o conftest -I/data/data/com.termux/files/usr/include  -L/data/data/com.termux/files/usr/lib conftest.c -ldl  >&5
configure:12879: $? = 0
configure:12879: result: yes
configure:12889: checking for dup2
configure:12889: gcc -o conftest -I/data/data/com.termux/files/usr/include  -L/data/data/com.termux/files/usr/lib conftest.c -ldl  >&5
configure:12889: $? = 0
configure:12889: result: yes
configure:12902: checking for strdup
configure:12902: gcc -o conftest -I/data/data/com.termux/files/usr/include  -L/data/data/com.termux/files/usr/lib conftest.c -ldl  >&5
conftest.c:322:6: warning: incompatible redeclaration of library function 'strdup' [-Wincompatible-library-redeclaration]
  322 | char strdup ();
      |      ^
conftest.c:322:6: note: 'strdup' is a builtin with type 'char *(const char *)'
1 warning generated.
configure:12902: $? = 0
configure:12902: result: yes
configure:12918: checking for getpgrp
configure:12918: gcc -o conftest -I/data/data/com.termux/files/usr/include  -L/data/data/com.termux/files/usr/lib conftest.c -ldl  >&5
configure:12918: $? = 0
configure:12918: result: yes
configure:12934: gcc -c -I/data/data/com.termux/files/usr/include  conftest.c >&5
conftest.c:305:9: error: too many arguments to function call, expected 0, have 1
  305 | getpgrp(0);
      | ~~~~~~~ ^
/data/data/com.termux/files/usr/include/unistd.h:139:8: note: 'getpgrp' declared here
  139 | pid_t  getpgrp(void);
      |        ^
1 error generated.
configure:12934: $? = 1
configure: failed program was:
| /* confdefs.h */
| #define _GNU_SOURCE 1
| #define _NETBSD_SOURCE 1
| #define __BSD_VISIBLE 1
| #define _DARWIN_C_SOURCE 1
| #define _PYTHONFRAMEWORK ""
| #define _XOPEN_SOURCE 700
| #define _XOPEN_SOURCE_EXTENDED 1
| #define _POSIX_C_SOURCE 200809L
| #define STDC_HEADERS 1
| #define HAVE_SYS_TYPES_H 1
| #define HAVE_SYS_STAT_H 1
| #define HAVE_STDLIB_H 1
| #define HAVE_STRING_H 1
| #define HAVE_MEMORY_H 1
| #define HAVE_STRINGS_H 1
| #define HAVE_INTTYPES_H 1
| #define HAVE_STDINT_H 1
| #define HAVE_UNISTD_H 1
| #define __EXTENSIONS__ 1
| #define _ALL_SOURCE 1
| #define _GNU_SOURCE 1
| #define _POSIX_PTHREAD_SEMANTICS 1
| #define _TANDEM_SOURCE 1
| #define ANDROID_API_LEVEL 24
| #define STDC_HEADERS 1
| #define HAVE_ASM_TYPES_H 1
| #define HAVE_CRYPT_H 1
| #define HAVE_DLFCN_H 1
| #define HAVE_ERRNO_H 1
| #define HAVE_FCNTL_H 1
| #define HAVE_GRP_H 1
| #define HAVE_LANGINFO_H 1
| #define HAVE_LIBINTL_H 1
| #define HAVE_PTHREAD_H 1
| #define HAVE_SCHED_H 1
| #define HAVE_SIGNAL_H 1
| #define HAVE_TERMIOS_H 1
| #define HAVE_UTIME_H 1
| #define HAVE_POLL_H 1
| #define HAVE_SYS_EPOLL_H 1
| #define HAVE_SYS_POLL_H 1
| #define HAVE_SYS_XATTR_H 1
| #define HAVE_SYS_FILE_H 1
| #define HAVE_SYS_IOCTL_H 1
| #define HAVE_SYS_PARAM_H 1
| #define HAVE_SYS_RANDOM_H 1
| #define HAVE_SYS_SELECT_H 1
| #define HAVE_SYS_SENDFILE_H 1
| #define HAVE_SYS_SOCKET_H 1
| #define HAVE_SYS_STATVFS_H 1
| #define HAVE_SYS_STAT_H 1
| #define HAVE_SYS_SYSCALL_H 1
| #define HAVE_SYS_TIME_H 1
| #define HAVE_SYS_TIMES_H 1
| #define HAVE_SYS_TYPES_H 1
| #define HAVE_SYS_UIO_H 1
| #define HAVE_SYS_UN_H 1
| #define HAVE_SYS_UTSNAME_H 1
| #define HAVE_SYS_WAIT_H 1
| #define HAVE_PTY_H 1
| #define HAVE_SYS_RESOURCE_H 1
| #define HAVE_NETPACKET_PACKET_H 1
| #define HAVE_SYSEXITS_H 1
| #define HAVE_LINUX_TIPC_H 1
| #define HAVE_LINUX_RANDOM_H 1
| #define HAVE_SPAWN_H 1
| #define HAVE_ALLOCA_H 1
| #define HAVE_ENDIAN_H 1
| #define HAVE_SYS_ENDIAN_H 1
| #define HAVE_SYS_SYSMACROS_H 1
| #define HAVE_LINUX_MEMFD_H 1
| #define HAVE_LINUX_WAIT_H 1
| #define HAVE_SYS_MMAN_H 1
| #define HAVE_DIRENT_H 1
| #define MAJOR_IN_SYSMACROS 1
| #define HAVE_NET_IF_H 1
| #define HAVE_LINUX_NETLINK_H 1
| #define HAVE_LINUX_QRTR_H 1
| #define HAVE_LINUX_VM_SOCKETS_H 1
| #define HAVE_LINUX_CAN_H 1
| #define HAVE_LINUX_CAN_BCM_H 1
| #define HAVE_LINUX_CAN_J1939_H 1
| #define HAVE_LINUX_CAN_RAW_H 1
| #define HAVE_MAKEDEV 1
| #define HAVE_HTOLE64 1
| #define _LARGEFILE_SOURCE 1
| #define _FILE_OFFSET_BITS 64
| #if defined(SCO_DS)
| #undef _OFF_T
| #endif
| #define RETSIGTYPE void
| #define HAVE_SSIZE_T 1
| #define HAVE_GCC_UINT128_T 1
| #define SIZEOF_INT 4
| #define SIZEOF_LONG 8
| #define SIZEOF_LONG_LONG 8
| #define SIZEOF_VOID_P 8
| #define SIZEOF_SHORT 2
| #define SIZEOF_FLOAT 4
| #define SIZEOF_DOUBLE 8
| #define SIZEOF_FPOS_T 8
| #define SIZEOF_SIZE_T 8
| #define SIZEOF_PID_T 4
| #define SIZEOF_UINTPTR_T 8
| #define HAVE_LONG_DOUBLE 1
| #define SIZEOF_LONG_DOUBLE 16
| #define SIZEOF__BOOL 1
| #define SIZEOF_OFF_T 8
| #define SIZEOF_TIME_T 8
| #define SIZEOF_PTHREAD_T 8
| #define SIZEOF_PTHREAD_KEY_T 4
| #define PTHREAD_KEY_T_IS_COMPATIBLE_WITH_INT 1
| #define HAVE_LIBDL 1
| #define HAVE_UUID_UUID_H 1
| #define HAVE_UUID_GENERATE_TIME_SAFE 1
| #define WITH_DECIMAL_CONTEXTVAR 1
| #define _REENTRANT 1
| #define HAVE_PTHREAD_SIGMASK 1
| #define HAVE_PTHREAD_GETCPUCLOCKID 1
| #define ENABLE_IPV6 1
| #define HAVE_LINUX_CAN_RAW_FD_FRAMES 1
| #define HAVE_LINUX_CAN_RAW_JOIN_FILTERS 1
| #define WITH_DOC_STRINGS 1
| #define WITH_PYMALLOC 1
| #define PY_COERCE_C_LOCALE 1
| #define HAVE_DLOPEN 1
| #define HAVE_DYNAMIC_LOADING 1
| #define HAVE_ALARM 1
| #define HAVE_ACCEPT4 1
| #define HAVE_SETITIMER 1
| #define HAVE_GETITIMER 1
| #define HAVE_CHOWN 1
| #define HAVE_CLOCK 1
| #define HAVE_CTERMID 1
| #define HAVE_DUP3 1
| #define HAVE_EXECV 1
| #define HAVE_FACCESSAT 1
| #define HAVE_FCHMOD 1
| #define HAVE_FCHMODAT 1
| #define HAVE_FCHOWN 1
| #define HAVE_FCHOWNAT 1
| #define HAVE_FEXECVE 1
| #define HAVE_FDOPENDIR 1
| #define HAVE_FORK 1
| #define HAVE_FPATHCONF 1
| #define HAVE_FSTATAT 1
| #define HAVE_FTRUNCATE 1
| #define HAVE_FUTIMESAT 1
| #define HAVE_FUTIMENS 1
| #define HAVE_FUTIMES 1
| #define HAVE_GAI_STRERROR 1
| #define HAVE_GETENTROPY 1
| #define HAVE_GETGRGID_R 1
| #define HAVE_GETGRNAM_R 1
| #define HAVE_GETGROUPLIST 1
| #define HAVE_GETGROUPS 1
| #define HAVE_GETLOGIN 1
| #define HAVE_GETLOADAVG 1
| #define HAVE_GETPEERNAME 1
| #define HAVE_GETPGID 1
| #define HAVE_GETPID 1
| #define HAVE_GETPRIORITY 1
| #define HAVE_GETRESUID 1
| #define HAVE_GETRESGID 1
| #define HAVE_GETPWENT 1
| #define HAVE_GETPWNAM_R 1
| #define HAVE_GETPWUID_R 1
| #define HAVE_GETSID 1
| #define HAVE_IF_NAMEINDEX 1
| #define HAVE_INITGROUPS 1
| #define HAVE_KILL 1
| #define HAVE_KILLPG 1
| #define HAVE_LCHOWN 1
| #define HAVE_LOCKF 1
| #define HAVE_LINKAT 1
| #define HAVE_LSTAT 1
| #define HAVE_LUTIMES 1
| #define HAVE_MMAP 1
| #define HAVE_MEMRCHR 1
| #define HAVE_MBRTOWC 1
| #define HAVE_MKDIRAT 1
| #define HAVE_MKFIFO 1
| #define HAVE_MADVISE 1
| #define HAVE_MKFIFOAT 1
| #define HAVE_MKNOD 1
| #define HAVE_MKNODAT 1
| #define HAVE_MKTIME 1
| #define HAVE_MREMAP 1
| #define HAVE_NICE 1
| #define HAVE_OPENAT 1
| #define HAVE_PATHCONF 1
| #define HAVE_PAUSE 1
| #define HAVE_PIPE2 1
| #define HAVE_POLL 1
| #define HAVE_POSIX_FALLOCATE 1
| #define HAVE_POSIX_FADVISE 1
| #define HAVE_POSIX_SPAWN 1
| #define HAVE_POSIX_SPAWNP 1
| #define HAVE_PREAD 1
| #define HAVE_PREADV 1
| #define HAVE_PREADV2 1
| #define HAVE_PTHREAD_CONDATTR_SETCLOCK 1
| #define HAVE_PTHREAD_KILL 1
| #define HAVE_PWRITE 1
| #define HAVE_PWRITEV 1
| #define HAVE_PWRITEV2 1
| #define HAVE_READLINK 1
| #define HAVE_READLINKAT 1
| #define HAVE_READV 1
| #define HAVE_REALPATH 1
| #define HAVE_RENAMEAT 1
| #define HAVE_SEM_OPEN 1
| #define HAVE_SEM_TIMEDWAIT 1
| #define HAVE_SEM_GETVALUE 1
| #define HAVE_SEM_UNLINK 1
| #define HAVE_SENDFILE 1
| #define HAVE_SETEGID 1
| #define HAVE_SETEUID 1
| #define HAVE_SETGID 1
| #define HAVE_SETHOSTNAME 1
| #define HAVE_SETLOCALE 1
| #define HAVE_SETREGID 1
| #define HAVE_SETREUID 1
| #define HAVE_SETRESUID 1
| #define HAVE_SETRESGID 1
| #define HAVE_SETSID 1
| #define HAVE_SETPGID 1
| #define HAVE_SETPGRP 1
| #define HAVE_SETPRIORITY 1
| #define HAVE_SETUID 1
| #define HAVE_SETVBUF 1
| #define HAVE_SCHED_GET_PRIORITY_MAX 1
| #define HAVE_SCHED_SETAFFINITY 1
| #define HAVE_SCHED_SETSCHEDULER 1
| #define HAVE_SCHED_SETPARAM 1
| #define HAVE_SCHED_RR_GET_INTERVAL 1
| #define HAVE_SIGACTION 1
| #define HAVE_SIGALTSTACK 1
| #define HAVE_SIGFILLSET 1
| #define HAVE_SIGINTERRUPT 1
| #define HAVE_SIGPENDING 1
| #define HAVE_SIGRELSE 1
| #define HAVE_SIGTIMEDWAIT 1
| #define HAVE_SIGWAIT 1
| #define HAVE_SIGWAITINFO 1
| #define HAVE_SNPRINTF 1
| #define HAVE_STRFTIME 1
| #define HAVE_STRLCPY 1
| #define HAVE_STRSIGNAL 1
| #define HAVE_SYMLINKAT 1
| #define HAVE_SYNC 1
| #define HAVE_SYSCONF 1
| #define HAVE_TCGETPGRP 1
| #define HAVE_TCSETPGRP 1
| #define HAVE_TEMPNAM 1
| #define HAVE_TIMEGM 1
| #define HAVE_TIMES 1
| #define HAVE_TMPFILE 1
| #define HAVE_TMPNAM 1
| #define HAVE_TRUNCATE 1
| #define HAVE_UNAME 1
| #define HAVE_UNLINKAT 1
| #define HAVE_UTIMENSAT 1
| #define HAVE_UTIMES 1
| #define HAVE_WAITID 1
| #define HAVE_WAITPID 1
| #define HAVE_WAIT4 1
| #define HAVE_WCSCOLL 1
| #define HAVE_WCSFTIME 1
| #define HAVE_WCSXFRM 1
| #define HAVE_WMEMCMP 1
| #define HAVE_WRITEV 1
| #define HAVE_DIRFD 1
| #define HAVE_CHROOT 1
| #define HAVE_LINK 1
| #define HAVE_SYMLINK 1
| #define HAVE_FCHDIR 1
| #define HAVE_FSYNC 1
| #define HAVE_FDATASYNC 1
| #define HAVE_EPOLL 1
| #define HAVE_EPOLL_CREATE1 1
| #define HAVE_PRLIMIT 1
| #define HAVE_FLOCK 1
| #define HAVE_GETPAGESIZE 1
| #define HAVE_ZLIB_COPY 1
| #define HAVE_HSTRERROR 1
| #define HAVE_INET_ATON 1
| #define HAVE_INET_PTON 1
| #define HAVE_SETGROUPS 1
| #define HAVE_OPENPTY 1
| #define HAVE_FORKPTY 1
| #define HAVE_FSEEKO 1
| #define HAVE_FSTATVFS 1
| #define HAVE_FTELLO 1
| #define HAVE_STATVFS 1
| #define HAVE_DUP2 1
| #define HAVE_STRDUP 1
| #define HAVE_GETPGRP 1
| /* end confdefs.h.  */
| #include <unistd.h>
| int
| main ()
| {
| getpgrp(0);
|   ;
|   return 0;
| }
configure:12946: checking for setpgrp
configure:12946: result: yes
configure:12962: gcc -c -I/data/data/com.termux/files/usr/include  conftest.c >&5
conftest.c:306:9: error: too many arguments to function call, expected 0, have 2
  306 | setpgrp(0,0);
      | ~~~~~~~ ^~~
/data/data/com.termux/files/usr/include/unistd.h:140:8: note: 'setpgrp' declared here
  140 | int    setpgrp(void);
      |        ^
1 error generated.
configure:12962: $? = 1
configure: failed program was:
| /* confdefs.h */
| #define _GNU_SOURCE 1
| #define _NETBSD_SOURCE 1
| #define __BSD_VISIBLE 1
| #define _DARWIN_C_SOURCE 1
| #define _PYTHONFRAMEWORK ""
| #define _XOPEN_SOURCE 700
| #define _XOPEN_SOURCE_EXTENDED 1
| #define _POSIX_C_SOURCE 200809L
| #define STDC_HEADERS 1
| #define HAVE_SYS_TYPES_H 1
| #define HAVE_SYS_STAT_H 1
| #define HAVE_STDLIB_H 1
| #define HAVE_STRING_H 1
| #define HAVE_MEMORY_H 1
| #define HAVE_STRINGS_H 1
| #define HAVE_INTTYPES_H 1
| #define HAVE_STDINT_H 1
| #define HAVE_UNISTD_H 1
| #define __EXTENSIONS__ 1
| #define _ALL_SOURCE 1
| #define _GNU_SOURCE 1
| #define _POSIX_PTHREAD_SEMANTICS 1
| #define _TANDEM_SOURCE 1
| #define ANDROID_API_LEVEL 24
| #define STDC_HEADERS 1
| #define HAVE_ASM_TYPES_H 1
| #define HAVE_CRYPT_H 1
| #define HAVE_DLFCN_H 1
| #define HAVE_ERRNO_H 1
| #define HAVE_FCNTL_H 1
| #define HAVE_GRP_H 1
| #define HAVE_LANGINFO_H 1
| #define HAVE_LIBINTL_H 1
| #define HAVE_PTHREAD_H 1
| #define HAVE_SCHED_H 1
| #define HAVE_SIGNAL_H 1
| #define HAVE_TERMIOS_H 1
| #define HAVE_UTIME_H 1
| #define HAVE_POLL_H 1
| #define HAVE_SYS_EPOLL_H 1
| #define HAVE_SYS_POLL_H 1
| #define HAVE_SYS_XATTR_H 1
| #define HAVE_SYS_FILE_H 1
| #define HAVE_SYS_IOCTL_H 1
| #define HAVE_SYS_PARAM_H 1
| #define HAVE_SYS_RANDOM_H 1
| #define HAVE_SYS_SELECT_H 1
| #define HAVE_SYS_SENDFILE_H 1
| #define HAVE_SYS_SOCKET_H 1
| #define HAVE_SYS_STATVFS_H 1
| #define HAVE_SYS_STAT_H 1
| #define HAVE_SYS_SYSCALL_H 1
| #define HAVE_SYS_TIME_H 1
| #define HAVE_SYS_TIMES_H 1
| #define HAVE_SYS_TYPES_H 1
| #define HAVE_SYS_UIO_H 1
| #define HAVE_SYS_UN_H 1
| #define HAVE_SYS_UTSNAME_H 1
| #define HAVE_SYS_WAIT_H 1
| #define HAVE_PTY_H 1
| #define HAVE_SYS_RESOURCE_H 1
| #define HAVE_NETPACKET_PACKET_H 1
| #define HAVE_SYSEXITS_H 1
| #define HAVE_LINUX_TIPC_H 1
| #define HAVE_LINUX_RANDOM_H 1
| #define HAVE_SPAWN_H 1
| #define HAVE_ALLOCA_H 1
| #define HAVE_ENDIAN_H 1
| #define HAVE_SYS_ENDIAN_H 1
| #define HAVE_SYS_SYSMACROS_H 1
| #define HAVE_LINUX_MEMFD_H 1
| #define HAVE_LINUX_WAIT_H 1
| #define HAVE_SYS_MMAN_H 1
| #define HAVE_DIRENT_H 1
| #define MAJOR_IN_SYSMACROS 1
| #define HAVE_NET_IF_H 1
| #define HAVE_LINUX_NETLINK_H 1
| #define HAVE_LINUX_QRTR_H 1
| #define HAVE_LINUX_VM_SOCKETS_H 1
| #define HAVE_LINUX_CAN_H 1
| #define HAVE_LINUX_CAN_BCM_H 1
| #define HAVE_LINUX_CAN_J1939_H 1
| #define HAVE_LINUX_CAN_RAW_H 1
| #define HAVE_MAKEDEV 1
| #define HAVE_HTOLE64 1
| #define _LARGEFILE_SOURCE 1
| #define _FILE_OFFSET_BITS 64
| #if defined(SCO_DS)
| #undef _OFF_T
| #endif
| #define RETSIGTYPE void
| #define HAVE_SSIZE_T 1
| #define HAVE_GCC_UINT128_T 1
| #define SIZEOF_INT 4
| #define SIZEOF_LONG 8
| #define SIZEOF_LONG_LONG 8
| #define SIZEOF_VOID_P 8
| #define SIZEOF_SHORT 2
| #define SIZEOF_FLOAT 4
| #define SIZEOF_DOUBLE 8
| #define SIZEOF_FPOS_T 8
| #define SIZEOF_SIZE_T 8
| #define SIZEOF_PID_T 4
| #define SIZEOF_UINTPTR_T 8
| #define HAVE_LONG_DOUBLE 1
| #define SIZEOF_LONG_DOUBLE 16
| #define SIZEOF__BOOL 1
| #define SIZEOF_OFF_T 8
| #define SIZEOF_TIME_T 8
| #define SIZEOF_PTHREAD_T 8
| #define SIZEOF_PTHREAD_KEY_T 4
| #define PTHREAD_KEY_T_IS_COMPATIBLE_WITH_INT 1
| #define HAVE_LIBDL 1
| #define HAVE_UUID_UUID_H 1
| #define HAVE_UUID_GENERATE_TIME_SAFE 1
| #define WITH_DECIMAL_CONTEXTVAR 1
| #define _REENTRANT 1
| #define HAVE_PTHREAD_SIGMASK 1
| #define HAVE_PTHREAD_GETCPUCLOCKID 1
| #define ENABLE_IPV6 1
| #define HAVE_LINUX_CAN_RAW_FD_FRAMES 1
| #define HAVE_LINUX_CAN_RAW_JOIN_FILTERS 1
| #define WITH_DOC_STRINGS 1
| #define WITH_PYMALLOC 1
| #define PY_COERCE_C_LOCALE 1
| #define HAVE_DLOPEN 1
| #define HAVE_DYNAMIC_LOADING 1
| #define HAVE_ALARM 1
| #define HAVE_ACCEPT4 1
| #define HAVE_SETITIMER 1
| #define HAVE_GETITIMER 1
| #define HAVE_CHOWN 1
| #define HAVE_CLOCK 1
| #define HAVE_CTERMID 1
| #define HAVE_DUP3 1
| #define HAVE_EXECV 1
| #define HAVE_FACCESSAT 1
| #define HAVE_FCHMOD 1
| #define HAVE_FCHMODAT 1
| #define HAVE_FCHOWN 1
| #define HAVE_FCHOWNAT 1
| #define HAVE_FEXECVE 1
| #define HAVE_FDOPENDIR 1
| #define HAVE_FORK 1
| #define HAVE_FPATHCONF 1
| #define HAVE_FSTATAT 1
| #define HAVE_FTRUNCATE 1
| #define HAVE_FUTIMESAT 1
| #define HAVE_FUTIMENS 1
| #define HAVE_FUTIMES 1
| #define HAVE_GAI_STRERROR 1
| #define HAVE_GETENTROPY 1
| #define HAVE_GETGRGID_R 1
| #define HAVE_GETGRNAM_R 1
| #define HAVE_GETGROUPLIST 1
| #define HAVE_GETGROUPS 1
| #define HAVE_GETLOGIN 1
| #define HAVE_GETLOADAVG 1
| #define HAVE_GETPEERNAME 1
| #define HAVE_GETPGID 1
| #define HAVE_GETPID 1
| #define HAVE_GETPRIORITY 1
| #define HAVE_GETRESUID 1
| #define HAVE_GETRESGID 1
| #define HAVE_GETPWENT 1
| #define HAVE_GETPWNAM_R 1
| #define HAVE_GETPWUID_R 1
| #define HAVE_GETSID 1
| #define HAVE_IF_NAMEINDEX 1
| #define HAVE_INITGROUPS 1
| #define HAVE_KILL 1
| #define HAVE_KILLPG 1
| #define HAVE_LCHOWN 1
| #define HAVE_LOCKF 1
| #define HAVE_LINKAT 1
| #define HAVE_LSTAT 1
| #define HAVE_LUTIMES 1
| #define HAVE_MMAP 1
| #define HAVE_MEMRCHR 1
| #define HAVE_MBRTOWC 1
| #define HAVE_MKDIRAT 1
| #define HAVE_MKFIFO 1
| #define HAVE_MADVISE 1
| #define HAVE_MKFIFOAT 1
| #define HAVE_MKNOD 1
| #define HAVE_MKNODAT 1
| #define HAVE_MKTIME 1
| #define HAVE_MREMAP 1
| #define HAVE_NICE 1
| #define HAVE_OPENAT 1
| #define HAVE_PATHCONF 1
| #define HAVE_PAUSE 1
| #define HAVE_PIPE2 1
| #define HAVE_POLL 1
| #define HAVE_POSIX_FALLOCATE 1
| #define HAVE_POSIX_FADVISE 1
| #define HAVE_POSIX_SPAWN 1
| #define HAVE_POSIX_SPAWNP 1
| #define HAVE_PREAD 1
| #define HAVE_PREADV 1
| #define HAVE_PREADV2 1
| #define HAVE_PTHREAD_CONDATTR_SETCLOCK 1
| #define HAVE_PTHREAD_KILL 1
| #define HAVE_PWRITE 1
| #define HAVE_PWRITEV 1
| #define HAVE_PWRITEV2 1
| #define HAVE_READLINK 1
| #define HAVE_READLINKAT 1
| #define HAVE_READV 1
| #define HAVE_REALPATH 1
| #define HAVE_RENAMEAT 1
| #define HAVE_SEM_OPEN 1
| #define HAVE_SEM_TIMEDWAIT 1
| #define HAVE_SEM_GETVALUE 1
| #define HAVE_SEM_UNLINK 1
| #define HAVE_SENDFILE 1
| #define HAVE_SETEGID 1
| #define HAVE_SETEUID 1
| #define HAVE_SETGID 1
| #define HAVE_SETHOSTNAME 1
| #define HAVE_SETLOCALE 1
| #define HAVE_SETREGID 1
| #define HAVE_SETREUID 1
| #define HAVE_SETRESUID 1
| #define HAVE_SETRESGID 1
| #define HAVE_SETSID 1
| #define HAVE_SETPGID 1
| #define HAVE_SETPGRP 1
| #define HAVE_SETPRIORITY 1
| #define HAVE_SETUID 1
| #define HAVE_SETVBUF 1
| #define HAVE_SCHED_GET_PRIORITY_MAX 1
| #define HAVE_SCHED_SETAFFINITY 1
| #define HAVE_SCHED_SETSCHEDULER 1
| #define HAVE_SCHED_SETPARAM 1
| #define HAVE_SCHED_RR_GET_INTERVAL 1
| #define HAVE_SIGACTION 1
| #define HAVE_SIGALTSTACK 1
| #define HAVE_SIGFILLSET 1
| #define HAVE_SIGINTERRUPT 1
| #define HAVE_SIGPENDING 1
| #define HAVE_SIGRELSE 1
| #define HAVE_SIGTIMEDWAIT 1
| #define HAVE_SIGWAIT 1
| #define HAVE_SIGWAITINFO 1
| #define HAVE_SNPRINTF 1
| #define HAVE_STRFTIME 1
| #define HAVE_STRLCPY 1
| #define HAVE_STRSIGNAL 1
| #define HAVE_SYMLINKAT 1
| #define HAVE_SYNC 1
| #define HAVE_SYSCONF 1
| #define HAVE_TCGETPGRP 1
| #define HAVE_TCSETPGRP 1
| #define HAVE_TEMPNAM 1
| #define HAVE_TIMEGM 1
| #define HAVE_TIMES 1
| #define HAVE_TMPFILE 1
| #define HAVE_TMPNAM 1
| #define HAVE_TRUNCATE 1
| #define HAVE_UNAME 1
| #define HAVE_UNLINKAT 1
| #define HAVE_UTIMENSAT 1
| #define HAVE_UTIMES 1
| #define HAVE_WAITID 1
| #define HAVE_WAITPID 1
| #define HAVE_WAIT4 1
| #define HAVE_WCSCOLL 1
| #define HAVE_WCSFTIME 1
| #define HAVE_WCSXFRM 1
| #define HAVE_WMEMCMP 1
| #define HAVE_WRITEV 1
| #define HAVE_DIRFD 1
| #define HAVE_CHROOT 1
| #define HAVE_LINK 1
| #define HAVE_SYMLINK 1
| #define HAVE_FCHDIR 1
| #define HAVE_FSYNC 1
| #define HAVE_FDATASYNC 1
| #define HAVE_EPOLL 1
| #define HAVE_EPOLL_CREATE1 1
| #define HAVE_PRLIMIT 1
| #define HAVE_FLOCK 1
| #define HAVE_GETPAGESIZE 1
| #define HAVE_ZLIB_COPY 1
| #define HAVE_HSTRERROR 1
| #define HAVE_INET_ATON 1
| #define HAVE_INET_PTON 1
| #define HAVE_SETGROUPS 1
| #define HAVE_OPENPTY 1
| #define HAVE_FORKPTY 1
| #define HAVE_FSEEKO 1
| #define HAVE_FSTATVFS 1
| #define HAVE_FTELLO 1
| #define HAVE_STATVFS 1
| #define HAVE_DUP2 1
| #define HAVE_STRDUP 1
| #define HAVE_GETPGRP 1
| #define HAVE_SETPGRP 1
| /* end confdefs.h.  */
| #include <unistd.h>
| int
| main ()
| {
| setpgrp(0,0);
|   ;
|   return 0;
| }
configure:12975: checking for library containing crypt
configure:13006: gcc -o conftest -I/data/data/com.termux/files/usr/include  -L/data/data/com.termux/files/usr/lib conftest.c -ldl  >&5
ld.lld: error: undefined symbol: crypt
>>> referenced by conftest.c
>>>               /data/data/com.termux/files/usr/tmp/conftest-d1402e.o:(main)
gcc: error: linker command failed with exit code 1 (use -v to see invocation)
configure:13006: $? = 1
configure: failed program was:
| /* confdefs.h */
| #define _GNU_SOURCE 1
| #define _NETBSD_SOURCE 1
| #define __BSD_VISIBLE 1
| #define _DARWIN_C_SOURCE 1
| #define _PYTHONFRAMEWORK ""
| #define _XOPEN_SOURCE 700
| #define _XOPEN_SOURCE_EXTENDED 1
| #define _POSIX_C_SOURCE 200809L
| #define STDC_HEADERS 1
| #define HAVE_SYS_TYPES_H 1
| #define HAVE_SYS_STAT_H 1
| #define HAVE_STDLIB_H 1
| #define HAVE_STRING_H 1
| #define HAVE_MEMORY_H 1
| #define HAVE_STRINGS_H 1
| #define HAVE_INTTYPES_H 1
| #define HAVE_STDINT_H 1
| #define HAVE_UNISTD_H 1
| #define __EXTENSIONS__ 1
| #define _ALL_SOURCE 1
| #define _GNU_SOURCE 1
| #define _POSIX_PTHREAD_SEMANTICS 1
| #define _TANDEM_SOURCE 1
| #define ANDROID_API_LEVEL 24
| #define STDC_HEADERS 1
| #define HAVE_ASM_TYPES_H 1
| #define HAVE_CRYPT_H 1
| #define HAVE_DLFCN_H 1
| #define HAVE_ERRNO_H 1
| #define HAVE_FCNTL_H 1
| #define HAVE_GRP_H 1
| #define HAVE_LANGINFO_H 1
| #define HAVE_LIBINTL_H 1
| #define HAVE_PTHREAD_H 1
| #define HAVE_SCHED_H 1
| #define HAVE_SIGNAL_H 1
| #define HAVE_TERMIOS_H 1
| #define HAVE_UTIME_H 1
| #define HAVE_POLL_H 1
| #define HAVE_SYS_EPOLL_H 1
| #define HAVE_SYS_POLL_H 1
| #define HAVE_SYS_XATTR_H 1
| #define HAVE_SYS_FILE_H 1
| #define HAVE_SYS_IOCTL_H 1
| #define HAVE_SYS_PARAM_H 1
| #define HAVE_SYS_RANDOM_H 1
| #define HAVE_SYS_SELECT_H 1
| #define HAVE_SYS_SENDFILE_H 1
| #define HAVE_SYS_SOCKET_H 1
| #define HAVE_SYS_STATVFS_H 1
| #define HAVE_SYS_STAT_H 1
| #define HAVE_SYS_SYSCALL_H 1
| #define HAVE_SYS_TIME_H 1
| #define HAVE_SYS_TIMES_H 1
| #define HAVE_SYS_TYPES_H 1
| #define HAVE_SYS_UIO_H 1
| #define HAVE_SYS_UN_H 1
| #define HAVE_SYS_UTSNAME_H 1
| #define HAVE_SYS_WAIT_H 1
| #define HAVE_PTY_H 1
| #define HAVE_SYS_RESOURCE_H 1
| #define HAVE_NETPACKET_PACKET_H 1
| #define HAVE_SYSEXITS_H 1
| #define HAVE_LINUX_TIPC_H 1
| #define HAVE_LINUX_RANDOM_H 1
| #define HAVE_SPAWN_H 1
| #define HAVE_ALLOCA_H 1
| #define HAVE_ENDIAN_H 1
| #define HAVE_SYS_ENDIAN_H 1
| #define HAVE_SYS_SYSMACROS_H 1
| #define HAVE_LINUX_MEMFD_H 1
| #define HAVE_LINUX_WAIT_H 1
| #define HAVE_SYS_MMAN_H 1
| #define HAVE_DIRENT_H 1
| #define MAJOR_IN_SYSMACROS 1
| #define HAVE_NET_IF_H 1
| #define HAVE_LINUX_NETLINK_H 1
| #define HAVE_LINUX_QRTR_H 1
| #define HAVE_LINUX_VM_SOCKETS_H 1
| #define HAVE_LINUX_CAN_H 1
| #define HAVE_LINUX_CAN_BCM_H 1
| #define HAVE_LINUX_CAN_J1939_H 1
| #define HAVE_LINUX_CAN_RAW_H 1
| #define HAVE_MAKEDEV 1
| #define HAVE_HTOLE64 1
| #define _LARGEFILE_SOURCE 1
| #define _FILE_OFFSET_BITS 64
| #if defined(SCO_DS)
| #undef _OFF_T
| #endif
| #define RETSIGTYPE void
| #define HAVE_SSIZE_T 1
| #define HAVE_GCC_UINT128_T 1
| #define SIZEOF_INT 4
| #define SIZEOF_LONG 8
| #define SIZEOF_LONG_LONG 8
| #define SIZEOF_VOID_P 8
| #define SIZEOF_SHORT 2
| #define SIZEOF_FLOAT 4
| #define SIZEOF_DOUBLE 8
| #define SIZEOF_FPOS_T 8
| #define SIZEOF_SIZE_T 8
| #define SIZEOF_PID_T 4
| #define SIZEOF_UINTPTR_T 8
| #define HAVE_LONG_DOUBLE 1
| #define SIZEOF_LONG_DOUBLE 16
| #define SIZEOF__BOOL 1
| #define SIZEOF_OFF_T 8
| #define SIZEOF_TIME_T 8
| #define SIZEOF_PTHREAD_T 8
| #define SIZEOF_PTHREAD_KEY_T 4
| #define PTHREAD_KEY_T_IS_COMPATIBLE_WITH_INT 1
| #define HAVE_LIBDL 1
| #define HAVE_UUID_UUID_H 1
| #define HAVE_UUID_GENERATE_TIME_SAFE 1
| #define WITH_DECIMAL_CONTEXTVAR 1
| #define _REENTRANT 1
| #define HAVE_PTHREAD_SIGMASK 1
| #define HAVE_PTHREAD_GETCPUCLOCKID 1
| #define ENABLE_IPV6 1
| #define HAVE_LINUX_CAN_RAW_FD_FRAMES 1
| #define HAVE_LINUX_CAN_RAW_JOIN_FILTERS 1
| #define WITH_DOC_STRINGS 1
| #define WITH_PYMALLOC 1
| #define PY_COERCE_C_LOCALE 1
| #define HAVE_DLOPEN 1
| #define HAVE_DYNAMIC_LOADING 1
| #define HAVE_ALARM 1
| #define HAVE_ACCEPT4 1
| #define HAVE_SETITIMER 1
| #define HAVE_GETITIMER 1
| #define HAVE_CHOWN 1
| #define HAVE_CLOCK 1
| #define HAVE_CTERMID 1
| #define HAVE_DUP3 1
| #define HAVE_EXECV 1
| #define HAVE_FACCESSAT 1
| #define HAVE_FCHMOD 1
| #define HAVE_FCHMODAT 1
| #define HAVE_FCHOWN 1
| #define HAVE_FCHOWNAT 1
| #define HAVE_FEXECVE 1
| #define HAVE_FDOPENDIR 1
| #define HAVE_FORK 1
| #define HAVE_FPATHCONF 1
| #define HAVE_FSTATAT 1
| #define HAVE_FTRUNCATE 1
| #define HAVE_FUTIMESAT 1
| #define HAVE_FUTIMENS 1
| #define HAVE_FUTIMES 1
| #define HAVE_GAI_STRERROR 1
| #define HAVE_GETENTROPY 1
| #define HAVE_GETGRGID_R 1
| #define HAVE_GETGRNAM_R 1
| #define HAVE_GETGROUPLIST 1
| #define HAVE_GETGROUPS 1
| #define HAVE_GETLOGIN 1
| #define HAVE_GETLOADAVG 1
| #define HAVE_GETPEERNAME 1
| #define HAVE_GETPGID 1
| #define HAVE_GETPID 1
| #define HAVE_GETPRIORITY 1
| #define HAVE_GETRESUID 1
| #define HAVE_GETRESGID 1
| #define HAVE_GETPWENT 1
| #define HAVE_GETPWNAM_R 1
| #define HAVE_GETPWUID_R 1
| #define HAVE_GETSID 1
| #define HAVE_IF_NAMEINDEX 1
| #define HAVE_INITGROUPS 1
| #define HAVE_KILL 1
| #define HAVE_KILLPG 1
| #define HAVE_LCHOWN 1
| #define HAVE_LOCKF 1
| #define HAVE_LINKAT 1
| #define HAVE_LSTAT 1
| #define HAVE_LUTIMES 1
| #define HAVE_MMAP 1
| #define HAVE_MEMRCHR 1
| #define HAVE_MBRTOWC 1
| #define HAVE_MKDIRAT 1
| #define HAVE_MKFIFO 1
| #define HAVE_MADVISE 1
| #define HAVE_MKFIFOAT 1
| #define HAVE_MKNOD 1
| #define HAVE_MKNODAT 1
| #define HAVE_MKTIME 1
| #define HAVE_MREMAP 1
| #define HAVE_NICE 1
| #define HAVE_OPENAT 1
| #define HAVE_PATHCONF 1
| #define HAVE_PAUSE 1
| #define HAVE_PIPE2 1
| #define HAVE_POLL 1
| #define HAVE_POSIX_FALLOCATE 1
| #define HAVE_POSIX_FADVISE 1
| #define HAVE_POSIX_SPAWN 1
| #define HAVE_POSIX_SPAWNP 1
| #define HAVE_PREAD 1
| #define HAVE_PREADV 1
| #define HAVE_PREADV2 1
| #define HAVE_PTHREAD_CONDATTR_SETCLOCK 1
| #define HAVE_PTHREAD_KILL 1
| #define HAVE_PWRITE 1
| #define HAVE_PWRITEV 1
| #define HAVE_PWRITEV2 1
| #define HAVE_READLINK 1
| #define HAVE_READLINKAT 1
| #define HAVE_READV 1
| #define HAVE_REALPATH 1
| #define HAVE_RENAMEAT 1
| #define HAVE_SEM_OPEN 1
| #define HAVE_SEM_TIMEDWAIT 1
| #define HAVE_SEM_GETVALUE 1
| #define HAVE_SEM_UNLINK 1
| #define HAVE_SENDFILE 1
| #define HAVE_SETEGID 1
| #define HAVE_SETEUID 1
| #define HAVE_SETGID 1
| #define HAVE_SETHOSTNAME 1
| #define HAVE_SETLOCALE 1
| #define HAVE_SETREGID 1
| #define HAVE_SETREUID 1
| #define HAVE_SETRESUID 1
| #define HAVE_SETRESGID 1
| #define HAVE_SETSID 1
| #define HAVE_SETPGID 1
| #define HAVE_SETPGRP 1
| #define HAVE_SETPRIORITY 1
| #define HAVE_SETUID 1
| #define HAVE_SETVBUF 1
| #define HAVE_SCHED_GET_PRIORITY_MAX 1
| #define HAVE_SCHED_SETAFFINITY 1
| #define HAVE_SCHED_SETSCHEDULER 1
| #define HAVE_SCHED_SETPARAM 1
| #define HAVE_SCHED_RR_GET_INTERVAL 1
| #define HAVE_SIGACTION 1
| #define HAVE_SIGALTSTACK 1
| #define HAVE_SIGFILLSET 1
| #define HAVE_SIGINTERRUPT 1
| #define HAVE_SIGPENDING 1
| #define HAVE_SIGRELSE 1
| #define HAVE_SIGTIMEDWAIT 1
| #define HAVE_SIGWAIT 1
| #define HAVE_SIGWAITINFO 1
| #define HAVE_SNPRINTF 1
| #define HAVE_STRFTIME 1
| #define HAVE_STRLCPY 1
| #define HAVE_STRSIGNAL 1
| #define HAVE_SYMLINKAT 1
| #define HAVE_SYNC 1
| #define HAVE_SYSCONF 1
| #define HAVE_TCGETPGRP 1
| #define HAVE_TCSETPGRP 1
| #define HAVE_TEMPNAM 1
| #define HAVE_TIMEGM 1
| #define HAVE_TIMES 1
| #define HAVE_TMPFILE 1
| #define HAVE_TMPNAM 1
| #define HAVE_TRUNCATE 1
| #define HAVE_UNAME 1
| #define HAVE_UNLINKAT 1
| #define HAVE_UTIMENSAT 1
| #define HAVE_UTIMES 1
| #define HAVE_WAITID 1
| #define HAVE_WAITPID 1
| #define HAVE_WAIT4 1
| #define HAVE_WCSCOLL 1
| #define HAVE_WCSFTIME 1
| #define HAVE_WCSXFRM 1
| #define HAVE_WMEMCMP 1
| #define HAVE_WRITEV 1
| #define HAVE_DIRFD 1
| #define HAVE_CHROOT 1
| #define HAVE_LINK 1
| #define HAVE_SYMLINK 1
| #define HAVE_FCHDIR 1
| #define HAVE_FSYNC 1
| #define HAVE_FDATASYNC 1
| #define HAVE_EPOLL 1
| #define HAVE_EPOLL_CREATE1 1
| #define HAVE_PRLIMIT 1
| #define HAVE_FLOCK 1
| #define HAVE_GETPAGESIZE 1
| #define HAVE_ZLIB_COPY 1
| #define HAVE_HSTRERROR 1
| #define HAVE_INET_ATON 1
| #define HAVE_INET_PTON 1
| #define HAVE_SETGROUPS 1
| #define HAVE_OPENPTY 1
| #define HAVE_FORKPTY 1
| #define HAVE_FSEEKO 1
| #define HAVE_FSTATVFS 1
| #define HAVE_FTELLO 1
| #define HAVE_STATVFS 1
| #define HAVE_DUP2 1
| #define HAVE_STRDUP 1
| #define HAVE_GETPGRP 1
| #define HAVE_SETPGRP 1
| /* end confdefs.h.  */
| 
| /* Override any GCC internal prototype to avoid an error.
|    Use char because int might match the return type of a GCC
|    builtin and then its argument prototype would still apply.  */
| #ifdef __cplusplus
| extern "C"
| #endif
| char crypt ();
| int
| main ()
| {
| return crypt ();
|   ;
|   return 0;
| }
configure:13006: gcc -o conftest -I/data/data/com.termux/files/usr/include  -L/data/data/com.termux/files/usr/lib conftest.c -lcrypt  -ldl  >&5
configure:13006: $? = 0
configure:13023: result: -lcrypt
configure:13031: checking for library containing crypt_r
configure:13062: gcc -o conftest -I/data/data/com.termux/files/usr/include  -L/data/data/com.termux/files/usr/lib conftest.c -lcrypt -ldl  >&5
ld.lld: error: undefined symbol: crypt_r
>>> referenced by conftest.c
>>>               /data/data/com.termux/files/usr/tmp/conftest-680909.o:(main)
gcc: error: linker command failed with exit code 1 (use -v to see invocation)
configure:13062: $? = 1
configure: failed program was:
| /* confdefs.h */
| #define _GNU_SOURCE 1
| #define _NETBSD_SOURCE 1
| #define __BSD_VISIBLE 1
| #define _DARWIN_C_SOURCE 1
| #define _PYTHONFRAMEWORK ""
| #define _XOPEN_SOURCE 700
| #define _XOPEN_SOURCE_EXTENDED 1
| #define _POSIX_C_SOURCE 200809L
| #define STDC_HEADERS 1
| #define HAVE_SYS_TYPES_H 1
| #define HAVE_SYS_STAT_H 1
| #define HAVE_STDLIB_H 1
| #define HAVE_STRING_H 1
| #define HAVE_MEMORY_H 1
| #define HAVE_STRINGS_H 1
| #define HAVE_INTTYPES_H 1
| #define HAVE_STDINT_H 1
| #define HAVE_UNISTD_H 1
| #define __EXTENSIONS__ 1
| #define _ALL_SOURCE 1
| #define _GNU_SOURCE 1
| #define _POSIX_PTHREAD_SEMANTICS 1
| #define _TANDEM_SOURCE 1
| #define ANDROID_API_LEVEL 24
| #define STDC_HEADERS 1
| #define HAVE_ASM_TYPES_H 1
| #define HAVE_CRYPT_H 1
| #define HAVE_DLFCN_H 1
| #define HAVE_ERRNO_H 1
| #define HAVE_FCNTL_H 1
| #define HAVE_GRP_H 1
| #define HAVE_LANGINFO_H 1
| #define HAVE_LIBINTL_H 1
| #define HAVE_PTHREAD_H 1
| #define HAVE_SCHED_H 1
| #define HAVE_SIGNAL_H 1
| #define HAVE_TERMIOS_H 1
| #define HAVE_UTIME_H 1
| #define HAVE_POLL_H 1
| #define HAVE_SYS_EPOLL_H 1
| #define HAVE_SYS_POLL_H 1
| #define HAVE_SYS_XATTR_H 1
| #define HAVE_SYS_FILE_H 1
| #define HAVE_SYS_IOCTL_H 1
| #define HAVE_SYS_PARAM_H 1
| #define HAVE_SYS_RANDOM_H 1
| #define HAVE_SYS_SELECT_H 1
| #define HAVE_SYS_SENDFILE_H 1
| #define HAVE_SYS_SOCKET_H 1
| #define HAVE_SYS_STATVFS_H 1
| #define HAVE_SYS_STAT_H 1
| #define HAVE_SYS_SYSCALL_H 1
| #define HAVE_SYS_TIME_H 1
| #define HAVE_SYS_TIMES_H 1
| #define HAVE_SYS_TYPES_H 1
| #define HAVE_SYS_UIO_H 1
| #define HAVE_SYS_UN_H 1
| #define HAVE_SYS_UTSNAME_H 1
| #define HAVE_SYS_WAIT_H 1
| #define HAVE_PTY_H 1
| #define HAVE_SYS_RESOURCE_H 1
| #define HAVE_NETPACKET_PACKET_H 1
| #define HAVE_SYSEXITS_H 1
| #define HAVE_LINUX_TIPC_H 1
| #define HAVE_LINUX_RANDOM_H 1
| #define HAVE_SPAWN_H 1
| #define HAVE_ALLOCA_H 1
| #define HAVE_ENDIAN_H 1
| #define HAVE_SYS_ENDIAN_H 1
| #define HAVE_SYS_SYSMACROS_H 1
| #define HAVE_LINUX_MEMFD_H 1
| #define HAVE_LINUX_WAIT_H 1
| #define HAVE_SYS_MMAN_H 1
| #define HAVE_DIRENT_H 1
| #define MAJOR_IN_SYSMACROS 1
| #define HAVE_NET_IF_H 1
| #define HAVE_LINUX_NETLINK_H 1
| #define HAVE_LINUX_QRTR_H 1
| #define HAVE_LINUX_VM_SOCKETS_H 1
| #define HAVE_LINUX_CAN_H 1
| #define HAVE_LINUX_CAN_BCM_H 1
| #define HAVE_LINUX_CAN_J1939_H 1
| #define HAVE_LINUX_CAN_RAW_H 1
| #define HAVE_MAKEDEV 1
| #define HAVE_HTOLE64 1
| #define _LARGEFILE_SOURCE 1
| #define _FILE_OFFSET_BITS 64
| #if defined(SCO_DS)
| #undef _OFF_T
| #endif
| #define RETSIGTYPE void
| #define HAVE_SSIZE_T 1
| #define HAVE_GCC_UINT128_T 1
| #define SIZEOF_INT 4
| #define SIZEOF_LONG 8
| #define SIZEOF_LONG_LONG 8
| #define SIZEOF_VOID_P 8
| #define SIZEOF_SHORT 2
| #define SIZEOF_FLOAT 4
| #define SIZEOF_DOUBLE 8
| #define SIZEOF_FPOS_T 8
| #define SIZEOF_SIZE_T 8
| #define SIZEOF_PID_T 4
| #define SIZEOF_UINTPTR_T 8
| #define HAVE_LONG_DOUBLE 1
| #define SIZEOF_LONG_DOUBLE 16
| #define SIZEOF__BOOL 1
| #define SIZEOF_OFF_T 8
| #define SIZEOF_TIME_T 8
| #define SIZEOF_PTHREAD_T 8
| #define SIZEOF_PTHREAD_KEY_T 4
| #define PTHREAD_KEY_T_IS_COMPATIBLE_WITH_INT 1
| #define HAVE_LIBDL 1
| #define HAVE_UUID_UUID_H 1
| #define HAVE_UUID_GENERATE_TIME_SAFE 1
| #define WITH_DECIMAL_CONTEXTVAR 1
| #define _REENTRANT 1
| #define HAVE_PTHREAD_SIGMASK 1
| #define HAVE_PTHREAD_GETCPUCLOCKID 1
| #define ENABLE_IPV6 1
| #define HAVE_LINUX_CAN_RAW_FD_FRAMES 1
| #define HAVE_LINUX_CAN_RAW_JOIN_FILTERS 1
| #define WITH_DOC_STRINGS 1
| #define WITH_PYMALLOC 1
| #define PY_COERCE_C_LOCALE 1
| #define HAVE_DLOPEN 1
| #define HAVE_DYNAMIC_LOADING 1
| #define HAVE_ALARM 1
| #define HAVE_ACCEPT4 1
| #define HAVE_SETITIMER 1
| #define HAVE_GETITIMER 1
| #define HAVE_CHOWN 1
| #define HAVE_CLOCK 1
| #define HAVE_CTERMID 1
| #define HAVE_DUP3 1
| #define HAVE_EXECV 1
| #define HAVE_FACCESSAT 1
| #define HAVE_FCHMOD 1
| #define HAVE_FCHMODAT 1
| #define HAVE_FCHOWN 1
| #define HAVE_FCHOWNAT 1
| #define HAVE_FEXECVE 1
| #define HAVE_FDOPENDIR 1
| #define HAVE_FORK 1
| #define HAVE_FPATHCONF 1
| #define HAVE_FSTATAT 1
| #define HAVE_FTRUNCATE 1
| #define HAVE_FUTIMESAT 1
| #define HAVE_FUTIMENS 1
| #define HAVE_FUTIMES 1
| #define HAVE_GAI_STRERROR 1
| #define HAVE_GETENTROPY 1
| #define HAVE_GETGRGID_R 1
| #define HAVE_GETGRNAM_R 1
| #define HAVE_GETGROUPLIST 1
| #define HAVE_GETGROUPS 1
| #define HAVE_GETLOGIN 1
| #define HAVE_GETLOADAVG 1
| #define HAVE_GETPEERNAME 1
| #define HAVE_GETPGID 1
| #define HAVE_GETPID 1
| #define HAVE_GETPRIORITY 1
| #define HAVE_GETRESUID 1
| #define HAVE_GETRESGID 1
| #define HAVE_GETPWENT 1
| #define HAVE_GETPWNAM_R 1
| #define HAVE_GETPWUID_R 1
| #define HAVE_GETSID 1
| #define HAVE_IF_NAMEINDEX 1
| #define HAVE_INITGROUPS 1
| #define HAVE_KILL 1
| #define HAVE_KILLPG 1
| #define HAVE_LCHOWN 1
| #define HAVE_LOCKF 1
| #define HAVE_LINKAT 1
| #define HAVE_LSTAT 1
| #define HAVE_LUTIMES 1
| #define HAVE_MMAP 1
| #define HAVE_MEMRCHR 1
| #define HAVE_MBRTOWC 1
| #define HAVE_MKDIRAT 1
| #define HAVE_MKFIFO 1
| #define HAVE_MADVISE 1
| #define HAVE_MKFIFOAT 1
| #define HAVE_MKNOD 1
| #define HAVE_MKNODAT 1
| #define HAVE_MKTIME 1
| #define HAVE_MREMAP 1
| #define HAVE_NICE 1
| #define HAVE_OPENAT 1
| #define HAVE_PATHCONF 1
| #define HAVE_PAUSE 1
| #define HAVE_PIPE2 1
| #define HAVE_POLL 1
| #define HAVE_POSIX_FALLOCATE 1
| #define HAVE_POSIX_FADVISE 1
| #define HAVE_POSIX_SPAWN 1
| #define HAVE_POSIX_SPAWNP 1
| #define HAVE_PREAD 1
| #define HAVE_PREADV 1
| #define HAVE_PREADV2 1
| #define HAVE_PTHREAD_CONDATTR_SETCLOCK 1
| #define HAVE_PTHREAD_KILL 1
| #define HAVE_PWRITE 1
| #define HAVE_PWRITEV 1
| #define HAVE_PWRITEV2 1
| #define HAVE_READLINK 1
| #define HAVE_READLINKAT 1
| #define HAVE_READV 1
| #define HAVE_REALPATH 1
| #define HAVE_RENAMEAT 1
| #define HAVE_SEM_OPEN 1
| #define HAVE_SEM_TIMEDWAIT 1
| #define HAVE_SEM_GETVALUE 1
| #define HAVE_SEM_UNLINK 1
| #define HAVE_SENDFILE 1
| #define HAVE_SETEGID 1
| #define HAVE_SETEUID 1
| #define HAVE_SETGID 1
| #define HAVE_SETHOSTNAME 1
| #define HAVE_SETLOCALE 1
| #define HAVE_SETREGID 1
| #define HAVE_SETREUID 1
| #define HAVE_SETRESUID 1
| #define HAVE_SETRESGID 1
| #define HAVE_SETSID 1
| #define HAVE_SETPGID 1
| #define HAVE_SETPGRP 1
| #define HAVE_SETPRIORITY 1
| #define HAVE_SETUID 1
| #define HAVE_SETVBUF 1
| #define HAVE_SCHED_GET_PRIORITY_MAX 1
| #define HAVE_SCHED_SETAFFINITY 1
| #define HAVE_SCHED_SETSCHEDULER 1
| #define HAVE_SCHED_SETPARAM 1
| #define HAVE_SCHED_RR_GET_INTERVAL 1
| #define HAVE_SIGACTION 1
| #define HAVE_SIGALTSTACK 1
| #define HAVE_SIGFILLSET 1
| #define HAVE_SIGINTERRUPT 1
| #define HAVE_SIGPENDING 1
| #define HAVE_SIGRELSE 1
| #define HAVE_SIGTIMEDWAIT 1
| #define HAVE_SIGWAIT 1
| #define HAVE_SIGWAITINFO 1
| #define HAVE_SNPRINTF 1
| #define HAVE_STRFTIME 1
| #define HAVE_STRLCPY 1
| #define HAVE_STRSIGNAL 1
| #define HAVE_SYMLINKAT 1
| #define HAVE_SYNC 1
| #define HAVE_SYSCONF 1
| #define HAVE_TCGETPGRP 1
| #define HAVE_TCSETPGRP 1
| #define HAVE_TEMPNAM 1
| #define HAVE_TIMEGM 1
| #define HAVE_TIMES 1
| #define HAVE_TMPFILE 1
| #define HAVE_TMPNAM 1
| #define HAVE_TRUNCATE 1
| #define HAVE_UNAME 1
| #define HAVE_UNLINKAT 1
| #define HAVE_UTIMENSAT 1
| #define HAVE_UTIMES 1
| #define HAVE_WAITID 1
| #define HAVE_WAITPID 1
| #define HAVE_WAIT4 1
| #define HAVE_WCSCOLL 1
| #define HAVE_WCSFTIME 1
| #define HAVE_WCSXFRM 1
| #define HAVE_WMEMCMP 1
| #define HAVE_WRITEV 1
| #define HAVE_DIRFD 1
| #define HAVE_CHROOT 1
| #define HAVE_LINK 1
| #define HAVE_SYMLINK 1
| #define HAVE_FCHDIR 1
| #define HAVE_FSYNC 1
| #define HAVE_FDATASYNC 1
| #define HAVE_EPOLL 1
| #define HAVE_EPOLL_CREATE1 1
| #define HAVE_PRLIMIT 1
| #define HAVE_FLOCK 1
| #define HAVE_GETPAGESIZE 1
| #define HAVE_ZLIB_COPY 1
| #define HAVE_HSTRERROR 1
| #define HAVE_INET_ATON 1
| #define HAVE_INET_PTON 1
| #define HAVE_SETGROUPS 1
| #define HAVE_OPENPTY 1
| #define HAVE_FORKPTY 1
| #define HAVE_FSEEKO 1
| #define HAVE_FSTATVFS 1
| #define HAVE_FTELLO 1
| #define HAVE_STATVFS 1
| #define HAVE_DUP2 1
| #define HAVE_STRDUP 1
| #define HAVE_GETPGRP 1
| #define HAVE_SETPGRP 1
| /* end confdefs.h.  */
| 
| /* Override any GCC internal prototype to avoid an error.
|    Use char because int might match the return type of a GCC
|    builtin and then its argument prototype would still apply.  */
| #ifdef __cplusplus
| extern "C"
| #endif
| char crypt_r ();
| int
| main ()
| {
| return crypt_r ();
|   ;
|   return 0;
| }
configure:13062: gcc -o conftest -I/data/data/com.termux/files/usr/include  -L/data/data/com.termux/files/usr/lib conftest.c -lcrypt  -lcrypt -ldl  >&5
ld.lld: error: undefined symbol: crypt_r
>>> referenced by conftest.c
>>>               /data/data/com.termux/files/usr/tmp/conftest-479585.o:(main)
gcc: error: linker command failed with exit code 1 (use -v to see invocation)
configure:13062: $? = 1
configure: failed program was:
| /* confdefs.h */
| #define _GNU_SOURCE 1
| #define _NETBSD_SOURCE 1
| #define __BSD_VISIBLE 1
| #define _DARWIN_C_SOURCE 1
| #define _PYTHONFRAMEWORK ""
| #define _XOPEN_SOURCE 700
| #define _XOPEN_SOURCE_EXTENDED 1
| #define _POSIX_C_SOURCE 200809L
| #define STDC_HEADERS 1
| #define HAVE_SYS_TYPES_H 1
| #define HAVE_SYS_STAT_H 1
| #define HAVE_STDLIB_H 1
| #define HAVE_STRING_H 1
| #define HAVE_MEMORY_H 1
| #define HAVE_STRINGS_H 1
| #define HAVE_INTTYPES_H 1
| #define HAVE_STDINT_H 1
| #define HAVE_UNISTD_H 1
| #define __EXTENSIONS__ 1
| #define _ALL_SOURCE 1
| #define _GNU_SOURCE 1
| #define _POSIX_PTHREAD_SEMANTICS 1
| #define _TANDEM_SOURCE 1
| #define ANDROID_API_LEVEL 24
| #define STDC_HEADERS 1
| #define HAVE_ASM_TYPES_H 1
| #define HAVE_CRYPT_H 1
| #define HAVE_DLFCN_H 1
| #define HAVE_ERRNO_H 1
| #define HAVE_FCNTL_H 1
| #define HAVE_GRP_H 1
| #define HAVE_LANGINFO_H 1
| #define HAVE_LIBINTL_H 1
| #define HAVE_PTHREAD_H 1
| #define HAVE_SCHED_H 1
| #define HAVE_SIGNAL_H 1
| #define HAVE_TERMIOS_H 1
| #define HAVE_UTIME_H 1
| #define HAVE_POLL_H 1
| #define HAVE_SYS_EPOLL_H 1
| #define HAVE_SYS_POLL_H 1
| #define HAVE_SYS_XATTR_H 1
| #define HAVE_SYS_FILE_H 1
| #define HAVE_SYS_IOCTL_H 1
| #define HAVE_SYS_PARAM_H 1
| #define HAVE_SYS_RANDOM_H 1
| #define HAVE_SYS_SELECT_H 1
| #define HAVE_SYS_SENDFILE_H 1
| #define HAVE_SYS_SOCKET_H 1
| #define HAVE_SYS_STATVFS_H 1
| #define HAVE_SYS_STAT_H 1
| #define HAVE_SYS_SYSCALL_H 1
| #define HAVE_SYS_TIME_H 1
| #define HAVE_SYS_TIMES_H 1
| #define HAVE_SYS_TYPES_H 1
| #define HAVE_SYS_UIO_H 1
| #define HAVE_SYS_UN_H 1
| #define HAVE_SYS_UTSNAME_H 1
| #define HAVE_SYS_WAIT_H 1
| #define HAVE_PTY_H 1
| #define HAVE_SYS_RESOURCE_H 1
| #define HAVE_NETPACKET_PACKET_H 1
| #define HAVE_SYSEXITS_H 1
| #define HAVE_LINUX_TIPC_H 1
| #define HAVE_LINUX_RANDOM_H 1
| #define HAVE_SPAWN_H 1
| #define HAVE_ALLOCA_H 1
| #define HAVE_ENDIAN_H 1
| #define HAVE_SYS_ENDIAN_H 1
| #define HAVE_SYS_SYSMACROS_H 1
| #define HAVE_LINUX_MEMFD_H 1
| #define HAVE_LINUX_WAIT_H 1
| #define HAVE_SYS_MMAN_H 1
| #define HAVE_DIRENT_H 1
| #define MAJOR_IN_SYSMACROS 1
| #define HAVE_NET_IF_H 1
| #define HAVE_LINUX_NETLINK_H 1
| #define HAVE_LINUX_QRTR_H 1
| #define HAVE_LINUX_VM_SOCKETS_H 1
| #define HAVE_LINUX_CAN_H 1
| #define HAVE_LINUX_CAN_BCM_H 1
| #define HAVE_LINUX_CAN_J1939_H 1
| #define HAVE_LINUX_CAN_RAW_H 1
| #define HAVE_MAKEDEV 1
| #define HAVE_HTOLE64 1
| #define _LARGEFILE_SOURCE 1
| #define _FILE_OFFSET_BITS 64
| #if defined(SCO_DS)
| #undef _OFF_T
| #endif
| #define RETSIGTYPE void
| #define HAVE_SSIZE_T 1
| #define HAVE_GCC_UINT128_T 1
| #define SIZEOF_INT 4
| #define SIZEOF_LONG 8
| #define SIZEOF_LONG_LONG 8
| #define SIZEOF_VOID_P 8
| #define SIZEOF_SHORT 2
| #define SIZEOF_FLOAT 4
| #define SIZEOF_DOUBLE 8
| #define SIZEOF_FPOS_T 8
| #define SIZEOF_SIZE_T 8
| #define SIZEOF_PID_T 4
| #define SIZEOF_UINTPTR_T 8
| #define HAVE_LONG_DOUBLE 1
| #define SIZEOF_LONG_DOUBLE 16
| #define SIZEOF__BOOL 1
| #define SIZEOF_OFF_T 8
| #define SIZEOF_TIME_T 8
| #define SIZEOF_PTHREAD_T 8
| #define SIZEOF_PTHREAD_KEY_T 4
| #define PTHREAD_KEY_T_IS_COMPATIBLE_WITH_INT 1
| #define HAVE_LIBDL 1
| #define HAVE_UUID_UUID_H 1
| #define HAVE_UUID_GENERATE_TIME_SAFE 1
| #define WITH_DECIMAL_CONTEXTVAR 1
| #define _REENTRANT 1
| #define HAVE_PTHREAD_SIGMASK 1
| #define HAVE_PTHREAD_GETCPUCLOCKID 1
| #define ENABLE_IPV6 1
| #define HAVE_LINUX_CAN_RAW_FD_FRAMES 1
| #define HAVE_LINUX_CAN_RAW_JOIN_FILTERS 1
| #define WITH_DOC_STRINGS 1
| #define WITH_PYMALLOC 1
| #define PY_COERCE_C_LOCALE 1
| #define HAVE_DLOPEN 1
| #define HAVE_DYNAMIC_LOADING 1
| #define HAVE_ALARM 1
| #define HAVE_ACCEPT4 1
| #define HAVE_SETITIMER 1
| #define HAVE_GETITIMER 1
| #define HAVE_CHOWN 1
| #define HAVE_CLOCK 1
| #define HAVE_CTERMID 1
| #define HAVE_DUP3 1
| #define HAVE_EXECV 1
| #define HAVE_FACCESSAT 1
| #define HAVE_FCHMOD 1
| #define HAVE_FCHMODAT 1
| #define HAVE_FCHOWN 1
| #define HAVE_FCHOWNAT 1
| #define HAVE_FEXECVE 1
| #define HAVE_FDOPENDIR 1
| #define HAVE_FORK 1
| #define HAVE_FPATHCONF 1
| #define HAVE_FSTATAT 1
| #define HAVE_FTRUNCATE 1
| #define HAVE_FUTIMESAT 1
| #define HAVE_FUTIMENS 1
| #define HAVE_FUTIMES 1
| #define HAVE_GAI_STRERROR 1
| #define HAVE_GETENTROPY 1
| #define HAVE_GETGRGID_R 1
| #define HAVE_GETGRNAM_R 1
| #define HAVE_GETGROUPLIST 1
| #define HAVE_GETGROUPS 1
| #define HAVE_GETLOGIN 1
| #define HAVE_GETLOADAVG 1
| #define HAVE_GETPEERNAME 1
| #define HAVE_GETPGID 1
| #define HAVE_GETPID 1
| #define HAVE_GETPRIORITY 1
| #define HAVE_GETRESUID 1
| #define HAVE_GETRESGID 1
| #define HAVE_GETPWENT 1
| #define HAVE_GETPWNAM_R 1
| #define HAVE_GETPWUID_R 1
| #define HAVE_GETSID 1
| #define HAVE_IF_NAMEINDEX 1
| #define HAVE_INITGROUPS 1
| #define HAVE_KILL 1
| #define HAVE_KILLPG 1
| #define HAVE_LCHOWN 1
| #define HAVE_LOCKF 1
| #define HAVE_LINKAT 1
| #define HAVE_LSTAT 1
| #define HAVE_LUTIMES 1
| #define HAVE_MMAP 1
| #define HAVE_MEMRCHR 1
| #define HAVE_MBRTOWC 1
| #define HAVE_MKDIRAT 1
| #define HAVE_MKFIFO 1
| #define HAVE_MADVISE 1
| #define HAVE_MKFIFOAT 1
| #define HAVE_MKNOD 1
| #define HAVE_MKNODAT 1
| #define HAVE_MKTIME 1
| #define HAVE_MREMAP 1
| #define HAVE_NICE 1
| #define HAVE_OPENAT 1
| #define HAVE_PATHCONF 1
| #define HAVE_PAUSE 1
| #define HAVE_PIPE2 1
| #define HAVE_POLL 1
| #define HAVE_POSIX_FALLOCATE 1
| #define HAVE_POSIX_FADVISE 1
| #define HAVE_POSIX_SPAWN 1
| #define HAVE_POSIX_SPAWNP 1
| #define HAVE_PREAD 1
| #define HAVE_PREADV 1
| #define HAVE_PREADV2 1
| #define HAVE_PTHREAD_CONDATTR_SETCLOCK 1
| #define HAVE_PTHREAD_KILL 1
| #define HAVE_PWRITE 1
| #define HAVE_PWRITEV 1
| #define HAVE_PWRITEV2 1
| #define HAVE_READLINK 1
| #define HAVE_READLINKAT 1
| #define HAVE_READV 1
| #define HAVE_REALPATH 1
| #define HAVE_RENAMEAT 1
| #define HAVE_SEM_OPEN 1
| #define HAVE_SEM_TIMEDWAIT 1
| #define HAVE_SEM_GETVALUE 1
| #define HAVE_SEM_UNLINK 1
| #define HAVE_SENDFILE 1
| #define HAVE_SETEGID 1
| #define HAVE_SETEUID 1
| #define HAVE_SETGID 1
| #define HAVE_SETHOSTNAME 1
| #define HAVE_SETLOCALE 1
| #define HAVE_SETREGID 1
| #define HAVE_SETREUID 1
| #define HAVE_SETRESUID 1
| #define HAVE_SETRESGID 1
| #define HAVE_SETSID 1
| #define HAVE_SETPGID 1
| #define HAVE_SETPGRP 1
| #define HAVE_SETPRIORITY 1
| #define HAVE_SETUID 1
| #define HAVE_SETVBUF 1
| #define HAVE_SCHED_GET_PRIORITY_MAX 1
| #define HAVE_SCHED_SETAFFINITY 1
| #define HAVE_SCHED_SETSCHEDULER 1
| #define HAVE_SCHED_SETPARAM 1
| #define HAVE_SCHED_RR_GET_INTERVAL 1
| #define HAVE_SIGACTION 1
| #define HAVE_SIGALTSTACK 1
| #define HAVE_SIGFILLSET 1
| #define HAVE_SIGINTERRUPT 1
| #define HAVE_SIGPENDING 1
| #define HAVE_SIGRELSE 1
| #define HAVE_SIGTIMEDWAIT 1
| #define HAVE_SIGWAIT 1
| #define HAVE_SIGWAITINFO 1
| #define HAVE_SNPRINTF 1
| #define HAVE_STRFTIME 1
| #define HAVE_STRLCPY 1
| #define HAVE_STRSIGNAL 1
| #define HAVE_SYMLINKAT 1
| #define HAVE_SYNC 1
| #define HAVE_SYSCONF 1
| #define HAVE_TCGETPGRP 1
| #define HAVE_TCSETPGRP 1
| #define HAVE_TEMPNAM 1
| #define HAVE_TIMEGM 1
| #define HAVE_TIMES 1
| #define HAVE_TMPFILE 1
| #define HAVE_TMPNAM 1
| #define HAVE_TRUNCATE 1
| #define HAVE_UNAME 1
| #define HAVE_UNLINKAT 1
| #define HAVE_UTIMENSAT 1
| #define HAVE_UTIMES 1
| #define HAVE_WAITID 1
| #define HAVE_WAITPID 1
| #define HAVE_WAIT4 1
| #define HAVE_WCSCOLL 1
| #define HAVE_WCSFTIME 1
| #define HAVE_WCSXFRM 1
| #define HAVE_WMEMCMP 1
| #define HAVE_WRITEV 1
| #define HAVE_DIRFD 1
| #define HAVE_CHROOT 1
| #define HAVE_LINK 1
| #define HAVE_SYMLINK 1
| #define HAVE_FCHDIR 1
| #define HAVE_FSYNC 1
| #define HAVE_FDATASYNC 1
| #define HAVE_EPOLL 1
| #define HAVE_EPOLL_CREATE1 1
| #define HAVE_PRLIMIT 1
| #define HAVE_FLOCK 1
| #define HAVE_GETPAGESIZE 1
| #define HAVE_ZLIB_COPY 1
| #define HAVE_HSTRERROR 1
| #define HAVE_INET_ATON 1
| #define HAVE_INET_PTON 1
| #define HAVE_SETGROUPS 1
| #define HAVE_OPENPTY 1
| #define HAVE_FORKPTY 1
| #define HAVE_FSEEKO 1
| #define HAVE_FSTATVFS 1
| #define HAVE_FTELLO 1
| #define HAVE_STATVFS 1
| #define HAVE_DUP2 1
| #define HAVE_STRDUP 1
| #define HAVE_GETPGRP 1
| #define HAVE_SETPGRP 1
| /* end confdefs.h.  */
| 
| /* Override any GCC internal prototype to avoid an error.
|    Use char because int might match the return type of a GCC
|    builtin and then its argument prototype would still apply.  */
| #ifdef __cplusplus
| extern "C"
| #endif
| char crypt_r ();
| int
| main ()
| {
| return crypt_r ();
|   ;
|   return 0;
| }
configure:13079: result: no
configure:13088: checking for crypt_r
configure:13088: gcc -o conftest -I/data/data/com.termux/files/usr/include  -L/data/data/com.termux/files/usr/lib conftest.c -lcrypt -ldl  >&5
ld.lld: error: undefined symbol: crypt_r
>>> referenced by conftest.c
>>>               /data/data/com.termux/files/usr/tmp/conftest-325493.o:(main)
gcc: error: linker command failed with exit code 1 (use -v to see invocation)
configure:13088: $? = 1
configure: failed program was:
| /* confdefs.h */
| #define _GNU_SOURCE 1
| #define _NETBSD_SOURCE 1
| #define __BSD_VISIBLE 1
| #define _DARWIN_C_SOURCE 1
| #define _PYTHONFRAMEWORK ""
| #define _XOPEN_SOURCE 700
| #define _XOPEN_SOURCE_EXTENDED 1
| #define _POSIX_C_SOURCE 200809L
| #define STDC_HEADERS 1
| #define HAVE_SYS_TYPES_H 1
| #define HAVE_SYS_STAT_H 1
| #define HAVE_STDLIB_H 1
| #define HAVE_STRING_H 1
| #define HAVE_MEMORY_H 1
| #define HAVE_STRINGS_H 1
| #define HAVE_INTTYPES_H 1
| #define HAVE_STDINT_H 1
| #define HAVE_UNISTD_H 1
| #define __EXTENSIONS__ 1
| #define _ALL_SOURCE 1
| #define _GNU_SOURCE 1
| #define _POSIX_PTHREAD_SEMANTICS 1
| #define _TANDEM_SOURCE 1
| #define ANDROID_API_LEVEL 24
| #define STDC_HEADERS 1
| #define HAVE_ASM_TYPES_H 1
| #define HAVE_CRYPT_H 1
| #define HAVE_DLFCN_H 1
| #define HAVE_ERRNO_H 1
| #define HAVE_FCNTL_H 1
| #define HAVE_GRP_H 1
| #define HAVE_LANGINFO_H 1
| #define HAVE_LIBINTL_H 1
| #define HAVE_PTHREAD_H 1
| #define HAVE_SCHED_H 1
| #define HAVE_SIGNAL_H 1
| #define HAVE_TERMIOS_H 1
| #define HAVE_UTIME_H 1
| #define HAVE_POLL_H 1
| #define HAVE_SYS_EPOLL_H 1
| #define HAVE_SYS_POLL_H 1
| #define HAVE_SYS_XATTR_H 1
| #define HAVE_SYS_FILE_H 1
| #define HAVE_SYS_IOCTL_H 1
| #define HAVE_SYS_PARAM_H 1
| #define HAVE_SYS_RANDOM_H 1
| #define HAVE_SYS_SELECT_H 1
| #define HAVE_SYS_SENDFILE_H 1
| #define HAVE_SYS_SOCKET_H 1
| #define HAVE_SYS_STATVFS_H 1
| #define HAVE_SYS_STAT_H 1
| #define HAVE_SYS_SYSCALL_H 1
| #define HAVE_SYS_TIME_H 1
| #define HAVE_SYS_TIMES_H 1
| #define HAVE_SYS_TYPES_H 1
| #define HAVE_SYS_UIO_H 1
| #define HAVE_SYS_UN_H 1
| #define HAVE_SYS_UTSNAME_H 1
| #define HAVE_SYS_WAIT_H 1
| #define HAVE_PTY_H 1
| #define HAVE_SYS_RESOURCE_H 1
| #define HAVE_NETPACKET_PACKET_H 1
| #define HAVE_SYSEXITS_H 1
| #define HAVE_LINUX_TIPC_H 1
| #define HAVE_LINUX_RANDOM_H 1
| #define HAVE_SPAWN_H 1
| #define HAVE_ALLOCA_H 1
| #define HAVE_ENDIAN_H 1
| #define HAVE_SYS_ENDIAN_H 1
| #define HAVE_SYS_SYSMACROS_H 1
| #define HAVE_LINUX_MEMFD_H 1
| #define HAVE_LINUX_WAIT_H 1
| #define HAVE_SYS_MMAN_H 1
| #define HAVE_DIRENT_H 1
| #define MAJOR_IN_SYSMACROS 1
| #define HAVE_NET_IF_H 1
| #define HAVE_LINUX_NETLINK_H 1
| #define HAVE_LINUX_QRTR_H 1
| #define HAVE_LINUX_VM_SOCKETS_H 1
| #define HAVE_LINUX_CAN_H 1
| #define HAVE_LINUX_CAN_BCM_H 1
| #define HAVE_LINUX_CAN_J1939_H 1
| #define HAVE_LINUX_CAN_RAW_H 1
| #define HAVE_MAKEDEV 1
| #define HAVE_HTOLE64 1
| #define _LARGEFILE_SOURCE 1
| #define _FILE_OFFSET_BITS 64
| #if defined(SCO_DS)
| #undef _OFF_T
| #endif
| #define RETSIGTYPE void
| #define HAVE_SSIZE_T 1
| #define HAVE_GCC_UINT128_T 1
| #define SIZEOF_INT 4
| #define SIZEOF_LONG 8
| #define SIZEOF_LONG_LONG 8
| #define SIZEOF_VOID_P 8
| #define SIZEOF_SHORT 2
| #define SIZEOF_FLOAT 4
| #define SIZEOF_DOUBLE 8
| #define SIZEOF_FPOS_T 8
| #define SIZEOF_SIZE_T 8
| #define SIZEOF_PID_T 4
| #define SIZEOF_UINTPTR_T 8
| #define HAVE_LONG_DOUBLE 1
| #define SIZEOF_LONG_DOUBLE 16
| #define SIZEOF__BOOL 1
| #define SIZEOF_OFF_T 8
| #define SIZEOF_TIME_T 8
| #define SIZEOF_PTHREAD_T 8
| #define SIZEOF_PTHREAD_KEY_T 4
| #define PTHREAD_KEY_T_IS_COMPATIBLE_WITH_INT 1
| #define HAVE_LIBDL 1
| #define HAVE_UUID_UUID_H 1
| #define HAVE_UUID_GENERATE_TIME_SAFE 1
| #define WITH_DECIMAL_CONTEXTVAR 1
| #define _REENTRANT 1
| #define HAVE_PTHREAD_SIGMASK 1
| #define HAVE_PTHREAD_GETCPUCLOCKID 1
| #define ENABLE_IPV6 1
| #define HAVE_LINUX_CAN_RAW_FD_FRAMES 1
| #define HAVE_LINUX_CAN_RAW_JOIN_FILTERS 1
| #define WITH_DOC_STRINGS 1
| #define WITH_PYMALLOC 1
| #define PY_COERCE_C_LOCALE 1
| #define HAVE_DLOPEN 1
| #define HAVE_DYNAMIC_LOADING 1
| #define HAVE_ALARM 1
| #define HAVE_ACCEPT4 1
| #define HAVE_SETITIMER 1
| #define HAVE_GETITIMER 1
| #define HAVE_CHOWN 1
| #define HAVE_CLOCK 1
| #define HAVE_CTERMID 1
| #define HAVE_DUP3 1
| #define HAVE_EXECV 1
| #define HAVE_FACCESSAT 1
| #define HAVE_FCHMOD 1
| #define HAVE_FCHMODAT 1
| #define HAVE_FCHOWN 1
| #define HAVE_FCHOWNAT 1
| #define HAVE_FEXECVE 1
| #define HAVE_FDOPENDIR 1
| #define HAVE_FORK 1
| #define HAVE_FPATHCONF 1
| #define HAVE_FSTATAT 1
| #define HAVE_FTRUNCATE 1
| #define HAVE_FUTIMESAT 1
| #define HAVE_FUTIMENS 1
| #define HAVE_FUTIMES 1
| #define HAVE_GAI_STRERROR 1
| #define HAVE_GETENTROPY 1
| #define HAVE_GETGRGID_R 1
| #define HAVE_GETGRNAM_R 1
| #define HAVE_GETGROUPLIST 1
| #define HAVE_GETGROUPS 1
| #define HAVE_GETLOGIN 1
| #define HAVE_GETLOADAVG 1
| #define HAVE_GETPEERNAME 1
| #define HAVE_GETPGID 1
| #define HAVE_GETPID 1
| #define HAVE_GETPRIORITY 1
| #define HAVE_GETRESUID 1
| #define HAVE_GETRESGID 1
| #define HAVE_GETPWENT 1
| #define HAVE_GETPWNAM_R 1
| #define HAVE_GETPWUID_R 1
| #define HAVE_GETSID 1
| #define HAVE_IF_NAMEINDEX 1
| #define HAVE_INITGROUPS 1
| #define HAVE_KILL 1
| #define HAVE_KILLPG 1
| #define HAVE_LCHOWN 1
| #define HAVE_LOCKF 1
| #define HAVE_LINKAT 1
| #define HAVE_LSTAT 1
| #define HAVE_LUTIMES 1
| #define HAVE_MMAP 1
| #define HAVE_MEMRCHR 1
| #define HAVE_MBRTOWC 1
| #define HAVE_MKDIRAT 1
| #define HAVE_MKFIFO 1
| #define HAVE_MADVISE 1
| #define HAVE_MKFIFOAT 1
| #define HAVE_MKNOD 1
| #define HAVE_MKNODAT 1
| #define HAVE_MKTIME 1
| #define HAVE_MREMAP 1
| #define HAVE_NICE 1
| #define HAVE_OPENAT 1
| #define HAVE_PATHCONF 1
| #define HAVE_PAUSE 1
| #define HAVE_PIPE2 1
| #define HAVE_POLL 1
| #define HAVE_POSIX_FALLOCATE 1
| #define HAVE_POSIX_FADVISE 1
| #define HAVE_POSIX_SPAWN 1
| #define HAVE_POSIX_SPAWNP 1
| #define HAVE_PREAD 1
| #define HAVE_PREADV 1
| #define HAVE_PREADV2 1
| #define HAVE_PTHREAD_CONDATTR_SETCLOCK 1
| #define HAVE_PTHREAD_KILL 1
| #define HAVE_PWRITE 1
| #define HAVE_PWRITEV 1
| #define HAVE_PWRITEV2 1
| #define HAVE_READLINK 1
| #define HAVE_READLINKAT 1
| #define HAVE_READV 1
| #define HAVE_REALPATH 1
| #define HAVE_RENAMEAT 1
| #define HAVE_SEM_OPEN 1
| #define HAVE_SEM_TIMEDWAIT 1
| #define HAVE_SEM_GETVALUE 1
| #define HAVE_SEM_UNLINK 1
| #define HAVE_SENDFILE 1
| #define HAVE_SETEGID 1
| #define HAVE_SETEUID 1
| #define HAVE_SETGID 1
| #define HAVE_SETHOSTNAME 1
| #define HAVE_SETLOCALE 1
| #define HAVE_SETREGID 1
| #define HAVE_SETREUID 1
| #define HAVE_SETRESUID 1
| #define HAVE_SETRESGID 1
| #define HAVE_SETSID 1
| #define HAVE_SETPGID 1
| #define HAVE_SETPGRP 1
| #define HAVE_SETPRIORITY 1
| #define HAVE_SETUID 1
| #define HAVE_SETVBUF 1
| #define HAVE_SCHED_GET_PRIORITY_MAX 1
| #define HAVE_SCHED_SETAFFINITY 1
| #define HAVE_SCHED_SETSCHEDULER 1
| #define HAVE_SCHED_SETPARAM 1
| #define HAVE_SCHED_RR_GET_INTERVAL 1
| #define HAVE_SIGACTION 1
| #define HAVE_SIGALTSTACK 1
| #define HAVE_SIGFILLSET 1
| #define HAVE_SIGINTERRUPT 1
| #define HAVE_SIGPENDING 1
| #define HAVE_SIGRELSE 1
| #define HAVE_SIGTIMEDWAIT 1
| #define HAVE_SIGWAIT 1
| #define HAVE_SIGWAITINFO 1
| #define HAVE_SNPRINTF 1
| #define HAVE_STRFTIME 1
| #define HAVE_STRLCPY 1
| #define HAVE_STRSIGNAL 1
| #define HAVE_SYMLINKAT 1
| #define HAVE_SYNC 1
| #define HAVE_SYSCONF 1
| #define HAVE_TCGETPGRP 1
| #define HAVE_TCSETPGRP 1
| #define HAVE_TEMPNAM 1
| #define HAVE_TIMEGM 1
| #define HAVE_TIMES 1
| #define HAVE_TMPFILE 1
| #define HAVE_TMPNAM 1
| #define HAVE_TRUNCATE 1
| #define HAVE_UNAME 1
| #define HAVE_UNLINKAT 1
| #define HAVE_UTIMENSAT 1
| #define HAVE_UTIMES 1
| #define HAVE_WAITID 1
| #define HAVE_WAITPID 1
| #define HAVE_WAIT4 1
| #define HAVE_WCSCOLL 1
| #define HAVE_WCSFTIME 1
| #define HAVE_WCSXFRM 1
| #define HAVE_WMEMCMP 1
| #define HAVE_WRITEV 1
| #define HAVE_DIRFD 1
| #define HAVE_CHROOT 1
| #define HAVE_LINK 1
| #define HAVE_SYMLINK 1
| #define HAVE_FCHDIR 1
| #define HAVE_FSYNC 1
| #define HAVE_FDATASYNC 1
| #define HAVE_EPOLL 1
| #define HAVE_EPOLL_CREATE1 1
| #define HAVE_PRLIMIT 1
| #define HAVE_FLOCK 1
| #define HAVE_GETPAGESIZE 1
| #define HAVE_ZLIB_COPY 1
| #define HAVE_HSTRERROR 1
| #define HAVE_INET_ATON 1
| #define HAVE_INET_PTON 1
| #define HAVE_SETGROUPS 1
| #define HAVE_OPENPTY 1
| #define HAVE_FORKPTY 1
| #define HAVE_FSEEKO 1
| #define HAVE_FSTATVFS 1
| #define HAVE_FTELLO 1
| #define HAVE_STATVFS 1
| #define HAVE_DUP2 1
| #define HAVE_STRDUP 1
| #define HAVE_GETPGRP 1
| #define HAVE_SETPGRP 1
| /* end confdefs.h.  */
| /* Define crypt_r to an innocuous variant, in case <limits.h> declares crypt_r.
|    For example, HP-UX 11i <limits.h> declares gettimeofday.  */
| #define crypt_r innocuous_crypt_r
| 
| /* System header to define __stub macros and hopefully few prototypes,
|     which can conflict with char crypt_r (); below.
|     Prefer <limits.h> to <assert.h> if __STDC__ is defined, since
|     <limits.h> exists even on freestanding compilers.  */
| 
| #ifdef __STDC__
| # include <limits.h>
| #else
| # include <assert.h>
| #endif
| 
| #undef crypt_r
| 
| /* Override any GCC internal prototype to avoid an error.
|    Use char because int might match the return type of a GCC
|    builtin and then its argument prototype would still apply.  */
| #ifdef __cplusplus
| extern "C"
| #endif
| char crypt_r ();
| /* The GNU C library defines this for functions which it implements
|     to always fail with ENOSYS.  Some functions are actually named
|     something starting with __ and the normal name is an alias.  */
| #if defined __stub_crypt_r || defined __stub___crypt_r
| choke me
| #endif
| 
| int
| main ()
| {
| return crypt_r ();
|   ;
|   return 0;
| }
configure:13088: result: no
configure:13119: checking for clock_gettime
configure:13119: gcc -o conftest -I/data/data/com.termux/files/usr/include  -L/data/data/com.termux/files/usr/lib conftest.c -lcrypt -ldl  >&5
configure:13119: $? = 0
configure:13119: result: yes
configure:13181: checking for clock_getres
configure:13181: gcc -o conftest -I/data/data/com.termux/files/usr/include  -L/data/data/com.termux/files/usr/lib conftest.c -lcrypt -ldl  >&5
configure:13181: $? = 0
configure:13181: result: yes
configure:13239: checking for clock_settime
configure:13239: gcc -o conftest -I/data/data/com.termux/files/usr/include  -L/data/data/com.termux/files/usr/lib conftest.c -lcrypt -ldl  >&5
configure:13239: $? = 0
configure:13239: result: yes
configure:13295: checking for major
configure:13318: gcc -o conftest -I/data/data/com.termux/files/usr/include  -L/data/data/com.termux/files/usr/lib conftest.c -lcrypt -ldl  >&5
configure:13318: $? = 0
configure:13323: result: yes
configure:13337: checking for getaddrinfo
configure:13355: gcc -o conftest -I/data/data/com.termux/files/usr/include  -L/data/data/com.termux/files/usr/lib conftest.c -lcrypt -ldl  >&5
conftest.c:315:31: warning: null passed to a callee that requires a non-null argument [-Wnonnull]
  315 | getaddrinfo(NULL, NULL, NULL, NULL);
      |                               ^~~~
/data/data/com.termux/files/usr/lib/clang/19/include/__stddef_null.h:26:14: note: expanded from macro 'NULL'
   26 | #define NULL ((void*)0)
      |              ^~~~~~~~~~
1 warning generated.
configure:13355: $? = 0
configure:13362: result: yes
configure:13366: checking getaddrinfo bug
configure:13472: gcc -o conftest -I/data/data/com.termux/files/usr/include  -L/data/data/com.termux/files/usr/lib conftest.c -lcrypt -ldl  >&5
configure:13472: $? = 0
configure:13472: ./conftest
configure:13472: $? = 0
configure:13485: result: no
configure:13504: checking for getnameinfo
configure:13504: gcc -o conftest -I/data/data/com.termux/files/usr/include  -L/data/data/com.termux/files/usr/lib conftest.c -lcrypt -ldl  >&5
configure:13504: $? = 0
configure:13504: result: yes
configure:13515: checking whether time.h and sys/time.h may both be included
configure:13535: gcc -c -I/data/data/com.termux/files/usr/include  conftest.c >&5
configure:13535: $? = 0
configure:13542: result: yes
configure:13550: checking whether struct tm is in sys/time.h or time.h
configure:13570: gcc -c -I/data/data/com.termux/files/usr/include  conftest.c >&5
configure:13570: $? = 0
configure:13577: result: time.h
configure:13585: checking for struct tm.tm_zone
configure:13585: gcc -c -I/data/data/com.termux/files/usr/include  conftest.c >&5
configure:13585: $? = 0
configure:13585: result: yes
configure:13652: checking for struct stat.st_rdev
configure:13652: gcc -c -I/data/data/com.termux/files/usr/include  conftest.c >&5
configure:13652: $? = 0
configure:13652: result: yes
configure:13662: checking for struct stat.st_blksize
configure:13662: gcc -c -I/data/data/com.termux/files/usr/include  conftest.c >&5
configure:13662: $? = 0
configure:13662: result: yes
configure:13672: checking for struct stat.st_flags
configure:13672: gcc -c -I/data/data/com.termux/files/usr/include  conftest.c >&5
conftest.c:350:13: error: no member named 'st_flags' in 'struct stat'
  350 | if (ac_aggr.st_flags)
      |     ~~~~~~~ ^
1 error generated.
configure:13672: $? = 1
configure: failed program was:
| /* confdefs.h */
| #define _GNU_SOURCE 1
| #define _NETBSD_SOURCE 1
| #define __BSD_VISIBLE 1
| #define _DARWIN_C_SOURCE 1
| #define _PYTHONFRAMEWORK ""
| #define _XOPEN_SOURCE 700
| #define _XOPEN_SOURCE_EXTENDED 1
| #define _POSIX_C_SOURCE 200809L
| #define STDC_HEADERS 1
| #define HAVE_SYS_TYPES_H 1
| #define HAVE_SYS_STAT_H 1
| #define HAVE_STDLIB_H 1
| #define HAVE_STRING_H 1
| #define HAVE_MEMORY_H 1
| #define HAVE_STRINGS_H 1
| #define HAVE_INTTYPES_H 1
| #define HAVE_STDINT_H 1
| #define HAVE_UNISTD_H 1
| #define __EXTENSIONS__ 1
| #define _ALL_SOURCE 1
| #define _GNU_SOURCE 1
| #define _POSIX_PTHREAD_SEMANTICS 1
| #define _TANDEM_SOURCE 1
| #define ANDROID_API_LEVEL 24
| #define STDC_HEADERS 1
| #define HAVE_ASM_TYPES_H 1
| #define HAVE_CRYPT_H 1
| #define HAVE_DLFCN_H 1
| #define HAVE_ERRNO_H 1
| #define HAVE_FCNTL_H 1
| #define HAVE_GRP_H 1
| #define HAVE_LANGINFO_H 1
| #define HAVE_LIBINTL_H 1
| #define HAVE_PTHREAD_H 1
| #define HAVE_SCHED_H 1
| #define HAVE_SIGNAL_H 1
| #define HAVE_TERMIOS_H 1
| #define HAVE_UTIME_H 1
| #define HAVE_POLL_H 1
| #define HAVE_SYS_EPOLL_H 1
| #define HAVE_SYS_POLL_H 1
| #define HAVE_SYS_XATTR_H 1
| #define HAVE_SYS_FILE_H 1
| #define HAVE_SYS_IOCTL_H 1
| #define HAVE_SYS_PARAM_H 1
| #define HAVE_SYS_RANDOM_H 1
| #define HAVE_SYS_SELECT_H 1
| #define HAVE_SYS_SENDFILE_H 1
| #define HAVE_SYS_SOCKET_H 1
| #define HAVE_SYS_STATVFS_H 1
| #define HAVE_SYS_STAT_H 1
| #define HAVE_SYS_SYSCALL_H 1
| #define HAVE_SYS_TIME_H 1
| #define HAVE_SYS_TIMES_H 1
| #define HAVE_SYS_TYPES_H 1
| #define HAVE_SYS_UIO_H 1
| #define HAVE_SYS_UN_H 1
| #define HAVE_SYS_UTSNAME_H 1
| #define HAVE_SYS_WAIT_H 1
| #define HAVE_PTY_H 1
| #define HAVE_SYS_RESOURCE_H 1
| #define HAVE_NETPACKET_PACKET_H 1
| #define HAVE_SYSEXITS_H 1
| #define HAVE_LINUX_TIPC_H 1
| #define HAVE_LINUX_RANDOM_H 1
| #define HAVE_SPAWN_H 1
| #define HAVE_ALLOCA_H 1
| #define HAVE_ENDIAN_H 1
| #define HAVE_SYS_ENDIAN_H 1
| #define HAVE_SYS_SYSMACROS_H 1
| #define HAVE_LINUX_MEMFD_H 1
| #define HAVE_LINUX_WAIT_H 1
| #define HAVE_SYS_MMAN_H 1
| #define HAVE_DIRENT_H 1
| #define MAJOR_IN_SYSMACROS 1
| #define HAVE_NET_IF_H 1
| #define HAVE_LINUX_NETLINK_H 1
| #define HAVE_LINUX_QRTR_H 1
| #define HAVE_LINUX_VM_SOCKETS_H 1
| #define HAVE_LINUX_CAN_H 1
| #define HAVE_LINUX_CAN_BCM_H 1
| #define HAVE_LINUX_CAN_J1939_H 1
| #define HAVE_LINUX_CAN_RAW_H 1
| #define HAVE_MAKEDEV 1
| #define HAVE_HTOLE64 1
| #define _LARGEFILE_SOURCE 1
| #define _FILE_OFFSET_BITS 64
| #if defined(SCO_DS)
| #undef _OFF_T
| #endif
| #define RETSIGTYPE void
| #define HAVE_SSIZE_T 1
| #define HAVE_GCC_UINT128_T 1
| #define SIZEOF_INT 4
| #define SIZEOF_LONG 8
| #define SIZEOF_LONG_LONG 8
| #define SIZEOF_VOID_P 8
| #define SIZEOF_SHORT 2
| #define SIZEOF_FLOAT 4
| #define SIZEOF_DOUBLE 8
| #define SIZEOF_FPOS_T 8
| #define SIZEOF_SIZE_T 8
| #define SIZEOF_PID_T 4
| #define SIZEOF_UINTPTR_T 8
| #define HAVE_LONG_DOUBLE 1
| #define SIZEOF_LONG_DOUBLE 16
| #define SIZEOF__BOOL 1
| #define SIZEOF_OFF_T 8
| #define SIZEOF_TIME_T 8
| #define SIZEOF_PTHREAD_T 8
| #define SIZEOF_PTHREAD_KEY_T 4
| #define PTHREAD_KEY_T_IS_COMPATIBLE_WITH_INT 1
| #define HAVE_LIBDL 1
| #define HAVE_UUID_UUID_H 1
| #define HAVE_UUID_GENERATE_TIME_SAFE 1
| #define WITH_DECIMAL_CONTEXTVAR 1
| #define _REENTRANT 1
| #define HAVE_PTHREAD_SIGMASK 1
| #define HAVE_PTHREAD_GETCPUCLOCKID 1
| #define ENABLE_IPV6 1
| #define HAVE_LINUX_CAN_RAW_FD_FRAMES 1
| #define HAVE_LINUX_CAN_RAW_JOIN_FILTERS 1
| #define WITH_DOC_STRINGS 1
| #define WITH_PYMALLOC 1
| #define PY_COERCE_C_LOCALE 1
| #define HAVE_DLOPEN 1
| #define HAVE_DYNAMIC_LOADING 1
| #define HAVE_ALARM 1
| #define HAVE_ACCEPT4 1
| #define HAVE_SETITIMER 1
| #define HAVE_GETITIMER 1
| #define HAVE_CHOWN 1
| #define HAVE_CLOCK 1
| #define HAVE_CTERMID 1
| #define HAVE_DUP3 1
| #define HAVE_EXECV 1
| #define HAVE_FACCESSAT 1
| #define HAVE_FCHMOD 1
| #define HAVE_FCHMODAT 1
| #define HAVE_FCHOWN 1
| #define HAVE_FCHOWNAT 1
| #define HAVE_FEXECVE 1
| #define HAVE_FDOPENDIR 1
| #define HAVE_FORK 1
| #define HAVE_FPATHCONF 1
| #define HAVE_FSTATAT 1
| #define HAVE_FTRUNCATE 1
| #define HAVE_FUTIMESAT 1
| #define HAVE_FUTIMENS 1
| #define HAVE_FUTIMES 1
| #define HAVE_GAI_STRERROR 1
| #define HAVE_GETENTROPY 1
| #define HAVE_GETGRGID_R 1
| #define HAVE_GETGRNAM_R 1
| #define HAVE_GETGROUPLIST 1
| #define HAVE_GETGROUPS 1
| #define HAVE_GETLOGIN 1
| #define HAVE_GETLOADAVG 1
| #define HAVE_GETPEERNAME 1
| #define HAVE_GETPGID 1
| #define HAVE_GETPID 1
| #define HAVE_GETPRIORITY 1
| #define HAVE_GETRESUID 1
| #define HAVE_GETRESGID 1
| #define HAVE_GETPWENT 1
| #define HAVE_GETPWNAM_R 1
| #define HAVE_GETPWUID_R 1
| #define HAVE_GETSID 1
| #define HAVE_IF_NAMEINDEX 1
| #define HAVE_INITGROUPS 1
| #define HAVE_KILL 1
| #define HAVE_KILLPG 1
| #define HAVE_LCHOWN 1
| #define HAVE_LOCKF 1
| #define HAVE_LINKAT 1
| #define HAVE_LSTAT 1
| #define HAVE_LUTIMES 1
| #define HAVE_MMAP 1
| #define HAVE_MEMRCHR 1
| #define HAVE_MBRTOWC 1
| #define HAVE_MKDIRAT 1
| #define HAVE_MKFIFO 1
| #define HAVE_MADVISE 1
| #define HAVE_MKFIFOAT 1
| #define HAVE_MKNOD 1
| #define HAVE_MKNODAT 1
| #define HAVE_MKTIME 1
| #define HAVE_MREMAP 1
| #define HAVE_NICE 1
| #define HAVE_OPENAT 1
| #define HAVE_PATHCONF 1
| #define HAVE_PAUSE 1
| #define HAVE_PIPE2 1
| #define HAVE_POLL 1
| #define HAVE_POSIX_FALLOCATE 1
| #define HAVE_POSIX_FADVISE 1
| #define HAVE_POSIX_SPAWN 1
| #define HAVE_POSIX_SPAWNP 1
| #define HAVE_PREAD 1
| #define HAVE_PREADV 1
| #define HAVE_PREADV2 1
| #define HAVE_PTHREAD_CONDATTR_SETCLOCK 1
| #define HAVE_PTHREAD_KILL 1
| #define HAVE_PWRITE 1
| #define HAVE_PWRITEV 1
| #define HAVE_PWRITEV2 1
| #define HAVE_READLINK 1
| #define HAVE_READLINKAT 1
| #define HAVE_READV 1
| #define HAVE_REALPATH 1
| #define HAVE_RENAMEAT 1
| #define HAVE_SEM_OPEN 1
| #define HAVE_SEM_TIMEDWAIT 1
| #define HAVE_SEM_GETVALUE 1
| #define HAVE_SEM_UNLINK 1
| #define HAVE_SENDFILE 1
| #define HAVE_SETEGID 1
| #define HAVE_SETEUID 1
| #define HAVE_SETGID 1
| #define HAVE_SETHOSTNAME 1
| #define HAVE_SETLOCALE 1
| #define HAVE_SETREGID 1
| #define HAVE_SETREUID 1
| #define HAVE_SETRESUID 1
| #define HAVE_SETRESGID 1
| #define HAVE_SETSID 1
| #define HAVE_SETPGID 1
| #define HAVE_SETPGRP 1
| #define HAVE_SETPRIORITY 1
| #define HAVE_SETUID 1
| #define HAVE_SETVBUF 1
| #define HAVE_SCHED_GET_PRIORITY_MAX 1
| #define HAVE_SCHED_SETAFFINITY 1
| #define HAVE_SCHED_SETSCHEDULER 1
| #define HAVE_SCHED_SETPARAM 1
| #define HAVE_SCHED_RR_GET_INTERVAL 1
| #define HAVE_SIGACTION 1
| #define HAVE_SIGALTSTACK 1
| #define HAVE_SIGFILLSET 1
| #define HAVE_SIGINTERRUPT 1
| #define HAVE_SIGPENDING 1
| #define HAVE_SIGRELSE 1
| #define HAVE_SIGTIMEDWAIT 1
| #define HAVE_SIGWAIT 1
| #define HAVE_SIGWAITINFO 1
| #define HAVE_SNPRINTF 1
| #define HAVE_STRFTIME 1
| #define HAVE_STRLCPY 1
| #define HAVE_STRSIGNAL 1
| #define HAVE_SYMLINKAT 1
| #define HAVE_SYNC 1
| #define HAVE_SYSCONF 1
| #define HAVE_TCGETPGRP 1
| #define HAVE_TCSETPGRP 1
| #define HAVE_TEMPNAM 1
| #define HAVE_TIMEGM 1
| #define HAVE_TIMES 1
| #define HAVE_TMPFILE 1
| #define HAVE_TMPNAM 1
| #define HAVE_TRUNCATE 1
| #define HAVE_UNAME 1
| #define HAVE_UNLINKAT 1
| #define HAVE_UTIMENSAT 1
| #define HAVE_UTIMES 1
| #define HAVE_WAITID 1
| #define HAVE_WAITPID 1
| #define HAVE_WAIT4 1
| #define HAVE_WCSCOLL 1
| #define HAVE_WCSFTIME 1
| #define HAVE_WCSXFRM 1
| #define HAVE_WMEMCMP 1
| #define HAVE_WRITEV 1
| #define HAVE_DIRFD 1
| #define HAVE_CHROOT 1
| #define HAVE_LINK 1
| #define HAVE_SYMLINK 1
| #define HAVE_FCHDIR 1
| #define HAVE_FSYNC 1
| #define HAVE_FDATASYNC 1
| #define HAVE_EPOLL 1
| #define HAVE_EPOLL_CREATE1 1
| #define HAVE_PRLIMIT 1
| #define HAVE_FLOCK 1
| #define HAVE_GETPAGESIZE 1
| #define HAVE_ZLIB_COPY 1
| #define HAVE_HSTRERROR 1
| #define HAVE_INET_ATON 1
| #define HAVE_INET_PTON 1
| #define HAVE_SETGROUPS 1
| #define HAVE_OPENPTY 1
| #define HAVE_FORKPTY 1
| #define HAVE_FSEEKO 1
| #define HAVE_FSTATVFS 1
| #define HAVE_FTELLO 1
| #define HAVE_STATVFS 1
| #define HAVE_DUP2 1
| #define HAVE_STRDUP 1
| #define HAVE_GETPGRP 1
| #define HAVE_SETPGRP 1
| #define HAVE_CLOCK_GETTIME 1
| #define HAVE_CLOCK_GETRES 1
| #define HAVE_CLOCK_SETTIME 1
| #define HAVE_DEVICE_MACROS 1
| #define HAVE_GETADDRINFO 1
| #define HAVE_GETNAMEINFO 1
| #define TIME_WITH_SYS_TIME 1
| #define HAVE_STRUCT_TM_TM_ZONE 1
| #define HAVE_TM_ZONE 1
| #define HAVE_STRUCT_STAT_ST_RDEV 1
| #define HAVE_STRUCT_STAT_ST_BLKSIZE 1
| /* end confdefs.h.  */
| #include <stdio.h>
| #ifdef HAVE_SYS_TYPES_H
| # include <sys/types.h>
| #endif
| #ifdef HAVE_SYS_STAT_H
| # include <sys/stat.h>
| #endif
| #ifdef STDC_HEADERS
| # include <stdlib.h>
| # include <stddef.h>
| #else
| # ifdef HAVE_STDLIB_H
| #  include <stdlib.h>
| # endif
| #endif
| #ifdef HAVE_STRING_H
| # if !defined STDC_HEADERS && defined HAVE_MEMORY_H
| #  include <memory.h>
| # endif
| # include <string.h>
| #endif
| #ifdef HAVE_STRINGS_H
| # include <strings.h>
| #endif
| #ifdef HAVE_INTTYPES_H
| # include <inttypes.h>
| #endif
| #ifdef HAVE_STDINT_H
| # include <stdint.h>
| #endif
| #ifdef HAVE_UNISTD_H
| # include <unistd.h>
| #endif
| int
| main ()
| {
| static struct stat ac_aggr;
| if (ac_aggr.st_flags)
| return 0;
|   ;
|   return 0;
| }
configure:13672: gcc -c -I/data/data/com.termux/files/usr/include  conftest.c >&5
conftest.c:350:20: error: no member named 'st_flags' in 'struct stat'
  350 | if (sizeof ac_aggr.st_flags)
      |            ~~~~~~~ ^
1 error generated.
configure:13672: $? = 1
configure: failed program was:
| /* confdefs.h */
| #define _GNU_SOURCE 1
| #define _NETBSD_SOURCE 1
| #define __BSD_VISIBLE 1
| #define _DARWIN_C_SOURCE 1
| #define _PYTHONFRAMEWORK ""
| #define _XOPEN_SOURCE 700
| #define _XOPEN_SOURCE_EXTENDED 1
| #define _POSIX_C_SOURCE 200809L
| #define STDC_HEADERS 1
| #define HAVE_SYS_TYPES_H 1
| #define HAVE_SYS_STAT_H 1
| #define HAVE_STDLIB_H 1
| #define HAVE_STRING_H 1
| #define HAVE_MEMORY_H 1
| #define HAVE_STRINGS_H 1
| #define HAVE_INTTYPES_H 1
| #define HAVE_STDINT_H 1
| #define HAVE_UNISTD_H 1
| #define __EXTENSIONS__ 1
| #define _ALL_SOURCE 1
| #define _GNU_SOURCE 1
| #define _POSIX_PTHREAD_SEMANTICS 1
| #define _TANDEM_SOURCE 1
| #define ANDROID_API_LEVEL 24
| #define STDC_HEADERS 1
| #define HAVE_ASM_TYPES_H 1
| #define HAVE_CRYPT_H 1
| #define HAVE_DLFCN_H 1
| #define HAVE_ERRNO_H 1
| #define HAVE_FCNTL_H 1
| #define HAVE_GRP_H 1
| #define HAVE_LANGINFO_H 1
| #define HAVE_LIBINTL_H 1
| #define HAVE_PTHREAD_H 1
| #define HAVE_SCHED_H 1
| #define HAVE_SIGNAL_H 1
| #define HAVE_TERMIOS_H 1
| #define HAVE_UTIME_H 1
| #define HAVE_POLL_H 1
| #define HAVE_SYS_EPOLL_H 1
| #define HAVE_SYS_POLL_H 1
| #define HAVE_SYS_XATTR_H 1
| #define HAVE_SYS_FILE_H 1
| #define HAVE_SYS_IOCTL_H 1
| #define HAVE_SYS_PARAM_H 1
| #define HAVE_SYS_RANDOM_H 1
| #define HAVE_SYS_SELECT_H 1
| #define HAVE_SYS_SENDFILE_H 1
| #define HAVE_SYS_SOCKET_H 1
| #define HAVE_SYS_STATVFS_H 1
| #define HAVE_SYS_STAT_H 1
| #define HAVE_SYS_SYSCALL_H 1
| #define HAVE_SYS_TIME_H 1
| #define HAVE_SYS_TIMES_H 1
| #define HAVE_SYS_TYPES_H 1
| #define HAVE_SYS_UIO_H 1
| #define HAVE_SYS_UN_H 1
| #define HAVE_SYS_UTSNAME_H 1
| #define HAVE_SYS_WAIT_H 1
| #define HAVE_PTY_H 1
| #define HAVE_SYS_RESOURCE_H 1
| #define HAVE_NETPACKET_PACKET_H 1
| #define HAVE_SYSEXITS_H 1
| #define HAVE_LINUX_TIPC_H 1
| #define HAVE_LINUX_RANDOM_H 1
| #define HAVE_SPAWN_H 1
| #define HAVE_ALLOCA_H 1
| #define HAVE_ENDIAN_H 1
| #define HAVE_SYS_ENDIAN_H 1
| #define HAVE_SYS_SYSMACROS_H 1
| #define HAVE_LINUX_MEMFD_H 1
| #define HAVE_LINUX_WAIT_H 1
| #define HAVE_SYS_MMAN_H 1
| #define HAVE_DIRENT_H 1
| #define MAJOR_IN_SYSMACROS 1
| #define HAVE_NET_IF_H 1
| #define HAVE_LINUX_NETLINK_H 1
| #define HAVE_LINUX_QRTR_H 1
| #define HAVE_LINUX_VM_SOCKETS_H 1
| #define HAVE_LINUX_CAN_H 1
| #define HAVE_LINUX_CAN_BCM_H 1
| #define HAVE_LINUX_CAN_J1939_H 1
| #define HAVE_LINUX_CAN_RAW_H 1
| #define HAVE_MAKEDEV 1
| #define HAVE_HTOLE64 1
| #define _LARGEFILE_SOURCE 1
| #define _FILE_OFFSET_BITS 64
| #if defined(SCO_DS)
| #undef _OFF_T
| #endif
| #define RETSIGTYPE void
| #define HAVE_SSIZE_T 1
| #define HAVE_GCC_UINT128_T 1
| #define SIZEOF_INT 4
| #define SIZEOF_LONG 8
| #define SIZEOF_LONG_LONG 8
| #define SIZEOF_VOID_P 8
| #define SIZEOF_SHORT 2
| #define SIZEOF_FLOAT 4
| #define SIZEOF_DOUBLE 8
| #define SIZEOF_FPOS_T 8
| #define SIZEOF_SIZE_T 8
| #define SIZEOF_PID_T 4
| #define SIZEOF_UINTPTR_T 8
| #define HAVE_LONG_DOUBLE 1
| #define SIZEOF_LONG_DOUBLE 16
| #define SIZEOF__BOOL 1
| #define SIZEOF_OFF_T 8
| #define SIZEOF_TIME_T 8
| #define SIZEOF_PTHREAD_T 8
| #define SIZEOF_PTHREAD_KEY_T 4
| #define PTHREAD_KEY_T_IS_COMPATIBLE_WITH_INT 1
| #define HAVE_LIBDL 1
| #define HAVE_UUID_UUID_H 1
| #define HAVE_UUID_GENERATE_TIME_SAFE 1
| #define WITH_DECIMAL_CONTEXTVAR 1
| #define _REENTRANT 1
| #define HAVE_PTHREAD_SIGMASK 1
| #define HAVE_PTHREAD_GETCPUCLOCKID 1
| #define ENABLE_IPV6 1
| #define HAVE_LINUX_CAN_RAW_FD_FRAMES 1
| #define HAVE_LINUX_CAN_RAW_JOIN_FILTERS 1
| #define WITH_DOC_STRINGS 1
| #define WITH_PYMALLOC 1
| #define PY_COERCE_C_LOCALE 1
| #define HAVE_DLOPEN 1
| #define HAVE_DYNAMIC_LOADING 1
| #define HAVE_ALARM 1
| #define HAVE_ACCEPT4 1
| #define HAVE_SETITIMER 1
| #define HAVE_GETITIMER 1
| #define HAVE_CHOWN 1
| #define HAVE_CLOCK 1
| #define HAVE_CTERMID 1
| #define HAVE_DUP3 1
| #define HAVE_EXECV 1
| #define HAVE_FACCESSAT 1
| #define HAVE_FCHMOD 1
| #define HAVE_FCHMODAT 1
| #define HAVE_FCHOWN 1
| #define HAVE_FCHOWNAT 1
| #define HAVE_FEXECVE 1
| #define HAVE_FDOPENDIR 1
| #define HAVE_FORK 1
| #define HAVE_FPATHCONF 1
| #define HAVE_FSTATAT 1
| #define HAVE_FTRUNCATE 1
| #define HAVE_FUTIMESAT 1
| #define HAVE_FUTIMENS 1
| #define HAVE_FUTIMES 1
| #define HAVE_GAI_STRERROR 1
| #define HAVE_GETENTROPY 1
| #define HAVE_GETGRGID_R 1
| #define HAVE_GETGRNAM_R 1
| #define HAVE_GETGROUPLIST 1
| #define HAVE_GETGROUPS 1
| #define HAVE_GETLOGIN 1
| #define HAVE_GETLOADAVG 1
| #define HAVE_GETPEERNAME 1
| #define HAVE_GETPGID 1
| #define HAVE_GETPID 1
| #define HAVE_GETPRIORITY 1
| #define HAVE_GETRESUID 1
| #define HAVE_GETRESGID 1
| #define HAVE_GETPWENT 1
| #define HAVE_GETPWNAM_R 1
| #define HAVE_GETPWUID_R 1
| #define HAVE_GETSID 1
| #define HAVE_IF_NAMEINDEX 1
| #define HAVE_INITGROUPS 1
| #define HAVE_KILL 1
| #define HAVE_KILLPG 1
| #define HAVE_LCHOWN 1
| #define HAVE_LOCKF 1
| #define HAVE_LINKAT 1
| #define HAVE_LSTAT 1
| #define HAVE_LUTIMES 1
| #define HAVE_MMAP 1
| #define HAVE_MEMRCHR 1
| #define HAVE_MBRTOWC 1
| #define HAVE_MKDIRAT 1
| #define HAVE_MKFIFO 1
| #define HAVE_MADVISE 1
| #define HAVE_MKFIFOAT 1
| #define HAVE_MKNOD 1
| #define HAVE_MKNODAT 1
| #define HAVE_MKTIME 1
| #define HAVE_MREMAP 1
| #define HAVE_NICE 1
| #define HAVE_OPENAT 1
| #define HAVE_PATHCONF 1
| #define HAVE_PAUSE 1
| #define HAVE_PIPE2 1
| #define HAVE_POLL 1
| #define HAVE_POSIX_FALLOCATE 1
| #define HAVE_POSIX_FADVISE 1
| #define HAVE_POSIX_SPAWN 1
| #define HAVE_POSIX_SPAWNP 1
| #define HAVE_PREAD 1
| #define HAVE_PREADV 1
| #define HAVE_PREADV2 1
| #define HAVE_PTHREAD_CONDATTR_SETCLOCK 1
| #define HAVE_PTHREAD_KILL 1
| #define HAVE_PWRITE 1
| #define HAVE_PWRITEV 1
| #define HAVE_PWRITEV2 1
| #define HAVE_READLINK 1
| #define HAVE_READLINKAT 1
| #define HAVE_READV 1
| #define HAVE_REALPATH 1
| #define HAVE_RENAMEAT 1
| #define HAVE_SEM_OPEN 1
| #define HAVE_SEM_TIMEDWAIT 1
| #define HAVE_SEM_GETVALUE 1
| #define HAVE_SEM_UNLINK 1
| #define HAVE_SENDFILE 1
| #define HAVE_SETEGID 1
| #define HAVE_SETEUID 1
| #define HAVE_SETGID 1
| #define HAVE_SETHOSTNAME 1
| #define HAVE_SETLOCALE 1
| #define HAVE_SETREGID 1
| #define HAVE_SETREUID 1
| #define HAVE_SETRESUID 1
| #define HAVE_SETRESGID 1
| #define HAVE_SETSID 1
| #define HAVE_SETPGID 1
| #define HAVE_SETPGRP 1
| #define HAVE_SETPRIORITY 1
| #define HAVE_SETUID 1
| #define HAVE_SETVBUF 1
| #define HAVE_SCHED_GET_PRIORITY_MAX 1
| #define HAVE_SCHED_SETAFFINITY 1
| #define HAVE_SCHED_SETSCHEDULER 1
| #define HAVE_SCHED_SETPARAM 1
| #define HAVE_SCHED_RR_GET_INTERVAL 1
| #define HAVE_SIGACTION 1
| #define HAVE_SIGALTSTACK 1
| #define HAVE_SIGFILLSET 1
| #define HAVE_SIGINTERRUPT 1
| #define HAVE_SIGPENDING 1
| #define HAVE_SIGRELSE 1
| #define HAVE_SIGTIMEDWAIT 1
| #define HAVE_SIGWAIT 1
| #define HAVE_SIGWAITINFO 1
| #define HAVE_SNPRINTF 1
| #define HAVE_STRFTIME 1
| #define HAVE_STRLCPY 1
| #define HAVE_STRSIGNAL 1
| #define HAVE_SYMLINKAT 1
| #define HAVE_SYNC 1
| #define HAVE_SYSCONF 1
| #define HAVE_TCGETPGRP 1
| #define HAVE_TCSETPGRP 1
| #define HAVE_TEMPNAM 1
| #define HAVE_TIMEGM 1
| #define HAVE_TIMES 1
| #define HAVE_TMPFILE 1
| #define HAVE_TMPNAM 1
| #define HAVE_TRUNCATE 1
| #define HAVE_UNAME 1
| #define HAVE_UNLINKAT 1
| #define HAVE_UTIMENSAT 1
| #define HAVE_UTIMES 1
| #define HAVE_WAITID 1
| #define HAVE_WAITPID 1
| #define HAVE_WAIT4 1
| #define HAVE_WCSCOLL 1
| #define HAVE_WCSFTIME 1
| #define HAVE_WCSXFRM 1
| #define HAVE_WMEMCMP 1
| #define HAVE_WRITEV 1
| #define HAVE_DIRFD 1
| #define HAVE_CHROOT 1
| #define HAVE_LINK 1
| #define HAVE_SYMLINK 1
| #define HAVE_FCHDIR 1
| #define HAVE_FSYNC 1
| #define HAVE_FDATASYNC 1
| #define HAVE_EPOLL 1
| #define HAVE_EPOLL_CREATE1 1
| #define HAVE_PRLIMIT 1
| #define HAVE_FLOCK 1
| #define HAVE_GETPAGESIZE 1
| #define HAVE_ZLIB_COPY 1
| #define HAVE_HSTRERROR 1
| #define HAVE_INET_ATON 1
| #define HAVE_INET_PTON 1
| #define HAVE_SETGROUPS 1
| #define HAVE_OPENPTY 1
| #define HAVE_FORKPTY 1
| #define HAVE_FSEEKO 1
| #define HAVE_FSTATVFS 1
| #define HAVE_FTELLO 1
| #define HAVE_STATVFS 1
| #define HAVE_DUP2 1
| #define HAVE_STRDUP 1
| #define HAVE_GETPGRP 1
| #define HAVE_SETPGRP 1
| #define HAVE_CLOCK_GETTIME 1
| #define HAVE_CLOCK_GETRES 1
| #define HAVE_CLOCK_SETTIME 1
| #define HAVE_DEVICE_MACROS 1
| #define HAVE_GETADDRINFO 1
| #define HAVE_GETNAMEINFO 1
| #define TIME_WITH_SYS_TIME 1
| #define HAVE_STRUCT_TM_TM_ZONE 1
| #define HAVE_TM_ZONE 1
| #define HAVE_STRUCT_STAT_ST_RDEV 1
| #define HAVE_STRUCT_STAT_ST_BLKSIZE 1
| /* end confdefs.h.  */
| #include <stdio.h>
| #ifdef HAVE_SYS_TYPES_H
| # include <sys/types.h>
| #endif
| #ifdef HAVE_SYS_STAT_H
| # include <sys/stat.h>
| #endif
| #ifdef STDC_HEADERS
| # include <stdlib.h>
| # include <stddef.h>
| #else
| # ifdef HAVE_STDLIB_H
| #  include <stdlib.h>
| # endif
| #endif
| #ifdef HAVE_STRING_H
| # if !defined STDC_HEADERS && defined HAVE_MEMORY_H
| #  include <memory.h>
| # endif
| # include <string.h>
| #endif
| #ifdef HAVE_STRINGS_H
| # include <strings.h>
| #endif
| #ifdef HAVE_INTTYPES_H
| # include <inttypes.h>
| #endif
| #ifdef HAVE_STDINT_H
| # include <stdint.h>
| #endif
| #ifdef HAVE_UNISTD_H
| # include <unistd.h>
| #endif
| int
| main ()
| {
| static struct stat ac_aggr;
| if (sizeof ac_aggr.st_flags)
| return 0;
|   ;
|   return 0;
| }
configure:13672: result: no
configure:13682: checking for struct stat.st_gen
configure:13682: gcc -c -I/data/data/com.termux/files/usr/include  conftest.c >&5
conftest.c:350:13: error: no member named 'st_gen' in 'struct stat'
  350 | if (ac_aggr.st_gen)
      |     ~~~~~~~ ^
1 error generated.
configure:13682: $? = 1
configure: failed program was:
| /* confdefs.h */
| #define _GNU_SOURCE 1
| #define _NETBSD_SOURCE 1
| #define __BSD_VISIBLE 1
| #define _DARWIN_C_SOURCE 1
| #define _PYTHONFRAMEWORK ""
| #define _XOPEN_SOURCE 700
| #define _XOPEN_SOURCE_EXTENDED 1
| #define _POSIX_C_SOURCE 200809L
| #define STDC_HEADERS 1
| #define HAVE_SYS_TYPES_H 1
| #define HAVE_SYS_STAT_H 1
| #define HAVE_STDLIB_H 1
| #define HAVE_STRING_H 1
| #define HAVE_MEMORY_H 1
| #define HAVE_STRINGS_H 1
| #define HAVE_INTTYPES_H 1
| #define HAVE_STDINT_H 1
| #define HAVE_UNISTD_H 1
| #define __EXTENSIONS__ 1
| #define _ALL_SOURCE 1
| #define _GNU_SOURCE 1
| #define _POSIX_PTHREAD_SEMANTICS 1
| #define _TANDEM_SOURCE 1
| #define ANDROID_API_LEVEL 24
| #define STDC_HEADERS 1
| #define HAVE_ASM_TYPES_H 1
| #define HAVE_CRYPT_H 1
| #define HAVE_DLFCN_H 1
| #define HAVE_ERRNO_H 1
| #define HAVE_FCNTL_H 1
| #define HAVE_GRP_H 1
| #define HAVE_LANGINFO_H 1
| #define HAVE_LIBINTL_H 1
| #define HAVE_PTHREAD_H 1
| #define HAVE_SCHED_H 1
| #define HAVE_SIGNAL_H 1
| #define HAVE_TERMIOS_H 1
| #define HAVE_UTIME_H 1
| #define HAVE_POLL_H 1
| #define HAVE_SYS_EPOLL_H 1
| #define HAVE_SYS_POLL_H 1
| #define HAVE_SYS_XATTR_H 1
| #define HAVE_SYS_FILE_H 1
| #define HAVE_SYS_IOCTL_H 1
| #define HAVE_SYS_PARAM_H 1
| #define HAVE_SYS_RANDOM_H 1
| #define HAVE_SYS_SELECT_H 1
| #define HAVE_SYS_SENDFILE_H 1
| #define HAVE_SYS_SOCKET_H 1
| #define HAVE_SYS_STATVFS_H 1
| #define HAVE_SYS_STAT_H 1
| #define HAVE_SYS_SYSCALL_H 1
| #define HAVE_SYS_TIME_H 1
| #define HAVE_SYS_TIMES_H 1
| #define HAVE_SYS_TYPES_H 1
| #define HAVE_SYS_UIO_H 1
| #define HAVE_SYS_UN_H 1
| #define HAVE_SYS_UTSNAME_H 1
| #define HAVE_SYS_WAIT_H 1
| #define HAVE_PTY_H 1
| #define HAVE_SYS_RESOURCE_H 1
| #define HAVE_NETPACKET_PACKET_H 1
| #define HAVE_SYSEXITS_H 1
| #define HAVE_LINUX_TIPC_H 1
| #define HAVE_LINUX_RANDOM_H 1
| #define HAVE_SPAWN_H 1
| #define HAVE_ALLOCA_H 1
| #define HAVE_ENDIAN_H 1
| #define HAVE_SYS_ENDIAN_H 1
| #define HAVE_SYS_SYSMACROS_H 1
| #define HAVE_LINUX_MEMFD_H 1
| #define HAVE_LINUX_WAIT_H 1
| #define HAVE_SYS_MMAN_H 1
| #define HAVE_DIRENT_H 1
| #define MAJOR_IN_SYSMACROS 1
| #define HAVE_NET_IF_H 1
| #define HAVE_LINUX_NETLINK_H 1
| #define HAVE_LINUX_QRTR_H 1
| #define HAVE_LINUX_VM_SOCKETS_H 1
| #define HAVE_LINUX_CAN_H 1
| #define HAVE_LINUX_CAN_BCM_H 1
| #define HAVE_LINUX_CAN_J1939_H 1
| #define HAVE_LINUX_CAN_RAW_H 1
| #define HAVE_MAKEDEV 1
| #define HAVE_HTOLE64 1
| #define _LARGEFILE_SOURCE 1
| #define _FILE_OFFSET_BITS 64
| #if defined(SCO_DS)
| #undef _OFF_T
| #endif
| #define RETSIGTYPE void
| #define HAVE_SSIZE_T 1
| #define HAVE_GCC_UINT128_T 1
| #define SIZEOF_INT 4
| #define SIZEOF_LONG 8
| #define SIZEOF_LONG_LONG 8
| #define SIZEOF_VOID_P 8
| #define SIZEOF_SHORT 2
| #define SIZEOF_FLOAT 4
| #define SIZEOF_DOUBLE 8
| #define SIZEOF_FPOS_T 8
| #define SIZEOF_SIZE_T 8
| #define SIZEOF_PID_T 4
| #define SIZEOF_UINTPTR_T 8
| #define HAVE_LONG_DOUBLE 1
| #define SIZEOF_LONG_DOUBLE 16
| #define SIZEOF__BOOL 1
| #define SIZEOF_OFF_T 8
| #define SIZEOF_TIME_T 8
| #define SIZEOF_PTHREAD_T 8
| #define SIZEOF_PTHREAD_KEY_T 4
| #define PTHREAD_KEY_T_IS_COMPATIBLE_WITH_INT 1
| #define HAVE_LIBDL 1
| #define HAVE_UUID_UUID_H 1
| #define HAVE_UUID_GENERATE_TIME_SAFE 1
| #define WITH_DECIMAL_CONTEXTVAR 1
| #define _REENTRANT 1
| #define HAVE_PTHREAD_SIGMASK 1
| #define HAVE_PTHREAD_GETCPUCLOCKID 1
| #define ENABLE_IPV6 1
| #define HAVE_LINUX_CAN_RAW_FD_FRAMES 1
| #define HAVE_LINUX_CAN_RAW_JOIN_FILTERS 1
| #define WITH_DOC_STRINGS 1
| #define WITH_PYMALLOC 1
| #define PY_COERCE_C_LOCALE 1
| #define HAVE_DLOPEN 1
| #define HAVE_DYNAMIC_LOADING 1
| #define HAVE_ALARM 1
| #define HAVE_ACCEPT4 1
| #define HAVE_SETITIMER 1
| #define HAVE_GETITIMER 1
| #define HAVE_CHOWN 1
| #define HAVE_CLOCK 1
| #define HAVE_CTERMID 1
| #define HAVE_DUP3 1
| #define HAVE_EXECV 1
| #define HAVE_FACCESSAT 1
| #define HAVE_FCHMOD 1
| #define HAVE_FCHMODAT 1
| #define HAVE_FCHOWN 1
| #define HAVE_FCHOWNAT 1
| #define HAVE_FEXECVE 1
| #define HAVE_FDOPENDIR 1
| #define HAVE_FORK 1
| #define HAVE_FPATHCONF 1
| #define HAVE_FSTATAT 1
| #define HAVE_FTRUNCATE 1
| #define HAVE_FUTIMESAT 1
| #define HAVE_FUTIMENS 1
| #define HAVE_FUTIMES 1
| #define HAVE_GAI_STRERROR 1
| #define HAVE_GETENTROPY 1
| #define HAVE_GETGRGID_R 1
| #define HAVE_GETGRNAM_R 1
| #define HAVE_GETGROUPLIST 1
| #define HAVE_GETGROUPS 1
| #define HAVE_GETLOGIN 1
| #define HAVE_GETLOADAVG 1
| #define HAVE_GETPEERNAME 1
| #define HAVE_GETPGID 1
| #define HAVE_GETPID 1
| #define HAVE_GETPRIORITY 1
| #define HAVE_GETRESUID 1
| #define HAVE_GETRESGID 1
| #define HAVE_GETPWENT 1
| #define HAVE_GETPWNAM_R 1
| #define HAVE_GETPWUID_R 1
| #define HAVE_GETSID 1
| #define HAVE_IF_NAMEINDEX 1
| #define HAVE_INITGROUPS 1
| #define HAVE_KILL 1
| #define HAVE_KILLPG 1
| #define HAVE_LCHOWN 1
| #define HAVE_LOCKF 1
| #define HAVE_LINKAT 1
| #define HAVE_LSTAT 1
| #define HAVE_LUTIMES 1
| #define HAVE_MMAP 1
| #define HAVE_MEMRCHR 1
| #define HAVE_MBRTOWC 1
| #define HAVE_MKDIRAT 1
| #define HAVE_MKFIFO 1
| #define HAVE_MADVISE 1
| #define HAVE_MKFIFOAT 1
| #define HAVE_MKNOD 1
| #define HAVE_MKNODAT 1
| #define HAVE_MKTIME 1
| #define HAVE_MREMAP 1
| #define HAVE_NICE 1
| #define HAVE_OPENAT 1
| #define HAVE_PATHCONF 1
| #define HAVE_PAUSE 1
| #define HAVE_PIPE2 1
| #define HAVE_POLL 1
| #define HAVE_POSIX_FALLOCATE 1
| #define HAVE_POSIX_FADVISE 1
| #define HAVE_POSIX_SPAWN 1
| #define HAVE_POSIX_SPAWNP 1
| #define HAVE_PREAD 1
| #define HAVE_PREADV 1
| #define HAVE_PREADV2 1
| #define HAVE_PTHREAD_CONDATTR_SETCLOCK 1
| #define HAVE_PTHREAD_KILL 1
| #define HAVE_PWRITE 1
| #define HAVE_PWRITEV 1
| #define HAVE_PWRITEV2 1
| #define HAVE_READLINK 1
| #define HAVE_READLINKAT 1
| #define HAVE_READV 1
| #define HAVE_REALPATH 1
| #define HAVE_RENAMEAT 1
| #define HAVE_SEM_OPEN 1
| #define HAVE_SEM_TIMEDWAIT 1
| #define HAVE_SEM_GETVALUE 1
| #define HAVE_SEM_UNLINK 1
| #define HAVE_SENDFILE 1
| #define HAVE_SETEGID 1
| #define HAVE_SETEUID 1
| #define HAVE_SETGID 1
| #define HAVE_SETHOSTNAME 1
| #define HAVE_SETLOCALE 1
| #define HAVE_SETREGID 1
| #define HAVE_SETREUID 1
| #define HAVE_SETRESUID 1
| #define HAVE_SETRESGID 1
| #define HAVE_SETSID 1
| #define HAVE_SETPGID 1
| #define HAVE_SETPGRP 1
| #define HAVE_SETPRIORITY 1
| #define HAVE_SETUID 1
| #define HAVE_SETVBUF 1
| #define HAVE_SCHED_GET_PRIORITY_MAX 1
| #define HAVE_SCHED_SETAFFINITY 1
| #define HAVE_SCHED_SETSCHEDULER 1
| #define HAVE_SCHED_SETPARAM 1
| #define HAVE_SCHED_RR_GET_INTERVAL 1
| #define HAVE_SIGACTION 1
| #define HAVE_SIGALTSTACK 1
| #define HAVE_SIGFILLSET 1
| #define HAVE_SIGINTERRUPT 1
| #define HAVE_SIGPENDING 1
| #define HAVE_SIGRELSE 1
| #define HAVE_SIGTIMEDWAIT 1
| #define HAVE_SIGWAIT 1
| #define HAVE_SIGWAITINFO 1
| #define HAVE_SNPRINTF 1
| #define HAVE_STRFTIME 1
| #define HAVE_STRLCPY 1
| #define HAVE_STRSIGNAL 1
| #define HAVE_SYMLINKAT 1
| #define HAVE_SYNC 1
| #define HAVE_SYSCONF 1
| #define HAVE_TCGETPGRP 1
| #define HAVE_TCSETPGRP 1
| #define HAVE_TEMPNAM 1
| #define HAVE_TIMEGM 1
| #define HAVE_TIMES 1
| #define HAVE_TMPFILE 1
| #define HAVE_TMPNAM 1
| #define HAVE_TRUNCATE 1
| #define HAVE_UNAME 1
| #define HAVE_UNLINKAT 1
| #define HAVE_UTIMENSAT 1
| #define HAVE_UTIMES 1
| #define HAVE_WAITID 1
| #define HAVE_WAITPID 1
| #define HAVE_WAIT4 1
| #define HAVE_WCSCOLL 1
| #define HAVE_WCSFTIME 1
| #define HAVE_WCSXFRM 1
| #define HAVE_WMEMCMP 1
| #define HAVE_WRITEV 1
| #define HAVE_DIRFD 1
| #define HAVE_CHROOT 1
| #define HAVE_LINK 1
| #define HAVE_SYMLINK 1
| #define HAVE_FCHDIR 1
| #define HAVE_FSYNC 1
| #define HAVE_FDATASYNC 1
| #define HAVE_EPOLL 1
| #define HAVE_EPOLL_CREATE1 1
| #define HAVE_PRLIMIT 1
| #define HAVE_FLOCK 1
| #define HAVE_GETPAGESIZE 1
| #define HAVE_ZLIB_COPY 1
| #define HAVE_HSTRERROR 1
| #define HAVE_INET_ATON 1
| #define HAVE_INET_PTON 1
| #define HAVE_SETGROUPS 1
| #define HAVE_OPENPTY 1
| #define HAVE_FORKPTY 1
| #define HAVE_FSEEKO 1
| #define HAVE_FSTATVFS 1
| #define HAVE_FTELLO 1
| #define HAVE_STATVFS 1
| #define HAVE_DUP2 1
| #define HAVE_STRDUP 1
| #define HAVE_GETPGRP 1
| #define HAVE_SETPGRP 1
| #define HAVE_CLOCK_GETTIME 1
| #define HAVE_CLOCK_GETRES 1
| #define HAVE_CLOCK_SETTIME 1
| #define HAVE_DEVICE_MACROS 1
| #define HAVE_GETADDRINFO 1
| #define HAVE_GETNAMEINFO 1
| #define TIME_WITH_SYS_TIME 1
| #define HAVE_STRUCT_TM_TM_ZONE 1
| #define HAVE_TM_ZONE 1
| #define HAVE_STRUCT_STAT_ST_RDEV 1
| #define HAVE_STRUCT_STAT_ST_BLKSIZE 1
| /* end confdefs.h.  */
| #include <stdio.h>
| #ifdef HAVE_SYS_TYPES_H
| # include <sys/types.h>
| #endif
| #ifdef HAVE_SYS_STAT_H
| # include <sys/stat.h>
| #endif
| #ifdef STDC_HEADERS
| # include <stdlib.h>
| # include <stddef.h>
| #else
| # ifdef HAVE_STDLIB_H
| #  include <stdlib.h>
| # endif
| #endif
| #ifdef HAVE_STRING_H
| # if !defined STDC_HEADERS && defined HAVE_MEMORY_H
| #  include <memory.h>
| # endif
| # include <string.h>
| #endif
| #ifdef HAVE_STRINGS_H
| # include <strings.h>
| #endif
| #ifdef HAVE_INTTYPES_H
| # include <inttypes.h>
| #endif
| #ifdef HAVE_STDINT_H
| # include <stdint.h>
| #endif
| #ifdef HAVE_UNISTD_H
| # include <unistd.h>
| #endif
| int
| main ()
| {
| static struct stat ac_aggr;
| if (ac_aggr.st_gen)
| return 0;
|   ;
|   return 0;
| }
configure:13682: gcc -c -I/data/data/com.termux/files/usr/include  conftest.c >&5
conftest.c:350:20: error: no member named 'st_gen' in 'struct stat'
  350 | if (sizeof ac_aggr.st_gen)
      |            ~~~~~~~ ^
1 error generated.
configure:13682: $? = 1
configure: failed program was:
| /* confdefs.h */
| #define _GNU_SOURCE 1
| #define _NETBSD_SOURCE 1
| #define __BSD_VISIBLE 1
| #define _DARWIN_C_SOURCE 1
| #define _PYTHONFRAMEWORK ""
| #define _XOPEN_SOURCE 700
| #define _XOPEN_SOURCE_EXTENDED 1
| #define _POSIX_C_SOURCE 200809L
| #define STDC_HEADERS 1
| #define HAVE_SYS_TYPES_H 1
| #define HAVE_SYS_STAT_H 1
| #define HAVE_STDLIB_H 1
| #define HAVE_STRING_H 1
| #define HAVE_MEMORY_H 1
| #define HAVE_STRINGS_H 1
| #define HAVE_INTTYPES_H 1
| #define HAVE_STDINT_H 1
| #define HAVE_UNISTD_H 1
| #define __EXTENSIONS__ 1
| #define _ALL_SOURCE 1
| #define _GNU_SOURCE 1
| #define _POSIX_PTHREAD_SEMANTICS 1
| #define _TANDEM_SOURCE 1
| #define ANDROID_API_LEVEL 24
| #define STDC_HEADERS 1
| #define HAVE_ASM_TYPES_H 1
| #define HAVE_CRYPT_H 1
| #define HAVE_DLFCN_H 1
| #define HAVE_ERRNO_H 1
| #define HAVE_FCNTL_H 1
| #define HAVE_GRP_H 1
| #define HAVE_LANGINFO_H 1
| #define HAVE_LIBINTL_H 1
| #define HAVE_PTHREAD_H 1
| #define HAVE_SCHED_H 1
| #define HAVE_SIGNAL_H 1
| #define HAVE_TERMIOS_H 1
| #define HAVE_UTIME_H 1
| #define HAVE_POLL_H 1
| #define HAVE_SYS_EPOLL_H 1
| #define HAVE_SYS_POLL_H 1
| #define HAVE_SYS_XATTR_H 1
| #define HAVE_SYS_FILE_H 1
| #define HAVE_SYS_IOCTL_H 1
| #define HAVE_SYS_PARAM_H 1
| #define HAVE_SYS_RANDOM_H 1
| #define HAVE_SYS_SELECT_H 1
| #define HAVE_SYS_SENDFILE_H 1
| #define HAVE_SYS_SOCKET_H 1
| #define HAVE_SYS_STATVFS_H 1
| #define HAVE_SYS_STAT_H 1
| #define HAVE_SYS_SYSCALL_H 1
| #define HAVE_SYS_TIME_H 1
| #define HAVE_SYS_TIMES_H 1
| #define HAVE_SYS_TYPES_H 1
| #define HAVE_SYS_UIO_H 1
| #define HAVE_SYS_UN_H 1
| #define HAVE_SYS_UTSNAME_H 1
| #define HAVE_SYS_WAIT_H 1
| #define HAVE_PTY_H 1
| #define HAVE_SYS_RESOURCE_H 1
| #define HAVE_NETPACKET_PACKET_H 1
| #define HAVE_SYSEXITS_H 1
| #define HAVE_LINUX_TIPC_H 1
| #define HAVE_LINUX_RANDOM_H 1
| #define HAVE_SPAWN_H 1
| #define HAVE_ALLOCA_H 1
| #define HAVE_ENDIAN_H 1
| #define HAVE_SYS_ENDIAN_H 1
| #define HAVE_SYS_SYSMACROS_H 1
| #define HAVE_LINUX_MEMFD_H 1
| #define HAVE_LINUX_WAIT_H 1
| #define HAVE_SYS_MMAN_H 1
| #define HAVE_DIRENT_H 1
| #define MAJOR_IN_SYSMACROS 1
| #define HAVE_NET_IF_H 1
| #define HAVE_LINUX_NETLINK_H 1
| #define HAVE_LINUX_QRTR_H 1
| #define HAVE_LINUX_VM_SOCKETS_H 1
| #define HAVE_LINUX_CAN_H 1
| #define HAVE_LINUX_CAN_BCM_H 1
| #define HAVE_LINUX_CAN_J1939_H 1
| #define HAVE_LINUX_CAN_RAW_H 1
| #define HAVE_MAKEDEV 1
| #define HAVE_HTOLE64 1
| #define _LARGEFILE_SOURCE 1
| #define _FILE_OFFSET_BITS 64
| #if defined(SCO_DS)
| #undef _OFF_T
| #endif
| #define RETSIGTYPE void
| #define HAVE_SSIZE_T 1
| #define HAVE_GCC_UINT128_T 1
| #define SIZEOF_INT 4
| #define SIZEOF_LONG 8
| #define SIZEOF_LONG_LONG 8
| #define SIZEOF_VOID_P 8
| #define SIZEOF_SHORT 2
| #define SIZEOF_FLOAT 4
| #define SIZEOF_DOUBLE 8
| #define SIZEOF_FPOS_T 8
| #define SIZEOF_SIZE_T 8
| #define SIZEOF_PID_T 4
| #define SIZEOF_UINTPTR_T 8
| #define HAVE_LONG_DOUBLE 1
| #define SIZEOF_LONG_DOUBLE 16
| #define SIZEOF__BOOL 1
| #define SIZEOF_OFF_T 8
| #define SIZEOF_TIME_T 8
| #define SIZEOF_PTHREAD_T 8
| #define SIZEOF_PTHREAD_KEY_T 4
| #define PTHREAD_KEY_T_IS_COMPATIBLE_WITH_INT 1
| #define HAVE_LIBDL 1
| #define HAVE_UUID_UUID_H 1
| #define HAVE_UUID_GENERATE_TIME_SAFE 1
| #define WITH_DECIMAL_CONTEXTVAR 1
| #define _REENTRANT 1
| #define HAVE_PTHREAD_SIGMASK 1
| #define HAVE_PTHREAD_GETCPUCLOCKID 1
| #define ENABLE_IPV6 1
| #define HAVE_LINUX_CAN_RAW_FD_FRAMES 1
| #define HAVE_LINUX_CAN_RAW_JOIN_FILTERS 1
| #define WITH_DOC_STRINGS 1
| #define WITH_PYMALLOC 1
| #define PY_COERCE_C_LOCALE 1
| #define HAVE_DLOPEN 1
| #define HAVE_DYNAMIC_LOADING 1
| #define HAVE_ALARM 1
| #define HAVE_ACCEPT4 1
| #define HAVE_SETITIMER 1
| #define HAVE_GETITIMER 1
| #define HAVE_CHOWN 1
| #define HAVE_CLOCK 1
| #define HAVE_CTERMID 1
| #define HAVE_DUP3 1
| #define HAVE_EXECV 1
| #define HAVE_FACCESSAT 1
| #define HAVE_FCHMOD 1
| #define HAVE_FCHMODAT 1
| #define HAVE_FCHOWN 1
| #define HAVE_FCHOWNAT 1
| #define HAVE_FEXECVE 1
| #define HAVE_FDOPENDIR 1
| #define HAVE_FORK 1
| #define HAVE_FPATHCONF 1
| #define HAVE_FSTATAT 1
| #define HAVE_FTRUNCATE 1
| #define HAVE_FUTIMESAT 1
| #define HAVE_FUTIMENS 1
| #define HAVE_FUTIMES 1
| #define HAVE_GAI_STRERROR 1
| #define HAVE_GETENTROPY 1
| #define HAVE_GETGRGID_R 1
| #define HAVE_GETGRNAM_R 1
| #define HAVE_GETGROUPLIST 1
| #define HAVE_GETGROUPS 1
| #define HAVE_GETLOGIN 1
| #define HAVE_GETLOADAVG 1
| #define HAVE_GETPEERNAME 1
| #define HAVE_GETPGID 1
| #define HAVE_GETPID 1
| #define HAVE_GETPRIORITY 1
| #define HAVE_GETRESUID 1
| #define HAVE_GETRESGID 1
| #define HAVE_GETPWENT 1
| #define HAVE_GETPWNAM_R 1
| #define HAVE_GETPWUID_R 1
| #define HAVE_GETSID 1
| #define HAVE_IF_NAMEINDEX 1
| #define HAVE_INITGROUPS 1
| #define HAVE_KILL 1
| #define HAVE_KILLPG 1
| #define HAVE_LCHOWN 1
| #define HAVE_LOCKF 1
| #define HAVE_LINKAT 1
| #define HAVE_LSTAT 1
| #define HAVE_LUTIMES 1
| #define HAVE_MMAP 1
| #define HAVE_MEMRCHR 1
| #define HAVE_MBRTOWC 1
| #define HAVE_MKDIRAT 1
| #define HAVE_MKFIFO 1
| #define HAVE_MADVISE 1
| #define HAVE_MKFIFOAT 1
| #define HAVE_MKNOD 1
| #define HAVE_MKNODAT 1
| #define HAVE_MKTIME 1
| #define HAVE_MREMAP 1
| #define HAVE_NICE 1
| #define HAVE_OPENAT 1
| #define HAVE_PATHCONF 1
| #define HAVE_PAUSE 1
| #define HAVE_PIPE2 1
| #define HAVE_POLL 1
| #define HAVE_POSIX_FALLOCATE 1
| #define HAVE_POSIX_FADVISE 1
| #define HAVE_POSIX_SPAWN 1
| #define HAVE_POSIX_SPAWNP 1
| #define HAVE_PREAD 1
| #define HAVE_PREADV 1
| #define HAVE_PREADV2 1
| #define HAVE_PTHREAD_CONDATTR_SETCLOCK 1
| #define HAVE_PTHREAD_KILL 1
| #define HAVE_PWRITE 1
| #define HAVE_PWRITEV 1
| #define HAVE_PWRITEV2 1
| #define HAVE_READLINK 1
| #define HAVE_READLINKAT 1
| #define HAVE_READV 1
| #define HAVE_REALPATH 1
| #define HAVE_RENAMEAT 1
| #define HAVE_SEM_OPEN 1
| #define HAVE_SEM_TIMEDWAIT 1
| #define HAVE_SEM_GETVALUE 1
| #define HAVE_SEM_UNLINK 1
| #define HAVE_SENDFILE 1
| #define HAVE_SETEGID 1
| #define HAVE_SETEUID 1
| #define HAVE_SETGID 1
| #define HAVE_SETHOSTNAME 1
| #define HAVE_SETLOCALE 1
| #define HAVE_SETREGID 1
| #define HAVE_SETREUID 1
| #define HAVE_SETRESUID 1
| #define HAVE_SETRESGID 1
| #define HAVE_SETSID 1
| #define HAVE_SETPGID 1
| #define HAVE_SETPGRP 1
| #define HAVE_SETPRIORITY 1
| #define HAVE_SETUID 1
| #define HAVE_SETVBUF 1
| #define HAVE_SCHED_GET_PRIORITY_MAX 1
| #define HAVE_SCHED_SETAFFINITY 1
| #define HAVE_SCHED_SETSCHEDULER 1
| #define HAVE_SCHED_SETPARAM 1
| #define HAVE_SCHED_RR_GET_INTERVAL 1
| #define HAVE_SIGACTION 1
| #define HAVE_SIGALTSTACK 1
| #define HAVE_SIGFILLSET 1
| #define HAVE_SIGINTERRUPT 1
| #define HAVE_SIGPENDING 1
| #define HAVE_SIGRELSE 1
| #define HAVE_SIGTIMEDWAIT 1
| #define HAVE_SIGWAIT 1
| #define HAVE_SIGWAITINFO 1
| #define HAVE_SNPRINTF 1
| #define HAVE_STRFTIME 1
| #define HAVE_STRLCPY 1
| #define HAVE_STRSIGNAL 1
| #define HAVE_SYMLINKAT 1
| #define HAVE_SYNC 1
| #define HAVE_SYSCONF 1
| #define HAVE_TCGETPGRP 1
| #define HAVE_TCSETPGRP 1
| #define HAVE_TEMPNAM 1
| #define HAVE_TIMEGM 1
| #define HAVE_TIMES 1
| #define HAVE_TMPFILE 1
| #define HAVE_TMPNAM 1
| #define HAVE_TRUNCATE 1
| #define HAVE_UNAME 1
| #define HAVE_UNLINKAT 1
| #define HAVE_UTIMENSAT 1
| #define HAVE_UTIMES 1
| #define HAVE_WAITID 1
| #define HAVE_WAITPID 1
| #define HAVE_WAIT4 1
| #define HAVE_WCSCOLL 1
| #define HAVE_WCSFTIME 1
| #define HAVE_WCSXFRM 1
| #define HAVE_WMEMCMP 1
| #define HAVE_WRITEV 1
| #define HAVE_DIRFD 1
| #define HAVE_CHROOT 1
| #define HAVE_LINK 1
| #define HAVE_SYMLINK 1
| #define HAVE_FCHDIR 1
| #define HAVE_FSYNC 1
| #define HAVE_FDATASYNC 1
| #define HAVE_EPOLL 1
| #define HAVE_EPOLL_CREATE1 1
| #define HAVE_PRLIMIT 1
| #define HAVE_FLOCK 1
| #define HAVE_GETPAGESIZE 1
| #define HAVE_ZLIB_COPY 1
| #define HAVE_HSTRERROR 1
| #define HAVE_INET_ATON 1
| #define HAVE_INET_PTON 1
| #define HAVE_SETGROUPS 1
| #define HAVE_OPENPTY 1
| #define HAVE_FORKPTY 1
| #define HAVE_FSEEKO 1
| #define HAVE_FSTATVFS 1
| #define HAVE_FTELLO 1
| #define HAVE_STATVFS 1
| #define HAVE_DUP2 1
| #define HAVE_STRDUP 1
| #define HAVE_GETPGRP 1
| #define HAVE_SETPGRP 1
| #define HAVE_CLOCK_GETTIME 1
| #define HAVE_CLOCK_GETRES 1
| #define HAVE_CLOCK_SETTIME 1
| #define HAVE_DEVICE_MACROS 1
| #define HAVE_GETADDRINFO 1
| #define HAVE_GETNAMEINFO 1
| #define TIME_WITH_SYS_TIME 1
| #define HAVE_STRUCT_TM_TM_ZONE 1
| #define HAVE_TM_ZONE 1
| #define HAVE_STRUCT_STAT_ST_RDEV 1
| #define HAVE_STRUCT_STAT_ST_BLKSIZE 1
| /* end confdefs.h.  */
| #include <stdio.h>
| #ifdef HAVE_SYS_TYPES_H
| # include <sys/types.h>
| #endif
| #ifdef HAVE_SYS_STAT_H
| # include <sys/stat.h>
| #endif
| #ifdef STDC_HEADERS
| # include <stdlib.h>
| # include <stddef.h>
| #else
| # ifdef HAVE_STDLIB_H
| #  include <stdlib.h>
| # endif
| #endif
| #ifdef HAVE_STRING_H
| # if !defined STDC_HEADERS && defined HAVE_MEMORY_H
| #  include <memory.h>
| # endif
| # include <string.h>
| #endif
| #ifdef HAVE_STRINGS_H
| # include <strings.h>
| #endif
| #ifdef HAVE_INTTYPES_H
| # include <inttypes.h>
| #endif
| #ifdef HAVE_STDINT_H
| # include <stdint.h>
| #endif
| #ifdef HAVE_UNISTD_H
| # include <unistd.h>
| #endif
| int
| main ()
| {
| static struct stat ac_aggr;
| if (sizeof ac_aggr.st_gen)
| return 0;
|   ;
|   return 0;
| }
configure:13682: result: no
configure:13692: checking for struct stat.st_birthtime
configure:13692: gcc -c -I/data/data/com.termux/files/usr/include  conftest.c >&5
conftest.c:350:13: error: no member named 'st_birthtime' in 'struct stat'
  350 | if (ac_aggr.st_birthtime)
      |     ~~~~~~~ ^
1 error generated.
configure:13692: $? = 1
configure: failed program was:
| /* confdefs.h */
| #define _GNU_SOURCE 1
| #define _NETBSD_SOURCE 1
| #define __BSD_VISIBLE 1
| #define _DARWIN_C_SOURCE 1
| #define _PYTHONFRAMEWORK ""
| #define _XOPEN_SOURCE 700
| #define _XOPEN_SOURCE_EXTENDED 1
| #define _POSIX_C_SOURCE 200809L
| #define STDC_HEADERS 1
| #define HAVE_SYS_TYPES_H 1
| #define HAVE_SYS_STAT_H 1
| #define HAVE_STDLIB_H 1
| #define HAVE_STRING_H 1
| #define HAVE_MEMORY_H 1
| #define HAVE_STRINGS_H 1
| #define HAVE_INTTYPES_H 1
| #define HAVE_STDINT_H 1
| #define HAVE_UNISTD_H 1
| #define __EXTENSIONS__ 1
| #define _ALL_SOURCE 1
| #define _GNU_SOURCE 1
| #define _POSIX_PTHREAD_SEMANTICS 1
| #define _TANDEM_SOURCE 1
| #define ANDROID_API_LEVEL 24
| #define STDC_HEADERS 1
| #define HAVE_ASM_TYPES_H 1
| #define HAVE_CRYPT_H 1
| #define HAVE_DLFCN_H 1
| #define HAVE_ERRNO_H 1
| #define HAVE_FCNTL_H 1
| #define HAVE_GRP_H 1
| #define HAVE_LANGINFO_H 1
| #define HAVE_LIBINTL_H 1
| #define HAVE_PTHREAD_H 1
| #define HAVE_SCHED_H 1
| #define HAVE_SIGNAL_H 1
| #define HAVE_TERMIOS_H 1
| #define HAVE_UTIME_H 1
| #define HAVE_POLL_H 1
| #define HAVE_SYS_EPOLL_H 1
| #define HAVE_SYS_POLL_H 1
| #define HAVE_SYS_XATTR_H 1
| #define HAVE_SYS_FILE_H 1
| #define HAVE_SYS_IOCTL_H 1
| #define HAVE_SYS_PARAM_H 1
| #define HAVE_SYS_RANDOM_H 1
| #define HAVE_SYS_SELECT_H 1
| #define HAVE_SYS_SENDFILE_H 1
| #define HAVE_SYS_SOCKET_H 1
| #define HAVE_SYS_STATVFS_H 1
| #define HAVE_SYS_STAT_H 1
| #define HAVE_SYS_SYSCALL_H 1
| #define HAVE_SYS_TIME_H 1
| #define HAVE_SYS_TIMES_H 1
| #define HAVE_SYS_TYPES_H 1
| #define HAVE_SYS_UIO_H 1
| #define HAVE_SYS_UN_H 1
| #define HAVE_SYS_UTSNAME_H 1
| #define HAVE_SYS_WAIT_H 1
| #define HAVE_PTY_H 1
| #define HAVE_SYS_RESOURCE_H 1
| #define HAVE_NETPACKET_PACKET_H 1
| #define HAVE_SYSEXITS_H 1
| #define HAVE_LINUX_TIPC_H 1
| #define HAVE_LINUX_RANDOM_H 1
| #define HAVE_SPAWN_H 1
| #define HAVE_ALLOCA_H 1
| #define HAVE_ENDIAN_H 1
| #define HAVE_SYS_ENDIAN_H 1
| #define HAVE_SYS_SYSMACROS_H 1
| #define HAVE_LINUX_MEMFD_H 1
| #define HAVE_LINUX_WAIT_H 1
| #define HAVE_SYS_MMAN_H 1
| #define HAVE_DIRENT_H 1
| #define MAJOR_IN_SYSMACROS 1
| #define HAVE_NET_IF_H 1
| #define HAVE_LINUX_NETLINK_H 1
| #define HAVE_LINUX_QRTR_H 1
| #define HAVE_LINUX_VM_SOCKETS_H 1
| #define HAVE_LINUX_CAN_H 1
| #define HAVE_LINUX_CAN_BCM_H 1
| #define HAVE_LINUX_CAN_J1939_H 1
| #define HAVE_LINUX_CAN_RAW_H 1
| #define HAVE_MAKEDEV 1
| #define HAVE_HTOLE64 1
| #define _LARGEFILE_SOURCE 1
| #define _FILE_OFFSET_BITS 64
| #if defined(SCO_DS)
| #undef _OFF_T
| #endif
| #define RETSIGTYPE void
| #define HAVE_SSIZE_T 1
| #define HAVE_GCC_UINT128_T 1
| #define SIZEOF_INT 4
| #define SIZEOF_LONG 8
| #define SIZEOF_LONG_LONG 8
| #define SIZEOF_VOID_P 8
| #define SIZEOF_SHORT 2
| #define SIZEOF_FLOAT 4
| #define SIZEOF_DOUBLE 8
| #define SIZEOF_FPOS_T 8
| #define SIZEOF_SIZE_T 8
| #define SIZEOF_PID_T 4
| #define SIZEOF_UINTPTR_T 8
| #define HAVE_LONG_DOUBLE 1
| #define SIZEOF_LONG_DOUBLE 16
| #define SIZEOF__BOOL 1
| #define SIZEOF_OFF_T 8
| #define SIZEOF_TIME_T 8
| #define SIZEOF_PTHREAD_T 8
| #define SIZEOF_PTHREAD_KEY_T 4
| #define PTHREAD_KEY_T_IS_COMPATIBLE_WITH_INT 1
| #define HAVE_LIBDL 1
| #define HAVE_UUID_UUID_H 1
| #define HAVE_UUID_GENERATE_TIME_SAFE 1
| #define WITH_DECIMAL_CONTEXTVAR 1
| #define _REENTRANT 1
| #define HAVE_PTHREAD_SIGMASK 1
| #define HAVE_PTHREAD_GETCPUCLOCKID 1
| #define ENABLE_IPV6 1
| #define HAVE_LINUX_CAN_RAW_FD_FRAMES 1
| #define HAVE_LINUX_CAN_RAW_JOIN_FILTERS 1
| #define WITH_DOC_STRINGS 1
| #define WITH_PYMALLOC 1
| #define PY_COERCE_C_LOCALE 1
| #define HAVE_DLOPEN 1
| #define HAVE_DYNAMIC_LOADING 1
| #define HAVE_ALARM 1
| #define HAVE_ACCEPT4 1
| #define HAVE_SETITIMER 1
| #define HAVE_GETITIMER 1
| #define HAVE_CHOWN 1
| #define HAVE_CLOCK 1
| #define HAVE_CTERMID 1
| #define HAVE_DUP3 1
| #define HAVE_EXECV 1
| #define HAVE_FACCESSAT 1
| #define HAVE_FCHMOD 1
| #define HAVE_FCHMODAT 1
| #define HAVE_FCHOWN 1
| #define HAVE_FCHOWNAT 1
| #define HAVE_FEXECVE 1
| #define HAVE_FDOPENDIR 1
| #define HAVE_FORK 1
| #define HAVE_FPATHCONF 1
| #define HAVE_FSTATAT 1
| #define HAVE_FTRUNCATE 1
| #define HAVE_FUTIMESAT 1
| #define HAVE_FUTIMENS 1
| #define HAVE_FUTIMES 1
| #define HAVE_GAI_STRERROR 1
| #define HAVE_GETENTROPY 1
| #define HAVE_GETGRGID_R 1
| #define HAVE_GETGRNAM_R 1
| #define HAVE_GETGROUPLIST 1
| #define HAVE_GETGROUPS 1
| #define HAVE_GETLOGIN 1
| #define HAVE_GETLOADAVG 1
| #define HAVE_GETPEERNAME 1
| #define HAVE_GETPGID 1
| #define HAVE_GETPID 1
| #define HAVE_GETPRIORITY 1
| #define HAVE_GETRESUID 1
| #define HAVE_GETRESGID 1
| #define HAVE_GETPWENT 1
| #define HAVE_GETPWNAM_R 1
| #define HAVE_GETPWUID_R 1
| #define HAVE_GETSID 1
| #define HAVE_IF_NAMEINDEX 1
| #define HAVE_INITGROUPS 1
| #define HAVE_KILL 1
| #define HAVE_KILLPG 1
| #define HAVE_LCHOWN 1
| #define HAVE_LOCKF 1
| #define HAVE_LINKAT 1
| #define HAVE_LSTAT 1
| #define HAVE_LUTIMES 1
| #define HAVE_MMAP 1
| #define HAVE_MEMRCHR 1
| #define HAVE_MBRTOWC 1
| #define HAVE_MKDIRAT 1
| #define HAVE_MKFIFO 1
| #define HAVE_MADVISE 1
| #define HAVE_MKFIFOAT 1
| #define HAVE_MKNOD 1
| #define HAVE_MKNODAT 1
| #define HAVE_MKTIME 1
| #define HAVE_MREMAP 1
| #define HAVE_NICE 1
| #define HAVE_OPENAT 1
| #define HAVE_PATHCONF 1
| #define HAVE_PAUSE 1
| #define HAVE_PIPE2 1
| #define HAVE_POLL 1
| #define HAVE_POSIX_FALLOCATE 1
| #define HAVE_POSIX_FADVISE 1
| #define HAVE_POSIX_SPAWN 1
| #define HAVE_POSIX_SPAWNP 1
| #define HAVE_PREAD 1
| #define HAVE_PREADV 1
| #define HAVE_PREADV2 1
| #define HAVE_PTHREAD_CONDATTR_SETCLOCK 1
| #define HAVE_PTHREAD_KILL 1
| #define HAVE_PWRITE 1
| #define HAVE_PWRITEV 1
| #define HAVE_PWRITEV2 1
| #define HAVE_READLINK 1
| #define HAVE_READLINKAT 1
| #define HAVE_READV 1
| #define HAVE_REALPATH 1
| #define HAVE_RENAMEAT 1
| #define HAVE_SEM_OPEN 1
| #define HAVE_SEM_TIMEDWAIT 1
| #define HAVE_SEM_GETVALUE 1
| #define HAVE_SEM_UNLINK 1
| #define HAVE_SENDFILE 1
| #define HAVE_SETEGID 1
| #define HAVE_SETEUID 1
| #define HAVE_SETGID 1
| #define HAVE_SETHOSTNAME 1
| #define HAVE_SETLOCALE 1
| #define HAVE_SETREGID 1
| #define HAVE_SETREUID 1
| #define HAVE_SETRESUID 1
| #define HAVE_SETRESGID 1
| #define HAVE_SETSID 1
| #define HAVE_SETPGID 1
| #define HAVE_SETPGRP 1
| #define HAVE_SETPRIORITY 1
| #define HAVE_SETUID 1
| #define HAVE_SETVBUF 1
| #define HAVE_SCHED_GET_PRIORITY_MAX 1
| #define HAVE_SCHED_SETAFFINITY 1
| #define HAVE_SCHED_SETSCHEDULER 1
| #define HAVE_SCHED_SETPARAM 1
| #define HAVE_SCHED_RR_GET_INTERVAL 1
| #define HAVE_SIGACTION 1
| #define HAVE_SIGALTSTACK 1
| #define HAVE_SIGFILLSET 1
| #define HAVE_SIGINTERRUPT 1
| #define HAVE_SIGPENDING 1
| #define HAVE_SIGRELSE 1
| #define HAVE_SIGTIMEDWAIT 1
| #define HAVE_SIGWAIT 1
| #define HAVE_SIGWAITINFO 1
| #define HAVE_SNPRINTF 1
| #define HAVE_STRFTIME 1
| #define HAVE_STRLCPY 1
| #define HAVE_STRSIGNAL 1
| #define HAVE_SYMLINKAT 1
| #define HAVE_SYNC 1
| #define HAVE_SYSCONF 1
| #define HAVE_TCGETPGRP 1
| #define HAVE_TCSETPGRP 1
| #define HAVE_TEMPNAM 1
| #define HAVE_TIMEGM 1
| #define HAVE_TIMES 1
| #define HAVE_TMPFILE 1
| #define HAVE_TMPNAM 1
| #define HAVE_TRUNCATE 1
| #define HAVE_UNAME 1
| #define HAVE_UNLINKAT 1
| #define HAVE_UTIMENSAT 1
| #define HAVE_UTIMES 1
| #define HAVE_WAITID 1
| #define HAVE_WAITPID 1
| #define HAVE_WAIT4 1
| #define HAVE_WCSCOLL 1
| #define HAVE_WCSFTIME 1
| #define HAVE_WCSXFRM 1
| #define HAVE_WMEMCMP 1
| #define HAVE_WRITEV 1
| #define HAVE_DIRFD 1
| #define HAVE_CHROOT 1
| #define HAVE_LINK 1
| #define HAVE_SYMLINK 1
| #define HAVE_FCHDIR 1
| #define HAVE_FSYNC 1
| #define HAVE_FDATASYNC 1
| #define HAVE_EPOLL 1
| #define HAVE_EPOLL_CREATE1 1
| #define HAVE_PRLIMIT 1
| #define HAVE_FLOCK 1
| #define HAVE_GETPAGESIZE 1
| #define HAVE_ZLIB_COPY 1
| #define HAVE_HSTRERROR 1
| #define HAVE_INET_ATON 1
| #define HAVE_INET_PTON 1
| #define HAVE_SETGROUPS 1
| #define HAVE_OPENPTY 1
| #define HAVE_FORKPTY 1
| #define HAVE_FSEEKO 1
| #define HAVE_FSTATVFS 1
| #define HAVE_FTELLO 1
| #define HAVE_STATVFS 1
| #define HAVE_DUP2 1
| #define HAVE_STRDUP 1
| #define HAVE_GETPGRP 1
| #define HAVE_SETPGRP 1
| #define HAVE_CLOCK_GETTIME 1
| #define HAVE_CLOCK_GETRES 1
| #define HAVE_CLOCK_SETTIME 1
| #define HAVE_DEVICE_MACROS 1
| #define HAVE_GETADDRINFO 1
| #define HAVE_GETNAMEINFO 1
| #define TIME_WITH_SYS_TIME 1
| #define HAVE_STRUCT_TM_TM_ZONE 1
| #define HAVE_TM_ZONE 1
| #define HAVE_STRUCT_STAT_ST_RDEV 1
| #define HAVE_STRUCT_STAT_ST_BLKSIZE 1
| /* end confdefs.h.  */
| #include <stdio.h>
| #ifdef HAVE_SYS_TYPES_H
| # include <sys/types.h>
| #endif
| #ifdef HAVE_SYS_STAT_H
| # include <sys/stat.h>
| #endif
| #ifdef STDC_HEADERS
| # include <stdlib.h>
| # include <stddef.h>
| #else
| # ifdef HAVE_STDLIB_H
| #  include <stdlib.h>
| # endif
| #endif
| #ifdef HAVE_STRING_H
| # if !defined STDC_HEADERS && defined HAVE_MEMORY_H
| #  include <memory.h>
| # endif
| # include <string.h>
| #endif
| #ifdef HAVE_STRINGS_H
| # include <strings.h>
| #endif
| #ifdef HAVE_INTTYPES_H
| # include <inttypes.h>
| #endif
| #ifdef HAVE_STDINT_H
| # include <stdint.h>
| #endif
| #ifdef HAVE_UNISTD_H
| # include <unistd.h>
| #endif
| int
| main ()
| {
| static struct stat ac_aggr;
| if (ac_aggr.st_birthtime)
| return 0;
|   ;
|   return 0;
| }
configure:13692: gcc -c -I/data/data/com.termux/files/usr/include  conftest.c >&5
conftest.c:350:20: error: no member named 'st_birthtime' in 'struct stat'
  350 | if (sizeof ac_aggr.st_birthtime)
      |            ~~~~~~~ ^
1 error generated.
configure:13692: $? = 1
configure: failed program was:
| /* confdefs.h */
| #define _GNU_SOURCE 1
| #define _NETBSD_SOURCE 1
| #define __BSD_VISIBLE 1
| #define _DARWIN_C_SOURCE 1
| #define _PYTHONFRAMEWORK ""
| #define _XOPEN_SOURCE 700
| #define _XOPEN_SOURCE_EXTENDED 1
| #define _POSIX_C_SOURCE 200809L
| #define STDC_HEADERS 1
| #define HAVE_SYS_TYPES_H 1
| #define HAVE_SYS_STAT_H 1
| #define HAVE_STDLIB_H 1
| #define HAVE_STRING_H 1
| #define HAVE_MEMORY_H 1
| #define HAVE_STRINGS_H 1
| #define HAVE_INTTYPES_H 1
| #define HAVE_STDINT_H 1
| #define HAVE_UNISTD_H 1
| #define __EXTENSIONS__ 1
| #define _ALL_SOURCE 1
| #define _GNU_SOURCE 1
| #define _POSIX_PTHREAD_SEMANTICS 1
| #define _TANDEM_SOURCE 1
| #define ANDROID_API_LEVEL 24
| #define STDC_HEADERS 1
| #define HAVE_ASM_TYPES_H 1
| #define HAVE_CRYPT_H 1
| #define HAVE_DLFCN_H 1
| #define HAVE_ERRNO_H 1
| #define HAVE_FCNTL_H 1
| #define HAVE_GRP_H 1
| #define HAVE_LANGINFO_H 1
| #define HAVE_LIBINTL_H 1
| #define HAVE_PTHREAD_H 1
| #define HAVE_SCHED_H 1
| #define HAVE_SIGNAL_H 1
| #define HAVE_TERMIOS_H 1
| #define HAVE_UTIME_H 1
| #define HAVE_POLL_H 1
| #define HAVE_SYS_EPOLL_H 1
| #define HAVE_SYS_POLL_H 1
| #define HAVE_SYS_XATTR_H 1
| #define HAVE_SYS_FILE_H 1
| #define HAVE_SYS_IOCTL_H 1
| #define HAVE_SYS_PARAM_H 1
| #define HAVE_SYS_RANDOM_H 1
| #define HAVE_SYS_SELECT_H 1
| #define HAVE_SYS_SENDFILE_H 1
| #define HAVE_SYS_SOCKET_H 1
| #define HAVE_SYS_STATVFS_H 1
| #define HAVE_SYS_STAT_H 1
| #define HAVE_SYS_SYSCALL_H 1
| #define HAVE_SYS_TIME_H 1
| #define HAVE_SYS_TIMES_H 1
| #define HAVE_SYS_TYPES_H 1
| #define HAVE_SYS_UIO_H 1
| #define HAVE_SYS_UN_H 1
| #define HAVE_SYS_UTSNAME_H 1
| #define HAVE_SYS_WAIT_H 1
| #define HAVE_PTY_H 1
| #define HAVE_SYS_RESOURCE_H 1
| #define HAVE_NETPACKET_PACKET_H 1
| #define HAVE_SYSEXITS_H 1
| #define HAVE_LINUX_TIPC_H 1
| #define HAVE_LINUX_RANDOM_H 1
| #define HAVE_SPAWN_H 1
| #define HAVE_ALLOCA_H 1
| #define HAVE_ENDIAN_H 1
| #define HAVE_SYS_ENDIAN_H 1
| #define HAVE_SYS_SYSMACROS_H 1
| #define HAVE_LINUX_MEMFD_H 1
| #define HAVE_LINUX_WAIT_H 1
| #define HAVE_SYS_MMAN_H 1
| #define HAVE_DIRENT_H 1
| #define MAJOR_IN_SYSMACROS 1
| #define HAVE_NET_IF_H 1
| #define HAVE_LINUX_NETLINK_H 1
| #define HAVE_LINUX_QRTR_H 1
| #define HAVE_LINUX_VM_SOCKETS_H 1
| #define HAVE_LINUX_CAN_H 1
| #define HAVE_LINUX_CAN_BCM_H 1
| #define HAVE_LINUX_CAN_J1939_H 1
| #define HAVE_LINUX_CAN_RAW_H 1
| #define HAVE_MAKEDEV 1
| #define HAVE_HTOLE64 1
| #define _LARGEFILE_SOURCE 1
| #define _FILE_OFFSET_BITS 64
| #if defined(SCO_DS)
| #undef _OFF_T
| #endif
| #define RETSIGTYPE void
| #define HAVE_SSIZE_T 1
| #define HAVE_GCC_UINT128_T 1
| #define SIZEOF_INT 4
| #define SIZEOF_LONG 8
| #define SIZEOF_LONG_LONG 8
| #define SIZEOF_VOID_P 8
| #define SIZEOF_SHORT 2
| #define SIZEOF_FLOAT 4
| #define SIZEOF_DOUBLE 8
| #define SIZEOF_FPOS_T 8
| #define SIZEOF_SIZE_T 8
| #define SIZEOF_PID_T 4
| #define SIZEOF_UINTPTR_T 8
| #define HAVE_LONG_DOUBLE 1
| #define SIZEOF_LONG_DOUBLE 16
| #define SIZEOF__BOOL 1
| #define SIZEOF_OFF_T 8
| #define SIZEOF_TIME_T 8
| #define SIZEOF_PTHREAD_T 8
| #define SIZEOF_PTHREAD_KEY_T 4
| #define PTHREAD_KEY_T_IS_COMPATIBLE_WITH_INT 1
| #define HAVE_LIBDL 1
| #define HAVE_UUID_UUID_H 1
| #define HAVE_UUID_GENERATE_TIME_SAFE 1
| #define WITH_DECIMAL_CONTEXTVAR 1
| #define _REENTRANT 1
| #define HAVE_PTHREAD_SIGMASK 1
| #define HAVE_PTHREAD_GETCPUCLOCKID 1
| #define ENABLE_IPV6 1
| #define HAVE_LINUX_CAN_RAW_FD_FRAMES 1
| #define HAVE_LINUX_CAN_RAW_JOIN_FILTERS 1
| #define WITH_DOC_STRINGS 1
| #define WITH_PYMALLOC 1
| #define PY_COERCE_C_LOCALE 1
| #define HAVE_DLOPEN 1
| #define HAVE_DYNAMIC_LOADING 1
| #define HAVE_ALARM 1
| #define HAVE_ACCEPT4 1
| #define HAVE_SETITIMER 1
| #define HAVE_GETITIMER 1
| #define HAVE_CHOWN 1
| #define HAVE_CLOCK 1
| #define HAVE_CTERMID 1
| #define HAVE_DUP3 1
| #define HAVE_EXECV 1
| #define HAVE_FACCESSAT 1
| #define HAVE_FCHMOD 1
| #define HAVE_FCHMODAT 1
| #define HAVE_FCHOWN 1
| #define HAVE_FCHOWNAT 1
| #define HAVE_FEXECVE 1
| #define HAVE_FDOPENDIR 1
| #define HAVE_FORK 1
| #define HAVE_FPATHCONF 1
| #define HAVE_FSTATAT 1
| #define HAVE_FTRUNCATE 1
| #define HAVE_FUTIMESAT 1
| #define HAVE_FUTIMENS 1
| #define HAVE_FUTIMES 1
| #define HAVE_GAI_STRERROR 1
| #define HAVE_GETENTROPY 1
| #define HAVE_GETGRGID_R 1
| #define HAVE_GETGRNAM_R 1
| #define HAVE_GETGROUPLIST 1
| #define HAVE_GETGROUPS 1
| #define HAVE_GETLOGIN 1
| #define HAVE_GETLOADAVG 1
| #define HAVE_GETPEERNAME 1
| #define HAVE_GETPGID 1
| #define HAVE_GETPID 1
| #define HAVE_GETPRIORITY 1
| #define HAVE_GETRESUID 1
| #define HAVE_GETRESGID 1
| #define HAVE_GETPWENT 1
| #define HAVE_GETPWNAM_R 1
| #define HAVE_GETPWUID_R 1
| #define HAVE_GETSID 1
| #define HAVE_IF_NAMEINDEX 1
| #define HAVE_INITGROUPS 1
| #define HAVE_KILL 1
| #define HAVE_KILLPG 1
| #define HAVE_LCHOWN 1
| #define HAVE_LOCKF 1
| #define HAVE_LINKAT 1
| #define HAVE_LSTAT 1
| #define HAVE_LUTIMES 1
| #define HAVE_MMAP 1
| #define HAVE_MEMRCHR 1
| #define HAVE_MBRTOWC 1
| #define HAVE_MKDIRAT 1
| #define HAVE_MKFIFO 1
| #define HAVE_MADVISE 1
| #define HAVE_MKFIFOAT 1
| #define HAVE_MKNOD 1
| #define HAVE_MKNODAT 1
| #define HAVE_MKTIME 1
| #define HAVE_MREMAP 1
| #define HAVE_NICE 1
| #define HAVE_OPENAT 1
| #define HAVE_PATHCONF 1
| #define HAVE_PAUSE 1
| #define HAVE_PIPE2 1
| #define HAVE_POLL 1
| #define HAVE_POSIX_FALLOCATE 1
| #define HAVE_POSIX_FADVISE 1
| #define HAVE_POSIX_SPAWN 1
| #define HAVE_POSIX_SPAWNP 1
| #define HAVE_PREAD 1
| #define HAVE_PREADV 1
| #define HAVE_PREADV2 1
| #define HAVE_PTHREAD_CONDATTR_SETCLOCK 1
| #define HAVE_PTHREAD_KILL 1
| #define HAVE_PWRITE 1
| #define HAVE_PWRITEV 1
| #define HAVE_PWRITEV2 1
| #define HAVE_READLINK 1
| #define HAVE_READLINKAT 1
| #define HAVE_READV 1
| #define HAVE_REALPATH 1
| #define HAVE_RENAMEAT 1
| #define HAVE_SEM_OPEN 1
| #define HAVE_SEM_TIMEDWAIT 1
| #define HAVE_SEM_GETVALUE 1
| #define HAVE_SEM_UNLINK 1
| #define HAVE_SENDFILE 1
| #define HAVE_SETEGID 1
| #define HAVE_SETEUID 1
| #define HAVE_SETGID 1
| #define HAVE_SETHOSTNAME 1
| #define HAVE_SETLOCALE 1
| #define HAVE_SETREGID 1
| #define HAVE_SETREUID 1
| #define HAVE_SETRESUID 1
| #define HAVE_SETRESGID 1
| #define HAVE_SETSID 1
| #define HAVE_SETPGID 1
| #define HAVE_SETPGRP 1
| #define HAVE_SETPRIORITY 1
| #define HAVE_SETUID 1
| #define HAVE_SETVBUF 1
| #define HAVE_SCHED_GET_PRIORITY_MAX 1
| #define HAVE_SCHED_SETAFFINITY 1
| #define HAVE_SCHED_SETSCHEDULER 1
| #define HAVE_SCHED_SETPARAM 1
| #define HAVE_SCHED_RR_GET_INTERVAL 1
| #define HAVE_SIGACTION 1
| #define HAVE_SIGALTSTACK 1
| #define HAVE_SIGFILLSET 1
| #define HAVE_SIGINTERRUPT 1
| #define HAVE_SIGPENDING 1
| #define HAVE_SIGRELSE 1
| #define HAVE_SIGTIMEDWAIT 1
| #define HAVE_SIGWAIT 1
| #define HAVE_SIGWAITINFO 1
| #define HAVE_SNPRINTF 1
| #define HAVE_STRFTIME 1
| #define HAVE_STRLCPY 1
| #define HAVE_STRSIGNAL 1
| #define HAVE_SYMLINKAT 1
| #define HAVE_SYNC 1
| #define HAVE_SYSCONF 1
| #define HAVE_TCGETPGRP 1
| #define HAVE_TCSETPGRP 1
| #define HAVE_TEMPNAM 1
| #define HAVE_TIMEGM 1
| #define HAVE_TIMES 1
| #define HAVE_TMPFILE 1
| #define HAVE_TMPNAM 1
| #define HAVE_TRUNCATE 1
| #define HAVE_UNAME 1
| #define HAVE_UNLINKAT 1
| #define HAVE_UTIMENSAT 1
| #define HAVE_UTIMES 1
| #define HAVE_WAITID 1
| #define HAVE_WAITPID 1
| #define HAVE_WAIT4 1
| #define HAVE_WCSCOLL 1
| #define HAVE_WCSFTIME 1
| #define HAVE_WCSXFRM 1
| #define HAVE_WMEMCMP 1
| #define HAVE_WRITEV 1
| #define HAVE_DIRFD 1
| #define HAVE_CHROOT 1
| #define HAVE_LINK 1
| #define HAVE_SYMLINK 1
| #define HAVE_FCHDIR 1
| #define HAVE_FSYNC 1
| #define HAVE_FDATASYNC 1
| #define HAVE_EPOLL 1
| #define HAVE_EPOLL_CREATE1 1
| #define HAVE_PRLIMIT 1
| #define HAVE_FLOCK 1
| #define HAVE_GETPAGESIZE 1
| #define HAVE_ZLIB_COPY 1
| #define HAVE_HSTRERROR 1
| #define HAVE_INET_ATON 1
| #define HAVE_INET_PTON 1
| #define HAVE_SETGROUPS 1
| #define HAVE_OPENPTY 1
| #define HAVE_FORKPTY 1
| #define HAVE_FSEEKO 1
| #define HAVE_FSTATVFS 1
| #define HAVE_FTELLO 1
| #define HAVE_STATVFS 1
| #define HAVE_DUP2 1
| #define HAVE_STRDUP 1
| #define HAVE_GETPGRP 1
| #define HAVE_SETPGRP 1
| #define HAVE_CLOCK_GETTIME 1
| #define HAVE_CLOCK_GETRES 1
| #define HAVE_CLOCK_SETTIME 1
| #define HAVE_DEVICE_MACROS 1
| #define HAVE_GETADDRINFO 1
| #define HAVE_GETNAMEINFO 1
| #define TIME_WITH_SYS_TIME 1
| #define HAVE_STRUCT_TM_TM_ZONE 1
| #define HAVE_TM_ZONE 1
| #define HAVE_STRUCT_STAT_ST_RDEV 1
| #define HAVE_STRUCT_STAT_ST_BLKSIZE 1
| /* end confdefs.h.  */
| #include <stdio.h>
| #ifdef HAVE_SYS_TYPES_H
| # include <sys/types.h>
| #endif
| #ifdef HAVE_SYS_STAT_H
| # include <sys/stat.h>
| #endif
| #ifdef STDC_HEADERS
| # include <stdlib.h>
| # include <stddef.h>
| #else
| # ifdef HAVE_STDLIB_H
| #  include <stdlib.h>
| # endif
| #endif
| #ifdef HAVE_STRING_H
| # if !defined STDC_HEADERS && defined HAVE_MEMORY_H
| #  include <memory.h>
| # endif
| # include <string.h>
| #endif
| #ifdef HAVE_STRINGS_H
| # include <strings.h>
| #endif
| #ifdef HAVE_INTTYPES_H
| # include <inttypes.h>
| #endif
| #ifdef HAVE_STDINT_H
| # include <stdint.h>
| #endif
| #ifdef HAVE_UNISTD_H
| # include <unistd.h>
| #endif
| int
| main ()
| {
| static struct stat ac_aggr;
| if (sizeof ac_aggr.st_birthtime)
| return 0;
|   ;
|   return 0;
| }
configure:13692: result: no
configure:13702: checking for struct stat.st_blocks
configure:13702: gcc -c -I/data/data/com.termux/files/usr/include  conftest.c >&5
configure:13702: $? = 0
configure:13702: result: yes
configure:13712: checking for struct passwd.pw_gecos
configure:13712: gcc -c -I/data/data/com.termux/files/usr/include  conftest.c >&5
configure:13712: $? = 0
configure:13712: result: yes
configure:13725: checking for struct passwd.pw_passwd
configure:13725: gcc -c -I/data/data/com.termux/files/usr/include  conftest.c >&5
configure:13725: $? = 0
configure:13725: result: yes
configure:13740: checking for siginfo_t.si_band
configure:13740: gcc -c -I/data/data/com.termux/files/usr/include  conftest.c >&5
configure:13740: $? = 0
configure:13740: result: yes
configure:13752: checking for time.h that defines altzone
configure:13769: gcc -c -I/data/data/com.termux/files/usr/include  conftest.c >&5
conftest.c:321:8: error: use of undeclared identifier 'altzone'
  321 | return altzone;
      |        ^
1 error generated.
configure:13769: $? = 1
configure: failed program was:
| /* confdefs.h */
| #define _GNU_SOURCE 1
| #define _NETBSD_SOURCE 1
| #define __BSD_VISIBLE 1
| #define _DARWIN_C_SOURCE 1
| #define _PYTHONFRAMEWORK ""
| #define _XOPEN_SOURCE 700
| #define _XOPEN_SOURCE_EXTENDED 1
| #define _POSIX_C_SOURCE 200809L
| #define STDC_HEADERS 1
| #define HAVE_SYS_TYPES_H 1
| #define HAVE_SYS_STAT_H 1
| #define HAVE_STDLIB_H 1
| #define HAVE_STRING_H 1
| #define HAVE_MEMORY_H 1
| #define HAVE_STRINGS_H 1
| #define HAVE_INTTYPES_H 1
| #define HAVE_STDINT_H 1
| #define HAVE_UNISTD_H 1
| #define __EXTENSIONS__ 1
| #define _ALL_SOURCE 1
| #define _GNU_SOURCE 1
| #define _POSIX_PTHREAD_SEMANTICS 1
| #define _TANDEM_SOURCE 1
| #define ANDROID_API_LEVEL 24
| #define STDC_HEADERS 1
| #define HAVE_ASM_TYPES_H 1
| #define HAVE_CRYPT_H 1
| #define HAVE_DLFCN_H 1
| #define HAVE_ERRNO_H 1
| #define HAVE_FCNTL_H 1
| #define HAVE_GRP_H 1
| #define HAVE_LANGINFO_H 1
| #define HAVE_LIBINTL_H 1
| #define HAVE_PTHREAD_H 1
| #define HAVE_SCHED_H 1
| #define HAVE_SIGNAL_H 1
| #define HAVE_TERMIOS_H 1
| #define HAVE_UTIME_H 1
| #define HAVE_POLL_H 1
| #define HAVE_SYS_EPOLL_H 1
| #define HAVE_SYS_POLL_H 1
| #define HAVE_SYS_XATTR_H 1
| #define HAVE_SYS_FILE_H 1
| #define HAVE_SYS_IOCTL_H 1
| #define HAVE_SYS_PARAM_H 1
| #define HAVE_SYS_RANDOM_H 1
| #define HAVE_SYS_SELECT_H 1
| #define HAVE_SYS_SENDFILE_H 1
| #define HAVE_SYS_SOCKET_H 1
| #define HAVE_SYS_STATVFS_H 1
| #define HAVE_SYS_STAT_H 1
| #define HAVE_SYS_SYSCALL_H 1
| #define HAVE_SYS_TIME_H 1
| #define HAVE_SYS_TIMES_H 1
| #define HAVE_SYS_TYPES_H 1
| #define HAVE_SYS_UIO_H 1
| #define HAVE_SYS_UN_H 1
| #define HAVE_SYS_UTSNAME_H 1
| #define HAVE_SYS_WAIT_H 1
| #define HAVE_PTY_H 1
| #define HAVE_SYS_RESOURCE_H 1
| #define HAVE_NETPACKET_PACKET_H 1
| #define HAVE_SYSEXITS_H 1
| #define HAVE_LINUX_TIPC_H 1
| #define HAVE_LINUX_RANDOM_H 1
| #define HAVE_SPAWN_H 1
| #define HAVE_ALLOCA_H 1
| #define HAVE_ENDIAN_H 1
| #define HAVE_SYS_ENDIAN_H 1
| #define HAVE_SYS_SYSMACROS_H 1
| #define HAVE_LINUX_MEMFD_H 1
| #define HAVE_LINUX_WAIT_H 1
| #define HAVE_SYS_MMAN_H 1
| #define HAVE_DIRENT_H 1
| #define MAJOR_IN_SYSMACROS 1
| #define HAVE_NET_IF_H 1
| #define HAVE_LINUX_NETLINK_H 1
| #define HAVE_LINUX_QRTR_H 1
| #define HAVE_LINUX_VM_SOCKETS_H 1
| #define HAVE_LINUX_CAN_H 1
| #define HAVE_LINUX_CAN_BCM_H 1
| #define HAVE_LINUX_CAN_J1939_H 1
| #define HAVE_LINUX_CAN_RAW_H 1
| #define HAVE_MAKEDEV 1
| #define HAVE_HTOLE64 1
| #define _LARGEFILE_SOURCE 1
| #define _FILE_OFFSET_BITS 64
| #if defined(SCO_DS)
| #undef _OFF_T
| #endif
| #define RETSIGTYPE void
| #define HAVE_SSIZE_T 1
| #define HAVE_GCC_UINT128_T 1
| #define SIZEOF_INT 4
| #define SIZEOF_LONG 8
| #define SIZEOF_LONG_LONG 8
| #define SIZEOF_VOID_P 8
| #define SIZEOF_SHORT 2
| #define SIZEOF_FLOAT 4
| #define SIZEOF_DOUBLE 8
| #define SIZEOF_FPOS_T 8
| #define SIZEOF_SIZE_T 8
| #define SIZEOF_PID_T 4
| #define SIZEOF_UINTPTR_T 8
| #define HAVE_LONG_DOUBLE 1
| #define SIZEOF_LONG_DOUBLE 16
| #define SIZEOF__BOOL 1
| #define SIZEOF_OFF_T 8
| #define SIZEOF_TIME_T 8
| #define SIZEOF_PTHREAD_T 8
| #define SIZEOF_PTHREAD_KEY_T 4
| #define PTHREAD_KEY_T_IS_COMPATIBLE_WITH_INT 1
| #define HAVE_LIBDL 1
| #define HAVE_UUID_UUID_H 1
| #define HAVE_UUID_GENERATE_TIME_SAFE 1
| #define WITH_DECIMAL_CONTEXTVAR 1
| #define _REENTRANT 1
| #define HAVE_PTHREAD_SIGMASK 1
| #define HAVE_PTHREAD_GETCPUCLOCKID 1
| #define ENABLE_IPV6 1
| #define HAVE_LINUX_CAN_RAW_FD_FRAMES 1
| #define HAVE_LINUX_CAN_RAW_JOIN_FILTERS 1
| #define WITH_DOC_STRINGS 1
| #define WITH_PYMALLOC 1
| #define PY_COERCE_C_LOCALE 1
| #define HAVE_DLOPEN 1
| #define HAVE_DYNAMIC_LOADING 1
| #define HAVE_ALARM 1
| #define HAVE_ACCEPT4 1
| #define HAVE_SETITIMER 1
| #define HAVE_GETITIMER 1
| #define HAVE_CHOWN 1
| #define HAVE_CLOCK 1
| #define HAVE_CTERMID 1
| #define HAVE_DUP3 1
| #define HAVE_EXECV 1
| #define HAVE_FACCESSAT 1
| #define HAVE_FCHMOD 1
| #define HAVE_FCHMODAT 1
| #define HAVE_FCHOWN 1
| #define HAVE_FCHOWNAT 1
| #define HAVE_FEXECVE 1
| #define HAVE_FDOPENDIR 1
| #define HAVE_FORK 1
| #define HAVE_FPATHCONF 1
| #define HAVE_FSTATAT 1
| #define HAVE_FTRUNCATE 1
| #define HAVE_FUTIMESAT 1
| #define HAVE_FUTIMENS 1
| #define HAVE_FUTIMES 1
| #define HAVE_GAI_STRERROR 1
| #define HAVE_GETENTROPY 1
| #define HAVE_GETGRGID_R 1
| #define HAVE_GETGRNAM_R 1
| #define HAVE_GETGROUPLIST 1
| #define HAVE_GETGROUPS 1
| #define HAVE_GETLOGIN 1
| #define HAVE_GETLOADAVG 1
| #define HAVE_GETPEERNAME 1
| #define HAVE_GETPGID 1
| #define HAVE_GETPID 1
| #define HAVE_GETPRIORITY 1
| #define HAVE_GETRESUID 1
| #define HAVE_GETRESGID 1
| #define HAVE_GETPWENT 1
| #define HAVE_GETPWNAM_R 1
| #define HAVE_GETPWUID_R 1
| #define HAVE_GETSID 1
| #define HAVE_IF_NAMEINDEX 1
| #define HAVE_INITGROUPS 1
| #define HAVE_KILL 1
| #define HAVE_KILLPG 1
| #define HAVE_LCHOWN 1
| #define HAVE_LOCKF 1
| #define HAVE_LINKAT 1
| #define HAVE_LSTAT 1
| #define HAVE_LUTIMES 1
| #define HAVE_MMAP 1
| #define HAVE_MEMRCHR 1
| #define HAVE_MBRTOWC 1
| #define HAVE_MKDIRAT 1
| #define HAVE_MKFIFO 1
| #define HAVE_MADVISE 1
| #define HAVE_MKFIFOAT 1
| #define HAVE_MKNOD 1
| #define HAVE_MKNODAT 1
| #define HAVE_MKTIME 1
| #define HAVE_MREMAP 1
| #define HAVE_NICE 1
| #define HAVE_OPENAT 1
| #define HAVE_PATHCONF 1
| #define HAVE_PAUSE 1
| #define HAVE_PIPE2 1
| #define HAVE_POLL 1
| #define HAVE_POSIX_FALLOCATE 1
| #define HAVE_POSIX_FADVISE 1
| #define HAVE_POSIX_SPAWN 1
| #define HAVE_POSIX_SPAWNP 1
| #define HAVE_PREAD 1
| #define HAVE_PREADV 1
| #define HAVE_PREADV2 1
| #define HAVE_PTHREAD_CONDATTR_SETCLOCK 1
| #define HAVE_PTHREAD_KILL 1
| #define HAVE_PWRITE 1
| #define HAVE_PWRITEV 1
| #define HAVE_PWRITEV2 1
| #define HAVE_READLINK 1
| #define HAVE_READLINKAT 1
| #define HAVE_READV 1
| #define HAVE_REALPATH 1
| #define HAVE_RENAMEAT 1
| #define HAVE_SEM_OPEN 1
| #define HAVE_SEM_TIMEDWAIT 1
| #define HAVE_SEM_GETVALUE 1
| #define HAVE_SEM_UNLINK 1
| #define HAVE_SENDFILE 1
| #define HAVE_SETEGID 1
| #define HAVE_SETEUID 1
| #define HAVE_SETGID 1
| #define HAVE_SETHOSTNAME 1
| #define HAVE_SETLOCALE 1
| #define HAVE_SETREGID 1
| #define HAVE_SETREUID 1
| #define HAVE_SETRESUID 1
| #define HAVE_SETRESGID 1
| #define HAVE_SETSID 1
| #define HAVE_SETPGID 1
| #define HAVE_SETPGRP 1
| #define HAVE_SETPRIORITY 1
| #define HAVE_SETUID 1
| #define HAVE_SETVBUF 1
| #define HAVE_SCHED_GET_PRIORITY_MAX 1
| #define HAVE_SCHED_SETAFFINITY 1
| #define HAVE_SCHED_SETSCHEDULER 1
| #define HAVE_SCHED_SETPARAM 1
| #define HAVE_SCHED_RR_GET_INTERVAL 1
| #define HAVE_SIGACTION 1
| #define HAVE_SIGALTSTACK 1
| #define HAVE_SIGFILLSET 1
| #define HAVE_SIGINTERRUPT 1
| #define HAVE_SIGPENDING 1
| #define HAVE_SIGRELSE 1
| #define HAVE_SIGTIMEDWAIT 1
| #define HAVE_SIGWAIT 1
| #define HAVE_SIGWAITINFO 1
| #define HAVE_SNPRINTF 1
| #define HAVE_STRFTIME 1
| #define HAVE_STRLCPY 1
| #define HAVE_STRSIGNAL 1
| #define HAVE_SYMLINKAT 1
| #define HAVE_SYNC 1
| #define HAVE_SYSCONF 1
| #define HAVE_TCGETPGRP 1
| #define HAVE_TCSETPGRP 1
| #define HAVE_TEMPNAM 1
| #define HAVE_TIMEGM 1
| #define HAVE_TIMES 1
| #define HAVE_TMPFILE 1
| #define HAVE_TMPNAM 1
| #define HAVE_TRUNCATE 1
| #define HAVE_UNAME 1
| #define HAVE_UNLINKAT 1
| #define HAVE_UTIMENSAT 1
| #define HAVE_UTIMES 1
| #define HAVE_WAITID 1
| #define HAVE_WAITPID 1
| #define HAVE_WAIT4 1
| #define HAVE_WCSCOLL 1
| #define HAVE_WCSFTIME 1
| #define HAVE_WCSXFRM 1
| #define HAVE_WMEMCMP 1
| #define HAVE_WRITEV 1
| #define HAVE_DIRFD 1
| #define HAVE_CHROOT 1
| #define HAVE_LINK 1
| #define HAVE_SYMLINK 1
| #define HAVE_FCHDIR 1
| #define HAVE_FSYNC 1
| #define HAVE_FDATASYNC 1
| #define HAVE_EPOLL 1
| #define HAVE_EPOLL_CREATE1 1
| #define HAVE_PRLIMIT 1
| #define HAVE_FLOCK 1
| #define HAVE_GETPAGESIZE 1
| #define HAVE_ZLIB_COPY 1
| #define HAVE_HSTRERROR 1
| #define HAVE_INET_ATON 1
| #define HAVE_INET_PTON 1
| #define HAVE_SETGROUPS 1
| #define HAVE_OPENPTY 1
| #define HAVE_FORKPTY 1
| #define HAVE_FSEEKO 1
| #define HAVE_FSTATVFS 1
| #define HAVE_FTELLO 1
| #define HAVE_STATVFS 1
| #define HAVE_DUP2 1
| #define HAVE_STRDUP 1
| #define HAVE_GETPGRP 1
| #define HAVE_SETPGRP 1
| #define HAVE_CLOCK_GETTIME 1
| #define HAVE_CLOCK_GETRES 1
| #define HAVE_CLOCK_SETTIME 1
| #define HAVE_DEVICE_MACROS 1
| #define HAVE_GETADDRINFO 1
| #define HAVE_GETNAMEINFO 1
| #define TIME_WITH_SYS_TIME 1
| #define HAVE_STRUCT_TM_TM_ZONE 1
| #define HAVE_TM_ZONE 1
| #define HAVE_STRUCT_STAT_ST_RDEV 1
| #define HAVE_STRUCT_STAT_ST_BLKSIZE 1
| #define HAVE_STRUCT_STAT_ST_BLOCKS 1
| #define HAVE_STRUCT_PASSWD_PW_GECOS 1
| #define HAVE_STRUCT_PASSWD_PW_PASSWD 1
| #define HAVE_SIGINFO_T_SI_BAND 1
| /* end confdefs.h.  */
| #include <time.h>
| int
| main ()
| {
| return altzone;
|   ;
|   return 0;
| }
configure:13778: result: no
configure:13787: checking whether sys/select.h and sys/time.h may both be included
configure:13804: gcc -c -I/data/data/com.termux/files/usr/include  conftest.c >&5
configure:13804: $? = 0
configure:13813: result: yes
configure:13816: checking for addrinfo
configure:13832: gcc -c -I/data/data/com.termux/files/usr/include  conftest.c >&5
configure:13832: $? = 0
configure:13840: result: yes
configure:13848: checking for sockaddr_storage
configure:13866: gcc -c -I/data/data/com.termux/files/usr/include  conftest.c >&5
configure:13866: $? = 0
configure:13874: result: yes
configure:13882: checking for sockaddr_alg
configure:13901: gcc -c -I/data/data/com.termux/files/usr/include  conftest.c >&5
configure:13901: $? = 0
configure:13909: result: yes
configure:13919: checking whether char is unsigned
configure:13938: gcc -c -I/data/data/com.termux/files/usr/include  conftest.c >&5
conftest.c:357:24: error: 'test_array' declared as an array with a negative size
  357 | static int test_array [1 - 2 * !(((char) -1) < 0)];
      |                        ^~~~~~~~~~~~~~~~~~~~~~~~~~
1 error generated.
configure:13938: $? = 1
configure: failed program was:
| /* confdefs.h */
| #define _GNU_SOURCE 1
| #define _NETBSD_SOURCE 1
| #define __BSD_VISIBLE 1
| #define _DARWIN_C_SOURCE 1
| #define _PYTHONFRAMEWORK ""
| #define _XOPEN_SOURCE 700
| #define _XOPEN_SOURCE_EXTENDED 1
| #define _POSIX_C_SOURCE 200809L
| #define STDC_HEADERS 1
| #define HAVE_SYS_TYPES_H 1
| #define HAVE_SYS_STAT_H 1
| #define HAVE_STDLIB_H 1
| #define HAVE_STRING_H 1
| #define HAVE_MEMORY_H 1
| #define HAVE_STRINGS_H 1
| #define HAVE_INTTYPES_H 1
| #define HAVE_STDINT_H 1
| #define HAVE_UNISTD_H 1
| #define __EXTENSIONS__ 1
| #define _ALL_SOURCE 1
| #define _GNU_SOURCE 1
| #define _POSIX_PTHREAD_SEMANTICS 1
| #define _TANDEM_SOURCE 1
| #define ANDROID_API_LEVEL 24
| #define STDC_HEADERS 1
| #define HAVE_ASM_TYPES_H 1
| #define HAVE_CRYPT_H 1
| #define HAVE_DLFCN_H 1
| #define HAVE_ERRNO_H 1
| #define HAVE_FCNTL_H 1
| #define HAVE_GRP_H 1
| #define HAVE_LANGINFO_H 1
| #define HAVE_LIBINTL_H 1
| #define HAVE_PTHREAD_H 1
| #define HAVE_SCHED_H 1
| #define HAVE_SIGNAL_H 1
| #define HAVE_TERMIOS_H 1
| #define HAVE_UTIME_H 1
| #define HAVE_POLL_H 1
| #define HAVE_SYS_EPOLL_H 1
| #define HAVE_SYS_POLL_H 1
| #define HAVE_SYS_XATTR_H 1
| #define HAVE_SYS_FILE_H 1
| #define HAVE_SYS_IOCTL_H 1
| #define HAVE_SYS_PARAM_H 1
| #define HAVE_SYS_RANDOM_H 1
| #define HAVE_SYS_SELECT_H 1
| #define HAVE_SYS_SENDFILE_H 1
| #define HAVE_SYS_SOCKET_H 1
| #define HAVE_SYS_STATVFS_H 1
| #define HAVE_SYS_STAT_H 1
| #define HAVE_SYS_SYSCALL_H 1
| #define HAVE_SYS_TIME_H 1
| #define HAVE_SYS_TIMES_H 1
| #define HAVE_SYS_TYPES_H 1
| #define HAVE_SYS_UIO_H 1
| #define HAVE_SYS_UN_H 1
| #define HAVE_SYS_UTSNAME_H 1
| #define HAVE_SYS_WAIT_H 1
| #define HAVE_PTY_H 1
| #define HAVE_SYS_RESOURCE_H 1
| #define HAVE_NETPACKET_PACKET_H 1
| #define HAVE_SYSEXITS_H 1
| #define HAVE_LINUX_TIPC_H 1
| #define HAVE_LINUX_RANDOM_H 1
| #define HAVE_SPAWN_H 1
| #define HAVE_ALLOCA_H 1
| #define HAVE_ENDIAN_H 1
| #define HAVE_SYS_ENDIAN_H 1
| #define HAVE_SYS_SYSMACROS_H 1
| #define HAVE_LINUX_MEMFD_H 1
| #define HAVE_LINUX_WAIT_H 1
| #define HAVE_SYS_MMAN_H 1
| #define HAVE_DIRENT_H 1
| #define MAJOR_IN_SYSMACROS 1
| #define HAVE_NET_IF_H 1
| #define HAVE_LINUX_NETLINK_H 1
| #define HAVE_LINUX_QRTR_H 1
| #define HAVE_LINUX_VM_SOCKETS_H 1
| #define HAVE_LINUX_CAN_H 1
| #define HAVE_LINUX_CAN_BCM_H 1
| #define HAVE_LINUX_CAN_J1939_H 1
| #define HAVE_LINUX_CAN_RAW_H 1
| #define HAVE_MAKEDEV 1
| #define HAVE_HTOLE64 1
| #define _LARGEFILE_SOURCE 1
| #define _FILE_OFFSET_BITS 64
| #if defined(SCO_DS)
| #undef _OFF_T
| #endif
| #define RETSIGTYPE void
| #define HAVE_SSIZE_T 1
| #define HAVE_GCC_UINT128_T 1
| #define SIZEOF_INT 4
| #define SIZEOF_LONG 8
| #define SIZEOF_LONG_LONG 8
| #define SIZEOF_VOID_P 8
| #define SIZEOF_SHORT 2
| #define SIZEOF_FLOAT 4
| #define SIZEOF_DOUBLE 8
| #define SIZEOF_FPOS_T 8
| #define SIZEOF_SIZE_T 8
| #define SIZEOF_PID_T 4
| #define SIZEOF_UINTPTR_T 8
| #define HAVE_LONG_DOUBLE 1
| #define SIZEOF_LONG_DOUBLE 16
| #define SIZEOF__BOOL 1
| #define SIZEOF_OFF_T 8
| #define SIZEOF_TIME_T 8
| #define SIZEOF_PTHREAD_T 8
| #define SIZEOF_PTHREAD_KEY_T 4
| #define PTHREAD_KEY_T_IS_COMPATIBLE_WITH_INT 1
| #define HAVE_LIBDL 1
| #define HAVE_UUID_UUID_H 1
| #define HAVE_UUID_GENERATE_TIME_SAFE 1
| #define WITH_DECIMAL_CONTEXTVAR 1
| #define _REENTRANT 1
| #define HAVE_PTHREAD_SIGMASK 1
| #define HAVE_PTHREAD_GETCPUCLOCKID 1
| #define ENABLE_IPV6 1
| #define HAVE_LINUX_CAN_RAW_FD_FRAMES 1
| #define HAVE_LINUX_CAN_RAW_JOIN_FILTERS 1
| #define WITH_DOC_STRINGS 1
| #define WITH_PYMALLOC 1
| #define PY_COERCE_C_LOCALE 1
| #define HAVE_DLOPEN 1
| #define HAVE_DYNAMIC_LOADING 1
| #define HAVE_ALARM 1
| #define HAVE_ACCEPT4 1
| #define HAVE_SETITIMER 1
| #define HAVE_GETITIMER 1
| #define HAVE_CHOWN 1
| #define HAVE_CLOCK 1
| #define HAVE_CTERMID 1
| #define HAVE_DUP3 1
| #define HAVE_EXECV 1
| #define HAVE_FACCESSAT 1
| #define HAVE_FCHMOD 1
| #define HAVE_FCHMODAT 1
| #define HAVE_FCHOWN 1
| #define HAVE_FCHOWNAT 1
| #define HAVE_FEXECVE 1
| #define HAVE_FDOPENDIR 1
| #define HAVE_FORK 1
| #define HAVE_FPATHCONF 1
| #define HAVE_FSTATAT 1
| #define HAVE_FTRUNCATE 1
| #define HAVE_FUTIMESAT 1
| #define HAVE_FUTIMENS 1
| #define HAVE_FUTIMES 1
| #define HAVE_GAI_STRERROR 1
| #define HAVE_GETENTROPY 1
| #define HAVE_GETGRGID_R 1
| #define HAVE_GETGRNAM_R 1
| #define HAVE_GETGROUPLIST 1
| #define HAVE_GETGROUPS 1
| #define HAVE_GETLOGIN 1
| #define HAVE_GETLOADAVG 1
| #define HAVE_GETPEERNAME 1
| #define HAVE_GETPGID 1
| #define HAVE_GETPID 1
| #define HAVE_GETPRIORITY 1
| #define HAVE_GETRESUID 1
| #define HAVE_GETRESGID 1
| #define HAVE_GETPWENT 1
| #define HAVE_GETPWNAM_R 1
| #define HAVE_GETPWUID_R 1
| #define HAVE_GETSID 1
| #define HAVE_IF_NAMEINDEX 1
| #define HAVE_INITGROUPS 1
| #define HAVE_KILL 1
| #define HAVE_KILLPG 1
| #define HAVE_LCHOWN 1
| #define HAVE_LOCKF 1
| #define HAVE_LINKAT 1
| #define HAVE_LSTAT 1
| #define HAVE_LUTIMES 1
| #define HAVE_MMAP 1
| #define HAVE_MEMRCHR 1
| #define HAVE_MBRTOWC 1
| #define HAVE_MKDIRAT 1
| #define HAVE_MKFIFO 1
| #define HAVE_MADVISE 1
| #define HAVE_MKFIFOAT 1
| #define HAVE_MKNOD 1
| #define HAVE_MKNODAT 1
| #define HAVE_MKTIME 1
| #define HAVE_MREMAP 1
| #define HAVE_NICE 1
| #define HAVE_OPENAT 1
| #define HAVE_PATHCONF 1
| #define HAVE_PAUSE 1
| #define HAVE_PIPE2 1
| #define HAVE_POLL 1
| #define HAVE_POSIX_FALLOCATE 1
| #define HAVE_POSIX_FADVISE 1
| #define HAVE_POSIX_SPAWN 1
| #define HAVE_POSIX_SPAWNP 1
| #define HAVE_PREAD 1
| #define HAVE_PREADV 1
| #define HAVE_PREADV2 1
| #define HAVE_PTHREAD_CONDATTR_SETCLOCK 1
| #define HAVE_PTHREAD_KILL 1
| #define HAVE_PWRITE 1
| #define HAVE_PWRITEV 1
| #define HAVE_PWRITEV2 1
| #define HAVE_READLINK 1
| #define HAVE_READLINKAT 1
| #define HAVE_READV 1
| #define HAVE_REALPATH 1
| #define HAVE_RENAMEAT 1
| #define HAVE_SEM_OPEN 1
| #define HAVE_SEM_TIMEDWAIT 1
| #define HAVE_SEM_GETVALUE 1
| #define HAVE_SEM_UNLINK 1
| #define HAVE_SENDFILE 1
| #define HAVE_SETEGID 1
| #define HAVE_SETEUID 1
| #define HAVE_SETGID 1
| #define HAVE_SETHOSTNAME 1
| #define HAVE_SETLOCALE 1
| #define HAVE_SETREGID 1
| #define HAVE_SETREUID 1
| #define HAVE_SETRESUID 1
| #define HAVE_SETRESGID 1
| #define HAVE_SETSID 1
| #define HAVE_SETPGID 1
| #define HAVE_SETPGRP 1
| #define HAVE_SETPRIORITY 1
| #define HAVE_SETUID 1
| #define HAVE_SETVBUF 1
| #define HAVE_SCHED_GET_PRIORITY_MAX 1
| #define HAVE_SCHED_SETAFFINITY 1
| #define HAVE_SCHED_SETSCHEDULER 1
| #define HAVE_SCHED_SETPARAM 1
| #define HAVE_SCHED_RR_GET_INTERVAL 1
| #define HAVE_SIGACTION 1
| #define HAVE_SIGALTSTACK 1
| #define HAVE_SIGFILLSET 1
| #define HAVE_SIGINTERRUPT 1
| #define HAVE_SIGPENDING 1
| #define HAVE_SIGRELSE 1
| #define HAVE_SIGTIMEDWAIT 1
| #define HAVE_SIGWAIT 1
| #define HAVE_SIGWAITINFO 1
| #define HAVE_SNPRINTF 1
| #define HAVE_STRFTIME 1
| #define HAVE_STRLCPY 1
| #define HAVE_STRSIGNAL 1
| #define HAVE_SYMLINKAT 1
| #define HAVE_SYNC 1
| #define HAVE_SYSCONF 1
| #define HAVE_TCGETPGRP 1
| #define HAVE_TCSETPGRP 1
| #define HAVE_TEMPNAM 1
| #define HAVE_TIMEGM 1
| #define HAVE_TIMES 1
| #define HAVE_TMPFILE 1
| #define HAVE_TMPNAM 1
| #define HAVE_TRUNCATE 1
| #define HAVE_UNAME 1
| #define HAVE_UNLINKAT 1
| #define HAVE_UTIMENSAT 1
| #define HAVE_UTIMES 1
| #define HAVE_WAITID 1
| #define HAVE_WAITPID 1
| #define HAVE_WAIT4 1
| #define HAVE_WCSCOLL 1
| #define HAVE_WCSFTIME 1
| #define HAVE_WCSXFRM 1
| #define HAVE_WMEMCMP 1
| #define HAVE_WRITEV 1
| #define HAVE_DIRFD 1
| #define HAVE_CHROOT 1
| #define HAVE_LINK 1
| #define HAVE_SYMLINK 1
| #define HAVE_FCHDIR 1
| #define HAVE_FSYNC 1
| #define HAVE_FDATASYNC 1
| #define HAVE_EPOLL 1
| #define HAVE_EPOLL_CREATE1 1
| #define HAVE_PRLIMIT 1
| #define HAVE_FLOCK 1
| #define HAVE_GETPAGESIZE 1
| #define HAVE_ZLIB_COPY 1
| #define HAVE_HSTRERROR 1
| #define HAVE_INET_ATON 1
| #define HAVE_INET_PTON 1
| #define HAVE_SETGROUPS 1
| #define HAVE_OPENPTY 1
| #define HAVE_FORKPTY 1
| #define HAVE_FSEEKO 1
| #define HAVE_FSTATVFS 1
| #define HAVE_FTELLO 1
| #define HAVE_STATVFS 1
| #define HAVE_DUP2 1
| #define HAVE_STRDUP 1
| #define HAVE_GETPGRP 1
| #define HAVE_SETPGRP 1
| #define HAVE_CLOCK_GETTIME 1
| #define HAVE_CLOCK_GETRES 1
| #define HAVE_CLOCK_SETTIME 1
| #define HAVE_DEVICE_MACROS 1
| #define HAVE_GETADDRINFO 1
| #define HAVE_GETNAMEINFO 1
| #define TIME_WITH_SYS_TIME 1
| #define HAVE_STRUCT_TM_TM_ZONE 1
| #define HAVE_TM_ZONE 1
| #define HAVE_STRUCT_STAT_ST_RDEV 1
| #define HAVE_STRUCT_STAT_ST_BLKSIZE 1
| #define HAVE_STRUCT_STAT_ST_BLOCKS 1
| #define HAVE_STRUCT_PASSWD_PW_GECOS 1
| #define HAVE_STRUCT_PASSWD_PW_PASSWD 1
| #define HAVE_SIGINFO_T_SI_BAND 1
| #define SYS_SELECT_WITH_SYS_TIME 1
| #define HAVE_ADDRINFO 1
| #define HAVE_SOCKADDR_STORAGE 1
| #define HAVE_SOCKADDR_ALG 1
| /* end confdefs.h.  */
| #include <stdio.h>
| #ifdef HAVE_SYS_TYPES_H
| # include <sys/types.h>
| #endif
| #ifdef HAVE_SYS_STAT_H
| # include <sys/stat.h>
| #endif
| #ifdef STDC_HEADERS
| # include <stdlib.h>
| # include <stddef.h>
| #else
| # ifdef HAVE_STDLIB_H
| #  include <stdlib.h>
| # endif
| #endif
| #ifdef HAVE_STRING_H
| # if !defined STDC_HEADERS && defined HAVE_MEMORY_H
| #  include <memory.h>
| # endif
| # include <string.h>
| #endif
| #ifdef HAVE_STRINGS_H
| # include <strings.h>
| #endif
| #ifdef HAVE_INTTYPES_H
| # include <inttypes.h>
| #endif
| #ifdef HAVE_STDINT_H
| # include <stdint.h>
| #endif
| #ifdef HAVE_UNISTD_H
| # include <unistd.h>
| #endif
| int
| main ()
| {
| static int test_array [1 - 2 * !(((char) -1) < 0)];
| test_array [0] = 0;
| return test_array [0];
| 
|   ;
|   return 0;
| }
configure:13945: result: yes
configure:13952: checking for an ANSI C-conforming const
configure:14018: gcc -c -I/data/data/com.termux/files/usr/include  conftest.c >&5
configure:14018: $? = 0
configure:14025: result: yes
configure:14035: checking for working signed char
configure:14048: gcc -c -I/data/data/com.termux/files/usr/include  conftest.c >&5
configure:14048: $? = 0
configure:14057: result: yes
configure:14061: checking for prototypes
configure:14074: gcc -c -I/data/data/com.termux/files/usr/include  conftest.c >&5
configure:14074: $? = 0
configure:14081: result: yes
configure:14085: checking for variable length prototypes and stdarg.h
configure:14108: gcc -c -I/data/data/com.termux/files/usr/include  conftest.c >&5
configure:14108: $? = 0
configure:14117: result: yes
configure:14121: checking for socketpair
configure:14137: gcc -c -I/data/data/com.termux/files/usr/include  conftest.c >&5
configure:14137: $? = 0
configure:14141: result: yes
configure:14151: checking if sockaddr has sa_len member
configure:14166: gcc -c -I/data/data/com.termux/files/usr/include  conftest.c >&5
conftest.c:330:3: error: no member named 'sa_len' in 'struct sockaddr'
  330 | x.sa_len = 0;
      | ~ ^
1 error generated.
configure:14166: $? = 1
configure: failed program was:
| /* confdefs.h */
| #define _GNU_SOURCE 1
| #define _NETBSD_SOURCE 1
| #define __BSD_VISIBLE 1
| #define _DARWIN_C_SOURCE 1
| #define _PYTHONFRAMEWORK ""
| #define _XOPEN_SOURCE 700
| #define _XOPEN_SOURCE_EXTENDED 1
| #define _POSIX_C_SOURCE 200809L
| #define STDC_HEADERS 1
| #define HAVE_SYS_TYPES_H 1
| #define HAVE_SYS_STAT_H 1
| #define HAVE_STDLIB_H 1
| #define HAVE_STRING_H 1
| #define HAVE_MEMORY_H 1
| #define HAVE_STRINGS_H 1
| #define HAVE_INTTYPES_H 1
| #define HAVE_STDINT_H 1
| #define HAVE_UNISTD_H 1
| #define __EXTENSIONS__ 1
| #define _ALL_SOURCE 1
| #define _GNU_SOURCE 1
| #define _POSIX_PTHREAD_SEMANTICS 1
| #define _TANDEM_SOURCE 1
| #define ANDROID_API_LEVEL 24
| #define STDC_HEADERS 1
| #define HAVE_ASM_TYPES_H 1
| #define HAVE_CRYPT_H 1
| #define HAVE_DLFCN_H 1
| #define HAVE_ERRNO_H 1
| #define HAVE_FCNTL_H 1
| #define HAVE_GRP_H 1
| #define HAVE_LANGINFO_H 1
| #define HAVE_LIBINTL_H 1
| #define HAVE_PTHREAD_H 1
| #define HAVE_SCHED_H 1
| #define HAVE_SIGNAL_H 1
| #define HAVE_TERMIOS_H 1
| #define HAVE_UTIME_H 1
| #define HAVE_POLL_H 1
| #define HAVE_SYS_EPOLL_H 1
| #define HAVE_SYS_POLL_H 1
| #define HAVE_SYS_XATTR_H 1
| #define HAVE_SYS_FILE_H 1
| #define HAVE_SYS_IOCTL_H 1
| #define HAVE_SYS_PARAM_H 1
| #define HAVE_SYS_RANDOM_H 1
| #define HAVE_SYS_SELECT_H 1
| #define HAVE_SYS_SENDFILE_H 1
| #define HAVE_SYS_SOCKET_H 1
| #define HAVE_SYS_STATVFS_H 1
| #define HAVE_SYS_STAT_H 1
| #define HAVE_SYS_SYSCALL_H 1
| #define HAVE_SYS_TIME_H 1
| #define HAVE_SYS_TIMES_H 1
| #define HAVE_SYS_TYPES_H 1
| #define HAVE_SYS_UIO_H 1
| #define HAVE_SYS_UN_H 1
| #define HAVE_SYS_UTSNAME_H 1
| #define HAVE_SYS_WAIT_H 1
| #define HAVE_PTY_H 1
| #define HAVE_SYS_RESOURCE_H 1
| #define HAVE_NETPACKET_PACKET_H 1
| #define HAVE_SYSEXITS_H 1
| #define HAVE_LINUX_TIPC_H 1
| #define HAVE_LINUX_RANDOM_H 1
| #define HAVE_SPAWN_H 1
| #define HAVE_ALLOCA_H 1
| #define HAVE_ENDIAN_H 1
| #define HAVE_SYS_ENDIAN_H 1
| #define HAVE_SYS_SYSMACROS_H 1
| #define HAVE_LINUX_MEMFD_H 1
| #define HAVE_LINUX_WAIT_H 1
| #define HAVE_SYS_MMAN_H 1
| #define HAVE_DIRENT_H 1
| #define MAJOR_IN_SYSMACROS 1
| #define HAVE_NET_IF_H 1
| #define HAVE_LINUX_NETLINK_H 1
| #define HAVE_LINUX_QRTR_H 1
| #define HAVE_LINUX_VM_SOCKETS_H 1
| #define HAVE_LINUX_CAN_H 1
| #define HAVE_LINUX_CAN_BCM_H 1
| #define HAVE_LINUX_CAN_J1939_H 1
| #define HAVE_LINUX_CAN_RAW_H 1
| #define HAVE_MAKEDEV 1
| #define HAVE_HTOLE64 1
| #define _LARGEFILE_SOURCE 1
| #define _FILE_OFFSET_BITS 64
| #if defined(SCO_DS)
| #undef _OFF_T
| #endif
| #define RETSIGTYPE void
| #define HAVE_SSIZE_T 1
| #define HAVE_GCC_UINT128_T 1
| #define SIZEOF_INT 4
| #define SIZEOF_LONG 8
| #define SIZEOF_LONG_LONG 8
| #define SIZEOF_VOID_P 8
| #define SIZEOF_SHORT 2
| #define SIZEOF_FLOAT 4
| #define SIZEOF_DOUBLE 8
| #define SIZEOF_FPOS_T 8
| #define SIZEOF_SIZE_T 8
| #define SIZEOF_PID_T 4
| #define SIZEOF_UINTPTR_T 8
| #define HAVE_LONG_DOUBLE 1
| #define SIZEOF_LONG_DOUBLE 16
| #define SIZEOF__BOOL 1
| #define SIZEOF_OFF_T 8
| #define SIZEOF_TIME_T 8
| #define SIZEOF_PTHREAD_T 8
| #define SIZEOF_PTHREAD_KEY_T 4
| #define PTHREAD_KEY_T_IS_COMPATIBLE_WITH_INT 1
| #define HAVE_LIBDL 1
| #define HAVE_UUID_UUID_H 1
| #define HAVE_UUID_GENERATE_TIME_SAFE 1
| #define WITH_DECIMAL_CONTEXTVAR 1
| #define _REENTRANT 1
| #define HAVE_PTHREAD_SIGMASK 1
| #define HAVE_PTHREAD_GETCPUCLOCKID 1
| #define ENABLE_IPV6 1
| #define HAVE_LINUX_CAN_RAW_FD_FRAMES 1
| #define HAVE_LINUX_CAN_RAW_JOIN_FILTERS 1
| #define WITH_DOC_STRINGS 1
| #define WITH_PYMALLOC 1
| #define PY_COERCE_C_LOCALE 1
| #define HAVE_DLOPEN 1
| #define HAVE_DYNAMIC_LOADING 1
| #define HAVE_ALARM 1
| #define HAVE_ACCEPT4 1
| #define HAVE_SETITIMER 1
| #define HAVE_GETITIMER 1
| #define HAVE_CHOWN 1
| #define HAVE_CLOCK 1
| #define HAVE_CTERMID 1
| #define HAVE_DUP3 1
| #define HAVE_EXECV 1
| #define HAVE_FACCESSAT 1
| #define HAVE_FCHMOD 1
| #define HAVE_FCHMODAT 1
| #define HAVE_FCHOWN 1
| #define HAVE_FCHOWNAT 1
| #define HAVE_FEXECVE 1
| #define HAVE_FDOPENDIR 1
| #define HAVE_FORK 1
| #define HAVE_FPATHCONF 1
| #define HAVE_FSTATAT 1
| #define HAVE_FTRUNCATE 1
| #define HAVE_FUTIMESAT 1
| #define HAVE_FUTIMENS 1
| #define HAVE_FUTIMES 1
| #define HAVE_GAI_STRERROR 1
| #define HAVE_GETENTROPY 1
| #define HAVE_GETGRGID_R 1
| #define HAVE_GETGRNAM_R 1
| #define HAVE_GETGROUPLIST 1
| #define HAVE_GETGROUPS 1
| #define HAVE_GETLOGIN 1
| #define HAVE_GETLOADAVG 1
| #define HAVE_GETPEERNAME 1
| #define HAVE_GETPGID 1
| #define HAVE_GETPID 1
| #define HAVE_GETPRIORITY 1
| #define HAVE_GETRESUID 1
| #define HAVE_GETRESGID 1
| #define HAVE_GETPWENT 1
| #define HAVE_GETPWNAM_R 1
| #define HAVE_GETPWUID_R 1
| #define HAVE_GETSID 1
| #define HAVE_IF_NAMEINDEX 1
| #define HAVE_INITGROUPS 1
| #define HAVE_KILL 1
| #define HAVE_KILLPG 1
| #define HAVE_LCHOWN 1
| #define HAVE_LOCKF 1
| #define HAVE_LINKAT 1
| #define HAVE_LSTAT 1
| #define HAVE_LUTIMES 1
| #define HAVE_MMAP 1
| #define HAVE_MEMRCHR 1
| #define HAVE_MBRTOWC 1
| #define HAVE_MKDIRAT 1
| #define HAVE_MKFIFO 1
| #define HAVE_MADVISE 1
| #define HAVE_MKFIFOAT 1
| #define HAVE_MKNOD 1
| #define HAVE_MKNODAT 1
| #define HAVE_MKTIME 1
| #define HAVE_MREMAP 1
| #define HAVE_NICE 1
| #define HAVE_OPENAT 1
| #define HAVE_PATHCONF 1
| #define HAVE_PAUSE 1
| #define HAVE_PIPE2 1
| #define HAVE_POLL 1
| #define HAVE_POSIX_FALLOCATE 1
| #define HAVE_POSIX_FADVISE 1
| #define HAVE_POSIX_SPAWN 1
| #define HAVE_POSIX_SPAWNP 1
| #define HAVE_PREAD 1
| #define HAVE_PREADV 1
| #define HAVE_PREADV2 1
| #define HAVE_PTHREAD_CONDATTR_SETCLOCK 1
| #define HAVE_PTHREAD_KILL 1
| #define HAVE_PWRITE 1
| #define HAVE_PWRITEV 1
| #define HAVE_PWRITEV2 1
| #define HAVE_READLINK 1
| #define HAVE_READLINKAT 1
| #define HAVE_READV 1
| #define HAVE_REALPATH 1
| #define HAVE_RENAMEAT 1
| #define HAVE_SEM_OPEN 1
| #define HAVE_SEM_TIMEDWAIT 1
| #define HAVE_SEM_GETVALUE 1
| #define HAVE_SEM_UNLINK 1
| #define HAVE_SENDFILE 1
| #define HAVE_SETEGID 1
| #define HAVE_SETEUID 1
| #define HAVE_SETGID 1
| #define HAVE_SETHOSTNAME 1
| #define HAVE_SETLOCALE 1
| #define HAVE_SETREGID 1
| #define HAVE_SETREUID 1
| #define HAVE_SETRESUID 1
| #define HAVE_SETRESGID 1
| #define HAVE_SETSID 1
| #define HAVE_SETPGID 1
| #define HAVE_SETPGRP 1
| #define HAVE_SETPRIORITY 1
| #define HAVE_SETUID 1
| #define HAVE_SETVBUF 1
| #define HAVE_SCHED_GET_PRIORITY_MAX 1
| #define HAVE_SCHED_SETAFFINITY 1
| #define HAVE_SCHED_SETSCHEDULER 1
| #define HAVE_SCHED_SETPARAM 1
| #define HAVE_SCHED_RR_GET_INTERVAL 1
| #define HAVE_SIGACTION 1
| #define HAVE_SIGALTSTACK 1
| #define HAVE_SIGFILLSET 1
| #define HAVE_SIGINTERRUPT 1
| #define HAVE_SIGPENDING 1
| #define HAVE_SIGRELSE 1
| #define HAVE_SIGTIMEDWAIT 1
| #define HAVE_SIGWAIT 1
| #define HAVE_SIGWAITINFO 1
| #define HAVE_SNPRINTF 1
| #define HAVE_STRFTIME 1
| #define HAVE_STRLCPY 1
| #define HAVE_STRSIGNAL 1
| #define HAVE_SYMLINKAT 1
| #define HAVE_SYNC 1
| #define HAVE_SYSCONF 1
| #define HAVE_TCGETPGRP 1
| #define HAVE_TCSETPGRP 1
| #define HAVE_TEMPNAM 1
| #define HAVE_TIMEGM 1
| #define HAVE_TIMES 1
| #define HAVE_TMPFILE 1
| #define HAVE_TMPNAM 1
| #define HAVE_TRUNCATE 1
| #define HAVE_UNAME 1
| #define HAVE_UNLINKAT 1
| #define HAVE_UTIMENSAT 1
| #define HAVE_UTIMES 1
| #define HAVE_WAITID 1
| #define HAVE_WAITPID 1
| #define HAVE_WAIT4 1
| #define HAVE_WCSCOLL 1
| #define HAVE_WCSFTIME 1
| #define HAVE_WCSXFRM 1
| #define HAVE_WMEMCMP 1
| #define HAVE_WRITEV 1
| #define HAVE_DIRFD 1
| #define HAVE_CHROOT 1
| #define HAVE_LINK 1
| #define HAVE_SYMLINK 1
| #define HAVE_FCHDIR 1
| #define HAVE_FSYNC 1
| #define HAVE_FDATASYNC 1
| #define HAVE_EPOLL 1
| #define HAVE_EPOLL_CREATE1 1
| #define HAVE_PRLIMIT 1
| #define HAVE_FLOCK 1
| #define HAVE_GETPAGESIZE 1
| #define HAVE_ZLIB_COPY 1
| #define HAVE_HSTRERROR 1
| #define HAVE_INET_ATON 1
| #define HAVE_INET_PTON 1
| #define HAVE_SETGROUPS 1
| #define HAVE_OPENPTY 1
| #define HAVE_FORKPTY 1
| #define HAVE_FSEEKO 1
| #define HAVE_FSTATVFS 1
| #define HAVE_FTELLO 1
| #define HAVE_STATVFS 1
| #define HAVE_DUP2 1
| #define HAVE_STRDUP 1
| #define HAVE_GETPGRP 1
| #define HAVE_SETPGRP 1
| #define HAVE_CLOCK_GETTIME 1
| #define HAVE_CLOCK_GETRES 1
| #define HAVE_CLOCK_SETTIME 1
| #define HAVE_DEVICE_MACROS 1
| #define HAVE_GETADDRINFO 1
| #define HAVE_GETNAMEINFO 1
| #define TIME_WITH_SYS_TIME 1
| #define HAVE_STRUCT_TM_TM_ZONE 1
| #define HAVE_TM_ZONE 1
| #define HAVE_STRUCT_STAT_ST_RDEV 1
| #define HAVE_STRUCT_STAT_ST_BLKSIZE 1
| #define HAVE_STRUCT_STAT_ST_BLOCKS 1
| #define HAVE_STRUCT_PASSWD_PW_GECOS 1
| #define HAVE_STRUCT_PASSWD_PW_PASSWD 1
| #define HAVE_SIGINFO_T_SI_BAND 1
| #define SYS_SELECT_WITH_SYS_TIME 1
| #define HAVE_ADDRINFO 1
| #define HAVE_SOCKADDR_STORAGE 1
| #define HAVE_SOCKADDR_ALG 1
| #define HAVE_PROTOTYPES 1
| #define HAVE_STDARG_PROTOTYPES 1
| #define HAVE_SOCKETPAIR 1
| /* end confdefs.h.  */
| #include <sys/types.h>
| #include <sys/socket.h>
| int
| main ()
| {
| struct sockaddr x;
| x.sa_len = 0;
|   ;
|   return 0;
| }
configure:14173: result: no
configure:14182: checking for gethostbyname_r
configure:14182: gcc -o conftest -I/data/data/com.termux/files/usr/include  -L/data/data/com.termux/files/usr/lib conftest.c -lcrypt -ldl  >&5
configure:14182: $? = 0
configure:14182: result: yes
configure:14187: checking gethostbyname_r with 6 args
configure:14212: gcc -c -I/data/data/com.termux/files/usr/include     conftest.c >&5
configure:14212: $? = 0
configure:14219: result: yes
configure:14335: checking for __fpu_control
configure:14335: gcc -o conftest -I/data/data/com.termux/files/usr/include  -L/data/data/com.termux/files/usr/lib conftest.c -lcrypt -ldl  >&5
ld.lld: error: undefined symbol: __fpu_control
>>> referenced by conftest.c
>>>               /data/data/com.termux/files/usr/tmp/conftest-be06fd.o:(main)
gcc: error: linker command failed with exit code 1 (use -v to see invocation)
configure:14335: $? = 1
configure: failed program was:
| /* confdefs.h */
| #define _GNU_SOURCE 1
| #define _NETBSD_SOURCE 1
| #define __BSD_VISIBLE 1
| #define _DARWIN_C_SOURCE 1
| #define _PYTHONFRAMEWORK ""
| #define _XOPEN_SOURCE 700
| #define _XOPEN_SOURCE_EXTENDED 1
| #define _POSIX_C_SOURCE 200809L
| #define STDC_HEADERS 1
| #define HAVE_SYS_TYPES_H 1
| #define HAVE_SYS_STAT_H 1
| #define HAVE_STDLIB_H 1
| #define HAVE_STRING_H 1
| #define HAVE_MEMORY_H 1
| #define HAVE_STRINGS_H 1
| #define HAVE_INTTYPES_H 1
| #define HAVE_STDINT_H 1
| #define HAVE_UNISTD_H 1
| #define __EXTENSIONS__ 1
| #define _ALL_SOURCE 1
| #define _GNU_SOURCE 1
| #define _POSIX_PTHREAD_SEMANTICS 1
| #define _TANDEM_SOURCE 1
| #define ANDROID_API_LEVEL 24
| #define STDC_HEADERS 1
| #define HAVE_ASM_TYPES_H 1
| #define HAVE_CRYPT_H 1
| #define HAVE_DLFCN_H 1
| #define HAVE_ERRNO_H 1
| #define HAVE_FCNTL_H 1
| #define HAVE_GRP_H 1
| #define HAVE_LANGINFO_H 1
| #define HAVE_LIBINTL_H 1
| #define HAVE_PTHREAD_H 1
| #define HAVE_SCHED_H 1
| #define HAVE_SIGNAL_H 1
| #define HAVE_TERMIOS_H 1
| #define HAVE_UTIME_H 1
| #define HAVE_POLL_H 1
| #define HAVE_SYS_EPOLL_H 1
| #define HAVE_SYS_POLL_H 1
| #define HAVE_SYS_XATTR_H 1
| #define HAVE_SYS_FILE_H 1
| #define HAVE_SYS_IOCTL_H 1
| #define HAVE_SYS_PARAM_H 1
| #define HAVE_SYS_RANDOM_H 1
| #define HAVE_SYS_SELECT_H 1
| #define HAVE_SYS_SENDFILE_H 1
| #define HAVE_SYS_SOCKET_H 1
| #define HAVE_SYS_STATVFS_H 1
| #define HAVE_SYS_STAT_H 1
| #define HAVE_SYS_SYSCALL_H 1
| #define HAVE_SYS_TIME_H 1
| #define HAVE_SYS_TIMES_H 1
| #define HAVE_SYS_TYPES_H 1
| #define HAVE_SYS_UIO_H 1
| #define HAVE_SYS_UN_H 1
| #define HAVE_SYS_UTSNAME_H 1
| #define HAVE_SYS_WAIT_H 1
| #define HAVE_PTY_H 1
| #define HAVE_SYS_RESOURCE_H 1
| #define HAVE_NETPACKET_PACKET_H 1
| #define HAVE_SYSEXITS_H 1
| #define HAVE_LINUX_TIPC_H 1
| #define HAVE_LINUX_RANDOM_H 1
| #define HAVE_SPAWN_H 1
| #define HAVE_ALLOCA_H 1
| #define HAVE_ENDIAN_H 1
| #define HAVE_SYS_ENDIAN_H 1
| #define HAVE_SYS_SYSMACROS_H 1
| #define HAVE_LINUX_MEMFD_H 1
| #define HAVE_LINUX_WAIT_H 1
| #define HAVE_SYS_MMAN_H 1
| #define HAVE_DIRENT_H 1
| #define MAJOR_IN_SYSMACROS 1
| #define HAVE_NET_IF_H 1
| #define HAVE_LINUX_NETLINK_H 1
| #define HAVE_LINUX_QRTR_H 1
| #define HAVE_LINUX_VM_SOCKETS_H 1
| #define HAVE_LINUX_CAN_H 1
| #define HAVE_LINUX_CAN_BCM_H 1
| #define HAVE_LINUX_CAN_J1939_H 1
| #define HAVE_LINUX_CAN_RAW_H 1
| #define HAVE_MAKEDEV 1
| #define HAVE_HTOLE64 1
| #define _LARGEFILE_SOURCE 1
| #define _FILE_OFFSET_BITS 64
| #if defined(SCO_DS)
| #undef _OFF_T
| #endif
| #define RETSIGTYPE void
| #define HAVE_SSIZE_T 1
| #define HAVE_GCC_UINT128_T 1
| #define SIZEOF_INT 4
| #define SIZEOF_LONG 8
| #define SIZEOF_LONG_LONG 8
| #define SIZEOF_VOID_P 8
| #define SIZEOF_SHORT 2
| #define SIZEOF_FLOAT 4
| #define SIZEOF_DOUBLE 8
| #define SIZEOF_FPOS_T 8
| #define SIZEOF_SIZE_T 8
| #define SIZEOF_PID_T 4
| #define SIZEOF_UINTPTR_T 8
| #define HAVE_LONG_DOUBLE 1
| #define SIZEOF_LONG_DOUBLE 16
| #define SIZEOF__BOOL 1
| #define SIZEOF_OFF_T 8
| #define SIZEOF_TIME_T 8
| #define SIZEOF_PTHREAD_T 8
| #define SIZEOF_PTHREAD_KEY_T 4
| #define PTHREAD_KEY_T_IS_COMPATIBLE_WITH_INT 1
| #define HAVE_LIBDL 1
| #define HAVE_UUID_UUID_H 1
| #define HAVE_UUID_GENERATE_TIME_SAFE 1
| #define WITH_DECIMAL_CONTEXTVAR 1
| #define _REENTRANT 1
| #define HAVE_PTHREAD_SIGMASK 1
| #define HAVE_PTHREAD_GETCPUCLOCKID 1
| #define ENABLE_IPV6 1
| #define HAVE_LINUX_CAN_RAW_FD_FRAMES 1
| #define HAVE_LINUX_CAN_RAW_JOIN_FILTERS 1
| #define WITH_DOC_STRINGS 1
| #define WITH_PYMALLOC 1
| #define PY_COERCE_C_LOCALE 1
| #define HAVE_DLOPEN 1
| #define HAVE_DYNAMIC_LOADING 1
| #define HAVE_ALARM 1
| #define HAVE_ACCEPT4 1
| #define HAVE_SETITIMER 1
| #define HAVE_GETITIMER 1
| #define HAVE_CHOWN 1
| #define HAVE_CLOCK 1
| #define HAVE_CTERMID 1
| #define HAVE_DUP3 1
| #define HAVE_EXECV 1
| #define HAVE_FACCESSAT 1
| #define HAVE_FCHMOD 1
| #define HAVE_FCHMODAT 1
| #define HAVE_FCHOWN 1
| #define HAVE_FCHOWNAT 1
| #define HAVE_FEXECVE 1
| #define HAVE_FDOPENDIR 1
| #define HAVE_FORK 1
| #define HAVE_FPATHCONF 1
| #define HAVE_FSTATAT 1
| #define HAVE_FTRUNCATE 1
| #define HAVE_FUTIMESAT 1
| #define HAVE_FUTIMENS 1
| #define HAVE_FUTIMES 1
| #define HAVE_GAI_STRERROR 1
| #define HAVE_GETENTROPY 1
| #define HAVE_GETGRGID_R 1
| #define HAVE_GETGRNAM_R 1
| #define HAVE_GETGROUPLIST 1
| #define HAVE_GETGROUPS 1
| #define HAVE_GETLOGIN 1
| #define HAVE_GETLOADAVG 1
| #define HAVE_GETPEERNAME 1
| #define HAVE_GETPGID 1
| #define HAVE_GETPID 1
| #define HAVE_GETPRIORITY 1
| #define HAVE_GETRESUID 1
| #define HAVE_GETRESGID 1
| #define HAVE_GETPWENT 1
| #define HAVE_GETPWNAM_R 1
| #define HAVE_GETPWUID_R 1
| #define HAVE_GETSID 1
| #define HAVE_IF_NAMEINDEX 1
| #define HAVE_INITGROUPS 1
| #define HAVE_KILL 1
| #define HAVE_KILLPG 1
| #define HAVE_LCHOWN 1
| #define HAVE_LOCKF 1
| #define HAVE_LINKAT 1
| #define HAVE_LSTAT 1
| #define HAVE_LUTIMES 1
| #define HAVE_MMAP 1
| #define HAVE_MEMRCHR 1
| #define HAVE_MBRTOWC 1
| #define HAVE_MKDIRAT 1
| #define HAVE_MKFIFO 1
| #define HAVE_MADVISE 1
| #define HAVE_MKFIFOAT 1
| #define HAVE_MKNOD 1
| #define HAVE_MKNODAT 1
| #define HAVE_MKTIME 1
| #define HAVE_MREMAP 1
| #define HAVE_NICE 1
| #define HAVE_OPENAT 1
| #define HAVE_PATHCONF 1
| #define HAVE_PAUSE 1
| #define HAVE_PIPE2 1
| #define HAVE_POLL 1
| #define HAVE_POSIX_FALLOCATE 1
| #define HAVE_POSIX_FADVISE 1
| #define HAVE_POSIX_SPAWN 1
| #define HAVE_POSIX_SPAWNP 1
| #define HAVE_PREAD 1
| #define HAVE_PREADV 1
| #define HAVE_PREADV2 1
| #define HAVE_PTHREAD_CONDATTR_SETCLOCK 1
| #define HAVE_PTHREAD_KILL 1
| #define HAVE_PWRITE 1
| #define HAVE_PWRITEV 1
| #define HAVE_PWRITEV2 1
| #define HAVE_READLINK 1
| #define HAVE_READLINKAT 1
| #define HAVE_READV 1
| #define HAVE_REALPATH 1
| #define HAVE_RENAMEAT 1
| #define HAVE_SEM_OPEN 1
| #define HAVE_SEM_TIMEDWAIT 1
| #define HAVE_SEM_GETVALUE 1
| #define HAVE_SEM_UNLINK 1
| #define HAVE_SENDFILE 1
| #define HAVE_SETEGID 1
| #define HAVE_SETEUID 1
| #define HAVE_SETGID 1
| #define HAVE_SETHOSTNAME 1
| #define HAVE_SETLOCALE 1
| #define HAVE_SETREGID 1
| #define HAVE_SETREUID 1
| #define HAVE_SETRESUID 1
| #define HAVE_SETRESGID 1
| #define HAVE_SETSID 1
| #define HAVE_SETPGID 1
| #define HAVE_SETPGRP 1
| #define HAVE_SETPRIORITY 1
| #define HAVE_SETUID 1
| #define HAVE_SETVBUF 1
| #define HAVE_SCHED_GET_PRIORITY_MAX 1
| #define HAVE_SCHED_SETAFFINITY 1
| #define HAVE_SCHED_SETSCHEDULER 1
| #define HAVE_SCHED_SETPARAM 1
| #define HAVE_SCHED_RR_GET_INTERVAL 1
| #define HAVE_SIGACTION 1
| #define HAVE_SIGALTSTACK 1
| #define HAVE_SIGFILLSET 1
| #define HAVE_SIGINTERRUPT 1
| #define HAVE_SIGPENDING 1
| #define HAVE_SIGRELSE 1
| #define HAVE_SIGTIMEDWAIT 1
| #define HAVE_SIGWAIT 1
| #define HAVE_SIGWAITINFO 1
| #define HAVE_SNPRINTF 1
| #define HAVE_STRFTIME 1
| #define HAVE_STRLCPY 1
| #define HAVE_STRSIGNAL 1
| #define HAVE_SYMLINKAT 1
| #define HAVE_SYNC 1
| #define HAVE_SYSCONF 1
| #define HAVE_TCGETPGRP 1
| #define HAVE_TCSETPGRP 1
| #define HAVE_TEMPNAM 1
| #define HAVE_TIMEGM 1
| #define HAVE_TIMES 1
| #define HAVE_TMPFILE 1
| #define HAVE_TMPNAM 1
| #define HAVE_TRUNCATE 1
| #define HAVE_UNAME 1
| #define HAVE_UNLINKAT 1
| #define HAVE_UTIMENSAT 1
| #define HAVE_UTIMES 1
| #define HAVE_WAITID 1
| #define HAVE_WAITPID 1
| #define HAVE_WAIT4 1
| #define HAVE_WCSCOLL 1
| #define HAVE_WCSFTIME 1
| #define HAVE_WCSXFRM 1
| #define HAVE_WMEMCMP 1
| #define HAVE_WRITEV 1
| #define HAVE_DIRFD 1
| #define HAVE_CHROOT 1
| #define HAVE_LINK 1
| #define HAVE_SYMLINK 1
| #define HAVE_FCHDIR 1
| #define HAVE_FSYNC 1
| #define HAVE_FDATASYNC 1
| #define HAVE_EPOLL 1
| #define HAVE_EPOLL_CREATE1 1
| #define HAVE_PRLIMIT 1
| #define HAVE_FLOCK 1
| #define HAVE_GETPAGESIZE 1
| #define HAVE_ZLIB_COPY 1
| #define HAVE_HSTRERROR 1
| #define HAVE_INET_ATON 1
| #define HAVE_INET_PTON 1
| #define HAVE_SETGROUPS 1
| #define HAVE_OPENPTY 1
| #define HAVE_FORKPTY 1
| #define HAVE_FSEEKO 1
| #define HAVE_FSTATVFS 1
| #define HAVE_FTELLO 1
| #define HAVE_STATVFS 1
| #define HAVE_DUP2 1
| #define HAVE_STRDUP 1
| #define HAVE_GETPGRP 1
| #define HAVE_SETPGRP 1
| #define HAVE_CLOCK_GETTIME 1
| #define HAVE_CLOCK_GETRES 1
| #define HAVE_CLOCK_SETTIME 1
| #define HAVE_DEVICE_MACROS 1
| #define HAVE_GETADDRINFO 1
| #define HAVE_GETNAMEINFO 1
| #define TIME_WITH_SYS_TIME 1
| #define HAVE_STRUCT_TM_TM_ZONE 1
| #define HAVE_TM_ZONE 1
| #define HAVE_STRUCT_STAT_ST_RDEV 1
| #define HAVE_STRUCT_STAT_ST_BLKSIZE 1
| #define HAVE_STRUCT_STAT_ST_BLOCKS 1
| #define HAVE_STRUCT_PASSWD_PW_GECOS 1
| #define HAVE_STRUCT_PASSWD_PW_PASSWD 1
| #define HAVE_SIGINFO_T_SI_BAND 1
| #define SYS_SELECT_WITH_SYS_TIME 1
| #define HAVE_ADDRINFO 1
| #define HAVE_SOCKADDR_STORAGE 1
| #define HAVE_SOCKADDR_ALG 1
| #define HAVE_PROTOTYPES 1
| #define HAVE_STDARG_PROTOTYPES 1
| #define HAVE_SOCKETPAIR 1
| #define HAVE_GETHOSTBYNAME_R 1
| #define HAVE_GETHOSTBYNAME_R 1
| #define HAVE_GETHOSTBYNAME_R_6_ARG 1
| /* end confdefs.h.  */
| /* Define __fpu_control to an innocuous variant, in case <limits.h> declares __fpu_control.
|    For example, HP-UX 11i <limits.h> declares gettimeofday.  */
| #define __fpu_control innocuous___fpu_control
| 
| /* System header to define __stub macros and hopefully few prototypes,
|     which can conflict with char __fpu_control (); below.
|     Prefer <limits.h> to <assert.h> if __STDC__ is defined, since
|     <limits.h> exists even on freestanding compilers.  */
| 
| #ifdef __STDC__
| # include <limits.h>
| #else
| # include <assert.h>
| #endif
| 
| #undef __fpu_control
| 
| /* Override any GCC internal prototype to avoid an error.
|    Use char because int might match the return type of a GCC
|    builtin and then its argument prototype would still apply.  */
| #ifdef __cplusplus
| extern "C"
| #endif
| char __fpu_control ();
| /* The GNU C library defines this for functions which it implements
|     to always fail with ENOSYS.  Some functions are actually named
|     something starting with __ and the normal name is an alias.  */
| #if defined __stub___fpu_control || defined __stub_____fpu_control
| choke me
| #endif
| 
| int
| main ()
| {
| return __fpu_control ();
|   ;
|   return 0;
| }
configure:14335: result: no
configure:14339: checking for __fpu_control in -lieee
configure:14364: gcc -o conftest -I/data/data/com.termux/files/usr/include  -L/data/data/com.termux/files/usr/lib conftest.c -lieee  -lcrypt -ldl  >&5
ld.lld: error: unable to find library -lieee
gcc: error: linker command failed with exit code 1 (use -v to see invocation)
configure:14364: $? = 1
configure: failed program was:
| /* confdefs.h */
| #define _GNU_SOURCE 1
| #define _NETBSD_SOURCE 1
| #define __BSD_VISIBLE 1
| #define _DARWIN_C_SOURCE 1
| #define _PYTHONFRAMEWORK ""
| #define _XOPEN_SOURCE 700
| #define _XOPEN_SOURCE_EXTENDED 1
| #define _POSIX_C_SOURCE 200809L
| #define STDC_HEADERS 1
| #define HAVE_SYS_TYPES_H 1
| #define HAVE_SYS_STAT_H 1
| #define HAVE_STDLIB_H 1
| #define HAVE_STRING_H 1
| #define HAVE_MEMORY_H 1
| #define HAVE_STRINGS_H 1
| #define HAVE_INTTYPES_H 1
| #define HAVE_STDINT_H 1
| #define HAVE_UNISTD_H 1
| #define __EXTENSIONS__ 1
| #define _ALL_SOURCE 1
| #define _GNU_SOURCE 1
| #define _POSIX_PTHREAD_SEMANTICS 1
| #define _TANDEM_SOURCE 1
| #define ANDROID_API_LEVEL 24
| #define STDC_HEADERS 1
| #define HAVE_ASM_TYPES_H 1
| #define HAVE_CRYPT_H 1
| #define HAVE_DLFCN_H 1
| #define HAVE_ERRNO_H 1
| #define HAVE_FCNTL_H 1
| #define HAVE_GRP_H 1
| #define HAVE_LANGINFO_H 1
| #define HAVE_LIBINTL_H 1
| #define HAVE_PTHREAD_H 1
| #define HAVE_SCHED_H 1
| #define HAVE_SIGNAL_H 1
| #define HAVE_TERMIOS_H 1
| #define HAVE_UTIME_H 1
| #define HAVE_POLL_H 1
| #define HAVE_SYS_EPOLL_H 1
| #define HAVE_SYS_POLL_H 1
| #define HAVE_SYS_XATTR_H 1
| #define HAVE_SYS_FILE_H 1
| #define HAVE_SYS_IOCTL_H 1
| #define HAVE_SYS_PARAM_H 1
| #define HAVE_SYS_RANDOM_H 1
| #define HAVE_SYS_SELECT_H 1
| #define HAVE_SYS_SENDFILE_H 1
| #define HAVE_SYS_SOCKET_H 1
| #define HAVE_SYS_STATVFS_H 1
| #define HAVE_SYS_STAT_H 1
| #define HAVE_SYS_SYSCALL_H 1
| #define HAVE_SYS_TIME_H 1
| #define HAVE_SYS_TIMES_H 1
| #define HAVE_SYS_TYPES_H 1
| #define HAVE_SYS_UIO_H 1
| #define HAVE_SYS_UN_H 1
| #define HAVE_SYS_UTSNAME_H 1
| #define HAVE_SYS_WAIT_H 1
| #define HAVE_PTY_H 1
| #define HAVE_SYS_RESOURCE_H 1
| #define HAVE_NETPACKET_PACKET_H 1
| #define HAVE_SYSEXITS_H 1
| #define HAVE_LINUX_TIPC_H 1
| #define HAVE_LINUX_RANDOM_H 1
| #define HAVE_SPAWN_H 1
| #define HAVE_ALLOCA_H 1
| #define HAVE_ENDIAN_H 1
| #define HAVE_SYS_ENDIAN_H 1
| #define HAVE_SYS_SYSMACROS_H 1
| #define HAVE_LINUX_MEMFD_H 1
| #define HAVE_LINUX_WAIT_H 1
| #define HAVE_SYS_MMAN_H 1
| #define HAVE_DIRENT_H 1
| #define MAJOR_IN_SYSMACROS 1
| #define HAVE_NET_IF_H 1
| #define HAVE_LINUX_NETLINK_H 1
| #define HAVE_LINUX_QRTR_H 1
| #define HAVE_LINUX_VM_SOCKETS_H 1
| #define HAVE_LINUX_CAN_H 1
| #define HAVE_LINUX_CAN_BCM_H 1
| #define HAVE_LINUX_CAN_J1939_H 1
| #define HAVE_LINUX_CAN_RAW_H 1
| #define HAVE_MAKEDEV 1
| #define HAVE_HTOLE64 1
| #define _LARGEFILE_SOURCE 1
| #define _FILE_OFFSET_BITS 64
| #if defined(SCO_DS)
| #undef _OFF_T
| #endif
| #define RETSIGTYPE void
| #define HAVE_SSIZE_T 1
| #define HAVE_GCC_UINT128_T 1
| #define SIZEOF_INT 4
| #define SIZEOF_LONG 8
| #define SIZEOF_LONG_LONG 8
| #define SIZEOF_VOID_P 8
| #define SIZEOF_SHORT 2
| #define SIZEOF_FLOAT 4
| #define SIZEOF_DOUBLE 8
| #define SIZEOF_FPOS_T 8
| #define SIZEOF_SIZE_T 8
| #define SIZEOF_PID_T 4
| #define SIZEOF_UINTPTR_T 8
| #define HAVE_LONG_DOUBLE 1
| #define SIZEOF_LONG_DOUBLE 16
| #define SIZEOF__BOOL 1
| #define SIZEOF_OFF_T 8
| #define SIZEOF_TIME_T 8
| #define SIZEOF_PTHREAD_T 8
| #define SIZEOF_PTHREAD_KEY_T 4
| #define PTHREAD_KEY_T_IS_COMPATIBLE_WITH_INT 1
| #define HAVE_LIBDL 1
| #define HAVE_UUID_UUID_H 1
| #define HAVE_UUID_GENERATE_TIME_SAFE 1
| #define WITH_DECIMAL_CONTEXTVAR 1
| #define _REENTRANT 1
| #define HAVE_PTHREAD_SIGMASK 1
| #define HAVE_PTHREAD_GETCPUCLOCKID 1
| #define ENABLE_IPV6 1
| #define HAVE_LINUX_CAN_RAW_FD_FRAMES 1
| #define HAVE_LINUX_CAN_RAW_JOIN_FILTERS 1
| #define WITH_DOC_STRINGS 1
| #define WITH_PYMALLOC 1
| #define PY_COERCE_C_LOCALE 1
| #define HAVE_DLOPEN 1
| #define HAVE_DYNAMIC_LOADING 1
| #define HAVE_ALARM 1
| #define HAVE_ACCEPT4 1
| #define HAVE_SETITIMER 1
| #define HAVE_GETITIMER 1
| #define HAVE_CHOWN 1
| #define HAVE_CLOCK 1
| #define HAVE_CTERMID 1
| #define HAVE_DUP3 1
| #define HAVE_EXECV 1
| #define HAVE_FACCESSAT 1
| #define HAVE_FCHMOD 1
| #define HAVE_FCHMODAT 1
| #define HAVE_FCHOWN 1
| #define HAVE_FCHOWNAT 1
| #define HAVE_FEXECVE 1
| #define HAVE_FDOPENDIR 1
| #define HAVE_FORK 1
| #define HAVE_FPATHCONF 1
| #define HAVE_FSTATAT 1
| #define HAVE_FTRUNCATE 1
| #define HAVE_FUTIMESAT 1
| #define HAVE_FUTIMENS 1
| #define HAVE_FUTIMES 1
| #define HAVE_GAI_STRERROR 1
| #define HAVE_GETENTROPY 1
| #define HAVE_GETGRGID_R 1
| #define HAVE_GETGRNAM_R 1
| #define HAVE_GETGROUPLIST 1
| #define HAVE_GETGROUPS 1
| #define HAVE_GETLOGIN 1
| #define HAVE_GETLOADAVG 1
| #define HAVE_GETPEERNAME 1
| #define HAVE_GETPGID 1
| #define HAVE_GETPID 1
| #define HAVE_GETPRIORITY 1
| #define HAVE_GETRESUID 1
| #define HAVE_GETRESGID 1
| #define HAVE_GETPWENT 1
| #define HAVE_GETPWNAM_R 1
| #define HAVE_GETPWUID_R 1
| #define HAVE_GETSID 1
| #define HAVE_IF_NAMEINDEX 1
| #define HAVE_INITGROUPS 1
| #define HAVE_KILL 1
| #define HAVE_KILLPG 1
| #define HAVE_LCHOWN 1
| #define HAVE_LOCKF 1
| #define HAVE_LINKAT 1
| #define HAVE_LSTAT 1
| #define HAVE_LUTIMES 1
| #define HAVE_MMAP 1
| #define HAVE_MEMRCHR 1
| #define HAVE_MBRTOWC 1
| #define HAVE_MKDIRAT 1
| #define HAVE_MKFIFO 1
| #define HAVE_MADVISE 1
| #define HAVE_MKFIFOAT 1
| #define HAVE_MKNOD 1
| #define HAVE_MKNODAT 1
| #define HAVE_MKTIME 1
| #define HAVE_MREMAP 1
| #define HAVE_NICE 1
| #define HAVE_OPENAT 1
| #define HAVE_PATHCONF 1
| #define HAVE_PAUSE 1
| #define HAVE_PIPE2 1
| #define HAVE_POLL 1
| #define HAVE_POSIX_FALLOCATE 1
| #define HAVE_POSIX_FADVISE 1
| #define HAVE_POSIX_SPAWN 1
| #define HAVE_POSIX_SPAWNP 1
| #define HAVE_PREAD 1
| #define HAVE_PREADV 1
| #define HAVE_PREADV2 1
| #define HAVE_PTHREAD_CONDATTR_SETCLOCK 1
| #define HAVE_PTHREAD_KILL 1
| #define HAVE_PWRITE 1
| #define HAVE_PWRITEV 1
| #define HAVE_PWRITEV2 1
| #define HAVE_READLINK 1
| #define HAVE_READLINKAT 1
| #define HAVE_READV 1
| #define HAVE_REALPATH 1
| #define HAVE_RENAMEAT 1
| #define HAVE_SEM_OPEN 1
| #define HAVE_SEM_TIMEDWAIT 1
| #define HAVE_SEM_GETVALUE 1
| #define HAVE_SEM_UNLINK 1
| #define HAVE_SENDFILE 1
| #define HAVE_SETEGID 1
| #define HAVE_SETEUID 1
| #define HAVE_SETGID 1
| #define HAVE_SETHOSTNAME 1
| #define HAVE_SETLOCALE 1
| #define HAVE_SETREGID 1
| #define HAVE_SETREUID 1
| #define HAVE_SETRESUID 1
| #define HAVE_SETRESGID 1
| #define HAVE_SETSID 1
| #define HAVE_SETPGID 1
| #define HAVE_SETPGRP 1
| #define HAVE_SETPRIORITY 1
| #define HAVE_SETUID 1
| #define HAVE_SETVBUF 1
| #define HAVE_SCHED_GET_PRIORITY_MAX 1
| #define HAVE_SCHED_SETAFFINITY 1
| #define HAVE_SCHED_SETSCHEDULER 1
| #define HAVE_SCHED_SETPARAM 1
| #define HAVE_SCHED_RR_GET_INTERVAL 1
| #define HAVE_SIGACTION 1
| #define HAVE_SIGALTSTACK 1
| #define HAVE_SIGFILLSET 1
| #define HAVE_SIGINTERRUPT 1
| #define HAVE_SIGPENDING 1
| #define HAVE_SIGRELSE 1
| #define HAVE_SIGTIMEDWAIT 1
| #define HAVE_SIGWAIT 1
| #define HAVE_SIGWAITINFO 1
| #define HAVE_SNPRINTF 1
| #define HAVE_STRFTIME 1
| #define HAVE_STRLCPY 1
| #define HAVE_STRSIGNAL 1
| #define HAVE_SYMLINKAT 1
| #define HAVE_SYNC 1
| #define HAVE_SYSCONF 1
| #define HAVE_TCGETPGRP 1
| #define HAVE_TCSETPGRP 1
| #define HAVE_TEMPNAM 1
| #define HAVE_TIMEGM 1
| #define HAVE_TIMES 1
| #define HAVE_TMPFILE 1
| #define HAVE_TMPNAM 1
| #define HAVE_TRUNCATE 1
| #define HAVE_UNAME 1
| #define HAVE_UNLINKAT 1
| #define HAVE_UTIMENSAT 1
| #define HAVE_UTIMES 1
| #define HAVE_WAITID 1
| #define HAVE_WAITPID 1
| #define HAVE_WAIT4 1
| #define HAVE_WCSCOLL 1
| #define HAVE_WCSFTIME 1
| #define HAVE_WCSXFRM 1
| #define HAVE_WMEMCMP 1
| #define HAVE_WRITEV 1
| #define HAVE_DIRFD 1
| #define HAVE_CHROOT 1
| #define HAVE_LINK 1
| #define HAVE_SYMLINK 1
| #define HAVE_FCHDIR 1
| #define HAVE_FSYNC 1
| #define HAVE_FDATASYNC 1
| #define HAVE_EPOLL 1
| #define HAVE_EPOLL_CREATE1 1
| #define HAVE_PRLIMIT 1
| #define HAVE_FLOCK 1
| #define HAVE_GETPAGESIZE 1
| #define HAVE_ZLIB_COPY 1
| #define HAVE_HSTRERROR 1
| #define HAVE_INET_ATON 1
| #define HAVE_INET_PTON 1
| #define HAVE_SETGROUPS 1
| #define HAVE_OPENPTY 1
| #define HAVE_FORKPTY 1
| #define HAVE_FSEEKO 1
| #define HAVE_FSTATVFS 1
| #define HAVE_FTELLO 1
| #define HAVE_STATVFS 1
| #define HAVE_DUP2 1
| #define HAVE_STRDUP 1
| #define HAVE_GETPGRP 1
| #define HAVE_SETPGRP 1
| #define HAVE_CLOCK_GETTIME 1
| #define HAVE_CLOCK_GETRES 1
| #define HAVE_CLOCK_SETTIME 1
| #define HAVE_DEVICE_MACROS 1
| #define HAVE_GETADDRINFO 1
| #define HAVE_GETNAMEINFO 1
| #define TIME_WITH_SYS_TIME 1
| #define HAVE_STRUCT_TM_TM_ZONE 1
| #define HAVE_TM_ZONE 1
| #define HAVE_STRUCT_STAT_ST_RDEV 1
| #define HAVE_STRUCT_STAT_ST_BLKSIZE 1
| #define HAVE_STRUCT_STAT_ST_BLOCKS 1
| #define HAVE_STRUCT_PASSWD_PW_GECOS 1
| #define HAVE_STRUCT_PASSWD_PW_PASSWD 1
| #define HAVE_SIGINFO_T_SI_BAND 1
| #define SYS_SELECT_WITH_SYS_TIME 1
| #define HAVE_ADDRINFO 1
| #define HAVE_SOCKADDR_STORAGE 1
| #define HAVE_SOCKADDR_ALG 1
| #define HAVE_PROTOTYPES 1
| #define HAVE_STDARG_PROTOTYPES 1
| #define HAVE_SOCKETPAIR 1
| #define HAVE_GETHOSTBYNAME_R 1
| #define HAVE_GETHOSTBYNAME_R 1
| #define HAVE_GETHOSTBYNAME_R_6_ARG 1
| /* end confdefs.h.  */
| 
| /* Override any GCC internal prototype to avoid an error.
|    Use char because int might match the return type of a GCC
|    builtin and then its argument prototype would still apply.  */
| #ifdef __cplusplus
| extern "C"
| #endif
| char __fpu_control ();
| int
| main ()
| {
| return __fpu_control ();
|   ;
|   return 0;
| }
configure:14373: result: no
configure:14394: checking for --with-libm=STRING
configure:14411: result: default LIBM="-lm"
configure:14418: checking for --with-libc=STRING
configure:14435: result: default LIBC=""
configure:14444: checking for x64 gcc inline assembler
configure:14459: gcc -o conftest -I/data/data/com.termux/files/usr/include  -L/data/data/com.termux/files/usr/lib conftest.c -lcrypt -ldl  >&5
conftest.c:332:25: error: unknown token in expression
  332 |   __asm__ __volatile__ ("movq %rcx, %rax");
      |                         ^
<inline asm>:1:7: note: instantiated into assembly here
    1 |         movq %rcx, %rax
      |              ^
conftest.c:332:25: error: invalid operand
  332 |   __asm__ __volatile__ ("movq %rcx, %rax");
      |                         ^
<inline asm>:1:7: note: instantiated into assembly here
    1 |         movq %rcx, %rax
      |              ^
2 errors generated.
configure:14459: $? = 1
configure: failed program was:
| /* confdefs.h */
| #define _GNU_SOURCE 1
| #define _NETBSD_SOURCE 1
| #define __BSD_VISIBLE 1
| #define _DARWIN_C_SOURCE 1
| #define _PYTHONFRAMEWORK ""
| #define _XOPEN_SOURCE 700
| #define _XOPEN_SOURCE_EXTENDED 1
| #define _POSIX_C_SOURCE 200809L
| #define STDC_HEADERS 1
| #define HAVE_SYS_TYPES_H 1
| #define HAVE_SYS_STAT_H 1
| #define HAVE_STDLIB_H 1
| #define HAVE_STRING_H 1
| #define HAVE_MEMORY_H 1
| #define HAVE_STRINGS_H 1
| #define HAVE_INTTYPES_H 1
| #define HAVE_STDINT_H 1
| #define HAVE_UNISTD_H 1
| #define __EXTENSIONS__ 1
| #define _ALL_SOURCE 1
| #define _GNU_SOURCE 1
| #define _POSIX_PTHREAD_SEMANTICS 1
| #define _TANDEM_SOURCE 1
| #define ANDROID_API_LEVEL 24
| #define STDC_HEADERS 1
| #define HAVE_ASM_TYPES_H 1
| #define HAVE_CRYPT_H 1
| #define HAVE_DLFCN_H 1
| #define HAVE_ERRNO_H 1
| #define HAVE_FCNTL_H 1
| #define HAVE_GRP_H 1
| #define HAVE_LANGINFO_H 1
| #define HAVE_LIBINTL_H 1
| #define HAVE_PTHREAD_H 1
| #define HAVE_SCHED_H 1
| #define HAVE_SIGNAL_H 1
| #define HAVE_TERMIOS_H 1
| #define HAVE_UTIME_H 1
| #define HAVE_POLL_H 1
| #define HAVE_SYS_EPOLL_H 1
| #define HAVE_SYS_POLL_H 1
| #define HAVE_SYS_XATTR_H 1
| #define HAVE_SYS_FILE_H 1
| #define HAVE_SYS_IOCTL_H 1
| #define HAVE_SYS_PARAM_H 1
| #define HAVE_SYS_RANDOM_H 1
| #define HAVE_SYS_SELECT_H 1
| #define HAVE_SYS_SENDFILE_H 1
| #define HAVE_SYS_SOCKET_H 1
| #define HAVE_SYS_STATVFS_H 1
| #define HAVE_SYS_STAT_H 1
| #define HAVE_SYS_SYSCALL_H 1
| #define HAVE_SYS_TIME_H 1
| #define HAVE_SYS_TIMES_H 1
| #define HAVE_SYS_TYPES_H 1
| #define HAVE_SYS_UIO_H 1
| #define HAVE_SYS_UN_H 1
| #define HAVE_SYS_UTSNAME_H 1
| #define HAVE_SYS_WAIT_H 1
| #define HAVE_PTY_H 1
| #define HAVE_SYS_RESOURCE_H 1
| #define HAVE_NETPACKET_PACKET_H 1
| #define HAVE_SYSEXITS_H 1
| #define HAVE_LINUX_TIPC_H 1
| #define HAVE_LINUX_RANDOM_H 1
| #define HAVE_SPAWN_H 1
| #define HAVE_ALLOCA_H 1
| #define HAVE_ENDIAN_H 1
| #define HAVE_SYS_ENDIAN_H 1
| #define HAVE_SYS_SYSMACROS_H 1
| #define HAVE_LINUX_MEMFD_H 1
| #define HAVE_LINUX_WAIT_H 1
| #define HAVE_SYS_MMAN_H 1
| #define HAVE_DIRENT_H 1
| #define MAJOR_IN_SYSMACROS 1
| #define HAVE_NET_IF_H 1
| #define HAVE_LINUX_NETLINK_H 1
| #define HAVE_LINUX_QRTR_H 1
| #define HAVE_LINUX_VM_SOCKETS_H 1
| #define HAVE_LINUX_CAN_H 1
| #define HAVE_LINUX_CAN_BCM_H 1
| #define HAVE_LINUX_CAN_J1939_H 1
| #define HAVE_LINUX_CAN_RAW_H 1
| #define HAVE_MAKEDEV 1
| #define HAVE_HTOLE64 1
| #define _LARGEFILE_SOURCE 1
| #define _FILE_OFFSET_BITS 64
| #if defined(SCO_DS)
| #undef _OFF_T
| #endif
| #define RETSIGTYPE void
| #define HAVE_SSIZE_T 1
| #define HAVE_GCC_UINT128_T 1
| #define SIZEOF_INT 4
| #define SIZEOF_LONG 8
| #define SIZEOF_LONG_LONG 8
| #define SIZEOF_VOID_P 8
| #define SIZEOF_SHORT 2
| #define SIZEOF_FLOAT 4
| #define SIZEOF_DOUBLE 8
| #define SIZEOF_FPOS_T 8
| #define SIZEOF_SIZE_T 8
| #define SIZEOF_PID_T 4
| #define SIZEOF_UINTPTR_T 8
| #define HAVE_LONG_DOUBLE 1
| #define SIZEOF_LONG_DOUBLE 16
| #define SIZEOF__BOOL 1
| #define SIZEOF_OFF_T 8
| #define SIZEOF_TIME_T 8
| #define SIZEOF_PTHREAD_T 8
| #define SIZEOF_PTHREAD_KEY_T 4
| #define PTHREAD_KEY_T_IS_COMPATIBLE_WITH_INT 1
| #define HAVE_LIBDL 1
| #define HAVE_UUID_UUID_H 1
| #define HAVE_UUID_GENERATE_TIME_SAFE 1
| #define WITH_DECIMAL_CONTEXTVAR 1
| #define _REENTRANT 1
| #define HAVE_PTHREAD_SIGMASK 1
| #define HAVE_PTHREAD_GETCPUCLOCKID 1
| #define ENABLE_IPV6 1
| #define HAVE_LINUX_CAN_RAW_FD_FRAMES 1
| #define HAVE_LINUX_CAN_RAW_JOIN_FILTERS 1
| #define WITH_DOC_STRINGS 1
| #define WITH_PYMALLOC 1
| #define PY_COERCE_C_LOCALE 1
| #define HAVE_DLOPEN 1
| #define HAVE_DYNAMIC_LOADING 1
| #define HAVE_ALARM 1
| #define HAVE_ACCEPT4 1
| #define HAVE_SETITIMER 1
| #define HAVE_GETITIMER 1
| #define HAVE_CHOWN 1
| #define HAVE_CLOCK 1
| #define HAVE_CTERMID 1
| #define HAVE_DUP3 1
| #define HAVE_EXECV 1
| #define HAVE_FACCESSAT 1
| #define HAVE_FCHMOD 1
| #define HAVE_FCHMODAT 1
| #define HAVE_FCHOWN 1
| #define HAVE_FCHOWNAT 1
| #define HAVE_FEXECVE 1
| #define HAVE_FDOPENDIR 1
| #define HAVE_FORK 1
| #define HAVE_FPATHCONF 1
| #define HAVE_FSTATAT 1
| #define HAVE_FTRUNCATE 1
| #define HAVE_FUTIMESAT 1
| #define HAVE_FUTIMENS 1
| #define HAVE_FUTIMES 1
| #define HAVE_GAI_STRERROR 1
| #define HAVE_GETENTROPY 1
| #define HAVE_GETGRGID_R 1
| #define HAVE_GETGRNAM_R 1
| #define HAVE_GETGROUPLIST 1
| #define HAVE_GETGROUPS 1
| #define HAVE_GETLOGIN 1
| #define HAVE_GETLOADAVG 1
| #define HAVE_GETPEERNAME 1
| #define HAVE_GETPGID 1
| #define HAVE_GETPID 1
| #define HAVE_GETPRIORITY 1
| #define HAVE_GETRESUID 1
| #define HAVE_GETRESGID 1
| #define HAVE_GETPWENT 1
| #define HAVE_GETPWNAM_R 1
| #define HAVE_GETPWUID_R 1
| #define HAVE_GETSID 1
| #define HAVE_IF_NAMEINDEX 1
| #define HAVE_INITGROUPS 1
| #define HAVE_KILL 1
| #define HAVE_KILLPG 1
| #define HAVE_LCHOWN 1
| #define HAVE_LOCKF 1
| #define HAVE_LINKAT 1
| #define HAVE_LSTAT 1
| #define HAVE_LUTIMES 1
| #define HAVE_MMAP 1
| #define HAVE_MEMRCHR 1
| #define HAVE_MBRTOWC 1
| #define HAVE_MKDIRAT 1
| #define HAVE_MKFIFO 1
| #define HAVE_MADVISE 1
| #define HAVE_MKFIFOAT 1
| #define HAVE_MKNOD 1
| #define HAVE_MKNODAT 1
| #define HAVE_MKTIME 1
| #define HAVE_MREMAP 1
| #define HAVE_NICE 1
| #define HAVE_OPENAT 1
| #define HAVE_PATHCONF 1
| #define HAVE_PAUSE 1
| #define HAVE_PIPE2 1
| #define HAVE_POLL 1
| #define HAVE_POSIX_FALLOCATE 1
| #define HAVE_POSIX_FADVISE 1
| #define HAVE_POSIX_SPAWN 1
| #define HAVE_POSIX_SPAWNP 1
| #define HAVE_PREAD 1
| #define HAVE_PREADV 1
| #define HAVE_PREADV2 1
| #define HAVE_PTHREAD_CONDATTR_SETCLOCK 1
| #define HAVE_PTHREAD_KILL 1
| #define HAVE_PWRITE 1
| #define HAVE_PWRITEV 1
| #define HAVE_PWRITEV2 1
| #define HAVE_READLINK 1
| #define HAVE_READLINKAT 1
| #define HAVE_READV 1
| #define HAVE_REALPATH 1
| #define HAVE_RENAMEAT 1
| #define HAVE_SEM_OPEN 1
| #define HAVE_SEM_TIMEDWAIT 1
| #define HAVE_SEM_GETVALUE 1
| #define HAVE_SEM_UNLINK 1
| #define HAVE_SENDFILE 1
| #define HAVE_SETEGID 1
| #define HAVE_SETEUID 1
| #define HAVE_SETGID 1
| #define HAVE_SETHOSTNAME 1
| #define HAVE_SETLOCALE 1
| #define HAVE_SETREGID 1
| #define HAVE_SETREUID 1
| #define HAVE_SETRESUID 1
| #define HAVE_SETRESGID 1
| #define HAVE_SETSID 1
| #define HAVE_SETPGID 1
| #define HAVE_SETPGRP 1
| #define HAVE_SETPRIORITY 1
| #define HAVE_SETUID 1
| #define HAVE_SETVBUF 1
| #define HAVE_SCHED_GET_PRIORITY_MAX 1
| #define HAVE_SCHED_SETAFFINITY 1
| #define HAVE_SCHED_SETSCHEDULER 1
| #define HAVE_SCHED_SETPARAM 1
| #define HAVE_SCHED_RR_GET_INTERVAL 1
| #define HAVE_SIGACTION 1
| #define HAVE_SIGALTSTACK 1
| #define HAVE_SIGFILLSET 1
| #define HAVE_SIGINTERRUPT 1
| #define HAVE_SIGPENDING 1
| #define HAVE_SIGRELSE 1
| #define HAVE_SIGTIMEDWAIT 1
| #define HAVE_SIGWAIT 1
| #define HAVE_SIGWAITINFO 1
| #define HAVE_SNPRINTF 1
| #define HAVE_STRFTIME 1
| #define HAVE_STRLCPY 1
| #define HAVE_STRSIGNAL 1
| #define HAVE_SYMLINKAT 1
| #define HAVE_SYNC 1
| #define HAVE_SYSCONF 1
| #define HAVE_TCGETPGRP 1
| #define HAVE_TCSETPGRP 1
| #define HAVE_TEMPNAM 1
| #define HAVE_TIMEGM 1
| #define HAVE_TIMES 1
| #define HAVE_TMPFILE 1
| #define HAVE_TMPNAM 1
| #define HAVE_TRUNCATE 1
| #define HAVE_UNAME 1
| #define HAVE_UNLINKAT 1
| #define HAVE_UTIMENSAT 1
| #define HAVE_UTIMES 1
| #define HAVE_WAITID 1
| #define HAVE_WAITPID 1
| #define HAVE_WAIT4 1
| #define HAVE_WCSCOLL 1
| #define HAVE_WCSFTIME 1
| #define HAVE_WCSXFRM 1
| #define HAVE_WMEMCMP 1
| #define HAVE_WRITEV 1
| #define HAVE_DIRFD 1
| #define HAVE_CHROOT 1
| #define HAVE_LINK 1
| #define HAVE_SYMLINK 1
| #define HAVE_FCHDIR 1
| #define HAVE_FSYNC 1
| #define HAVE_FDATASYNC 1
| #define HAVE_EPOLL 1
| #define HAVE_EPOLL_CREATE1 1
| #define HAVE_PRLIMIT 1
| #define HAVE_FLOCK 1
| #define HAVE_GETPAGESIZE 1
| #define HAVE_ZLIB_COPY 1
| #define HAVE_HSTRERROR 1
| #define HAVE_INET_ATON 1
| #define HAVE_INET_PTON 1
| #define HAVE_SETGROUPS 1
| #define HAVE_OPENPTY 1
| #define HAVE_FORKPTY 1
| #define HAVE_FSEEKO 1
| #define HAVE_FSTATVFS 1
| #define HAVE_FTELLO 1
| #define HAVE_STATVFS 1
| #define HAVE_DUP2 1
| #define HAVE_STRDUP 1
| #define HAVE_GETPGRP 1
| #define HAVE_SETPGRP 1
| #define HAVE_CLOCK_GETTIME 1
| #define HAVE_CLOCK_GETRES 1
| #define HAVE_CLOCK_SETTIME 1
| #define HAVE_DEVICE_MACROS 1
| #define HAVE_GETADDRINFO 1
| #define HAVE_GETNAMEINFO 1
| #define TIME_WITH_SYS_TIME 1
| #define HAVE_STRUCT_TM_TM_ZONE 1
| #define HAVE_TM_ZONE 1
| #define HAVE_STRUCT_STAT_ST_RDEV 1
| #define HAVE_STRUCT_STAT_ST_BLKSIZE 1
| #define HAVE_STRUCT_STAT_ST_BLOCKS 1
| #define HAVE_STRUCT_PASSWD_PW_GECOS 1
| #define HAVE_STRUCT_PASSWD_PW_PASSWD 1
| #define HAVE_SIGINFO_T_SI_BAND 1
| #define SYS_SELECT_WITH_SYS_TIME 1
| #define HAVE_ADDRINFO 1
| #define HAVE_SOCKADDR_STORAGE 1
| #define HAVE_SOCKADDR_ALG 1
| #define HAVE_PROTOTYPES 1
| #define HAVE_STDARG_PROTOTYPES 1
| #define HAVE_SOCKETPAIR 1
| #define HAVE_GETHOSTBYNAME_R 1
| #define HAVE_GETHOSTBYNAME_R 1
| #define HAVE_GETHOSTBYNAME_R_6_ARG 1
| /* end confdefs.h.  */
| 
| int
| main ()
| {
| 
|   __asm__ __volatile__ ("movq %rcx, %rax");
| 
|   ;
|   return 0;
| }
configure:14466: result: no
configure:14479: checking whether float word ordering is bigendian
configure:14495: gcc -c -I/data/data/com.termux/files/usr/include  conftest.c >&5
configure:14495: $? = 0
configure:14513: result: no
configure:14565: checking whether we can use gcc inline assembler to get and set x87 control word
configure:14582: gcc -o conftest -I/data/data/com.termux/files/usr/include  -L/data/data/com.termux/files/usr/lib conftest.c -lcrypt -ldl  >&5
conftest.c:334:25: error: unrecognized instruction mnemonic
  334 |   __asm__ __volatile__ ("fnstcw %0" : "=m" (cw));
      |                         ^
<inline asm>:1:2: note: instantiated into assembly here
    1 |         fnstcw [x8]
      |         ^
conftest.c:335:25: error: unrecognized instruction mnemonic
  335 |   __asm__ __volatile__ ("fldcw %0" : : "m" (cw));
      |                         ^
<inline asm>:1:2: note: instantiated into assembly here
    1 |         fldcw [x8]
      |         ^
2 errors generated.
configure:14582: $? = 1
configure: failed program was:
| /* confdefs.h */
| #define _GNU_SOURCE 1
| #define _NETBSD_SOURCE 1
| #define __BSD_VISIBLE 1
| #define _DARWIN_C_SOURCE 1
| #define _PYTHONFRAMEWORK ""
| #define _XOPEN_SOURCE 700
| #define _XOPEN_SOURCE_EXTENDED 1
| #define _POSIX_C_SOURCE 200809L
| #define STDC_HEADERS 1
| #define HAVE_SYS_TYPES_H 1
| #define HAVE_SYS_STAT_H 1
| #define HAVE_STDLIB_H 1
| #define HAVE_STRING_H 1
| #define HAVE_MEMORY_H 1
| #define HAVE_STRINGS_H 1
| #define HAVE_INTTYPES_H 1
| #define HAVE_STDINT_H 1
| #define HAVE_UNISTD_H 1
| #define __EXTENSIONS__ 1
| #define _ALL_SOURCE 1
| #define _GNU_SOURCE 1
| #define _POSIX_PTHREAD_SEMANTICS 1
| #define _TANDEM_SOURCE 1
| #define ANDROID_API_LEVEL 24
| #define STDC_HEADERS 1
| #define HAVE_ASM_TYPES_H 1
| #define HAVE_CRYPT_H 1
| #define HAVE_DLFCN_H 1
| #define HAVE_ERRNO_H 1
| #define HAVE_FCNTL_H 1
| #define HAVE_GRP_H 1
| #define HAVE_LANGINFO_H 1
| #define HAVE_LIBINTL_H 1
| #define HAVE_PTHREAD_H 1
| #define HAVE_SCHED_H 1
| #define HAVE_SIGNAL_H 1
| #define HAVE_TERMIOS_H 1
| #define HAVE_UTIME_H 1
| #define HAVE_POLL_H 1
| #define HAVE_SYS_EPOLL_H 1
| #define HAVE_SYS_POLL_H 1
| #define HAVE_SYS_XATTR_H 1
| #define HAVE_SYS_FILE_H 1
| #define HAVE_SYS_IOCTL_H 1
| #define HAVE_SYS_PARAM_H 1
| #define HAVE_SYS_RANDOM_H 1
| #define HAVE_SYS_SELECT_H 1
| #define HAVE_SYS_SENDFILE_H 1
| #define HAVE_SYS_SOCKET_H 1
| #define HAVE_SYS_STATVFS_H 1
| #define HAVE_SYS_STAT_H 1
| #define HAVE_SYS_SYSCALL_H 1
| #define HAVE_SYS_TIME_H 1
| #define HAVE_SYS_TIMES_H 1
| #define HAVE_SYS_TYPES_H 1
| #define HAVE_SYS_UIO_H 1
| #define HAVE_SYS_UN_H 1
| #define HAVE_SYS_UTSNAME_H 1
| #define HAVE_SYS_WAIT_H 1
| #define HAVE_PTY_H 1
| #define HAVE_SYS_RESOURCE_H 1
| #define HAVE_NETPACKET_PACKET_H 1
| #define HAVE_SYSEXITS_H 1
| #define HAVE_LINUX_TIPC_H 1
| #define HAVE_LINUX_RANDOM_H 1
| #define HAVE_SPAWN_H 1
| #define HAVE_ALLOCA_H 1
| #define HAVE_ENDIAN_H 1
| #define HAVE_SYS_ENDIAN_H 1
| #define HAVE_SYS_SYSMACROS_H 1
| #define HAVE_LINUX_MEMFD_H 1
| #define HAVE_LINUX_WAIT_H 1
| #define HAVE_SYS_MMAN_H 1
| #define HAVE_DIRENT_H 1
| #define MAJOR_IN_SYSMACROS 1
| #define HAVE_NET_IF_H 1
| #define HAVE_LINUX_NETLINK_H 1
| #define HAVE_LINUX_QRTR_H 1
| #define HAVE_LINUX_VM_SOCKETS_H 1
| #define HAVE_LINUX_CAN_H 1
| #define HAVE_LINUX_CAN_BCM_H 1
| #define HAVE_LINUX_CAN_J1939_H 1
| #define HAVE_LINUX_CAN_RAW_H 1
| #define HAVE_MAKEDEV 1
| #define HAVE_HTOLE64 1
| #define _LARGEFILE_SOURCE 1
| #define _FILE_OFFSET_BITS 64
| #if defined(SCO_DS)
| #undef _OFF_T
| #endif
| #define RETSIGTYPE void
| #define HAVE_SSIZE_T 1
| #define HAVE_GCC_UINT128_T 1
| #define SIZEOF_INT 4
| #define SIZEOF_LONG 8
| #define SIZEOF_LONG_LONG 8
| #define SIZEOF_VOID_P 8
| #define SIZEOF_SHORT 2
| #define SIZEOF_FLOAT 4
| #define SIZEOF_DOUBLE 8
| #define SIZEOF_FPOS_T 8
| #define SIZEOF_SIZE_T 8
| #define SIZEOF_PID_T 4
| #define SIZEOF_UINTPTR_T 8
| #define HAVE_LONG_DOUBLE 1
| #define SIZEOF_LONG_DOUBLE 16
| #define SIZEOF__BOOL 1
| #define SIZEOF_OFF_T 8
| #define SIZEOF_TIME_T 8
| #define SIZEOF_PTHREAD_T 8
| #define SIZEOF_PTHREAD_KEY_T 4
| #define PTHREAD_KEY_T_IS_COMPATIBLE_WITH_INT 1
| #define HAVE_LIBDL 1
| #define HAVE_UUID_UUID_H 1
| #define HAVE_UUID_GENERATE_TIME_SAFE 1
| #define WITH_DECIMAL_CONTEXTVAR 1
| #define _REENTRANT 1
| #define HAVE_PTHREAD_SIGMASK 1
| #define HAVE_PTHREAD_GETCPUCLOCKID 1
| #define ENABLE_IPV6 1
| #define HAVE_LINUX_CAN_RAW_FD_FRAMES 1
| #define HAVE_LINUX_CAN_RAW_JOIN_FILTERS 1
| #define WITH_DOC_STRINGS 1
| #define WITH_PYMALLOC 1
| #define PY_COERCE_C_LOCALE 1
| #define HAVE_DLOPEN 1
| #define HAVE_DYNAMIC_LOADING 1
| #define HAVE_ALARM 1
| #define HAVE_ACCEPT4 1
| #define HAVE_SETITIMER 1
| #define HAVE_GETITIMER 1
| #define HAVE_CHOWN 1
| #define HAVE_CLOCK 1
| #define HAVE_CTERMID 1
| #define HAVE_DUP3 1
| #define HAVE_EXECV 1
| #define HAVE_FACCESSAT 1
| #define HAVE_FCHMOD 1
| #define HAVE_FCHMODAT 1
| #define HAVE_FCHOWN 1
| #define HAVE_FCHOWNAT 1
| #define HAVE_FEXECVE 1
| #define HAVE_FDOPENDIR 1
| #define HAVE_FORK 1
| #define HAVE_FPATHCONF 1
| #define HAVE_FSTATAT 1
| #define HAVE_FTRUNCATE 1
| #define HAVE_FUTIMESAT 1
| #define HAVE_FUTIMENS 1
| #define HAVE_FUTIMES 1
| #define HAVE_GAI_STRERROR 1
| #define HAVE_GETENTROPY 1
| #define HAVE_GETGRGID_R 1
| #define HAVE_GETGRNAM_R 1
| #define HAVE_GETGROUPLIST 1
| #define HAVE_GETGROUPS 1
| #define HAVE_GETLOGIN 1
| #define HAVE_GETLOADAVG 1
| #define HAVE_GETPEERNAME 1
| #define HAVE_GETPGID 1
| #define HAVE_GETPID 1
| #define HAVE_GETPRIORITY 1
| #define HAVE_GETRESUID 1
| #define HAVE_GETRESGID 1
| #define HAVE_GETPWENT 1
| #define HAVE_GETPWNAM_R 1
| #define HAVE_GETPWUID_R 1
| #define HAVE_GETSID 1
| #define HAVE_IF_NAMEINDEX 1
| #define HAVE_INITGROUPS 1
| #define HAVE_KILL 1
| #define HAVE_KILLPG 1
| #define HAVE_LCHOWN 1
| #define HAVE_LOCKF 1
| #define HAVE_LINKAT 1
| #define HAVE_LSTAT 1
| #define HAVE_LUTIMES 1
| #define HAVE_MMAP 1
| #define HAVE_MEMRCHR 1
| #define HAVE_MBRTOWC 1
| #define HAVE_MKDIRAT 1
| #define HAVE_MKFIFO 1
| #define HAVE_MADVISE 1
| #define HAVE_MKFIFOAT 1
| #define HAVE_MKNOD 1
| #define HAVE_MKNODAT 1
| #define HAVE_MKTIME 1
| #define HAVE_MREMAP 1
| #define HAVE_NICE 1
| #define HAVE_OPENAT 1
| #define HAVE_PATHCONF 1
| #define HAVE_PAUSE 1
| #define HAVE_PIPE2 1
| #define HAVE_POLL 1
| #define HAVE_POSIX_FALLOCATE 1
| #define HAVE_POSIX_FADVISE 1
| #define HAVE_POSIX_SPAWN 1
| #define HAVE_POSIX_SPAWNP 1
| #define HAVE_PREAD 1
| #define HAVE_PREADV 1
| #define HAVE_PREADV2 1
| #define HAVE_PTHREAD_CONDATTR_SETCLOCK 1
| #define HAVE_PTHREAD_KILL 1
| #define HAVE_PWRITE 1
| #define HAVE_PWRITEV 1
| #define HAVE_PWRITEV2 1
| #define HAVE_READLINK 1
| #define HAVE_READLINKAT 1
| #define HAVE_READV 1
| #define HAVE_REALPATH 1
| #define HAVE_RENAMEAT 1
| #define HAVE_SEM_OPEN 1
| #define HAVE_SEM_TIMEDWAIT 1
| #define HAVE_SEM_GETVALUE 1
| #define HAVE_SEM_UNLINK 1
| #define HAVE_SENDFILE 1
| #define HAVE_SETEGID 1
| #define HAVE_SETEUID 1
| #define HAVE_SETGID 1
| #define HAVE_SETHOSTNAME 1
| #define HAVE_SETLOCALE 1
| #define HAVE_SETREGID 1
| #define HAVE_SETREUID 1
| #define HAVE_SETRESUID 1
| #define HAVE_SETRESGID 1
| #define HAVE_SETSID 1
| #define HAVE_SETPGID 1
| #define HAVE_SETPGRP 1
| #define HAVE_SETPRIORITY 1
| #define HAVE_SETUID 1
| #define HAVE_SETVBUF 1
| #define HAVE_SCHED_GET_PRIORITY_MAX 1
| #define HAVE_SCHED_SETAFFINITY 1
| #define HAVE_SCHED_SETSCHEDULER 1
| #define HAVE_SCHED_SETPARAM 1
| #define HAVE_SCHED_RR_GET_INTERVAL 1
| #define HAVE_SIGACTION 1
| #define HAVE_SIGALTSTACK 1
| #define HAVE_SIGFILLSET 1
| #define HAVE_SIGINTERRUPT 1
| #define HAVE_SIGPENDING 1
| #define HAVE_SIGRELSE 1
| #define HAVE_SIGTIMEDWAIT 1
| #define HAVE_SIGWAIT 1
| #define HAVE_SIGWAITINFO 1
| #define HAVE_SNPRINTF 1
| #define HAVE_STRFTIME 1
| #define HAVE_STRLCPY 1
| #define HAVE_STRSIGNAL 1
| #define HAVE_SYMLINKAT 1
| #define HAVE_SYNC 1
| #define HAVE_SYSCONF 1
| #define HAVE_TCGETPGRP 1
| #define HAVE_TCSETPGRP 1
| #define HAVE_TEMPNAM 1
| #define HAVE_TIMEGM 1
| #define HAVE_TIMES 1
| #define HAVE_TMPFILE 1
| #define HAVE_TMPNAM 1
| #define HAVE_TRUNCATE 1
| #define HAVE_UNAME 1
| #define HAVE_UNLINKAT 1
| #define HAVE_UTIMENSAT 1
| #define HAVE_UTIMES 1
| #define HAVE_WAITID 1
| #define HAVE_WAITPID 1
| #define HAVE_WAIT4 1
| #define HAVE_WCSCOLL 1
| #define HAVE_WCSFTIME 1
| #define HAVE_WCSXFRM 1
| #define HAVE_WMEMCMP 1
| #define HAVE_WRITEV 1
| #define HAVE_DIRFD 1
| #define HAVE_CHROOT 1
| #define HAVE_LINK 1
| #define HAVE_SYMLINK 1
| #define HAVE_FCHDIR 1
| #define HAVE_FSYNC 1
| #define HAVE_FDATASYNC 1
| #define HAVE_EPOLL 1
| #define HAVE_EPOLL_CREATE1 1
| #define HAVE_PRLIMIT 1
| #define HAVE_FLOCK 1
| #define HAVE_GETPAGESIZE 1
| #define HAVE_ZLIB_COPY 1
| #define HAVE_HSTRERROR 1
| #define HAVE_INET_ATON 1
| #define HAVE_INET_PTON 1
| #define HAVE_SETGROUPS 1
| #define HAVE_OPENPTY 1
| #define HAVE_FORKPTY 1
| #define HAVE_FSEEKO 1
| #define HAVE_FSTATVFS 1
| #define HAVE_FTELLO 1
| #define HAVE_STATVFS 1
| #define HAVE_DUP2 1
| #define HAVE_STRDUP 1
| #define HAVE_GETPGRP 1
| #define HAVE_SETPGRP 1
| #define HAVE_CLOCK_GETTIME 1
| #define HAVE_CLOCK_GETRES 1
| #define HAVE_CLOCK_SETTIME 1
| #define HAVE_DEVICE_MACROS 1
| #define HAVE_GETADDRINFO 1
| #define HAVE_GETNAMEINFO 1
| #define TIME_WITH_SYS_TIME 1
| #define HAVE_STRUCT_TM_TM_ZONE 1
| #define HAVE_TM_ZONE 1
| #define HAVE_STRUCT_STAT_ST_RDEV 1
| #define HAVE_STRUCT_STAT_ST_BLKSIZE 1
| #define HAVE_STRUCT_STAT_ST_BLOCKS 1
| #define HAVE_STRUCT_PASSWD_PW_GECOS 1
| #define HAVE_STRUCT_PASSWD_PW_PASSWD 1
| #define HAVE_SIGINFO_T_SI_BAND 1
| #define SYS_SELECT_WITH_SYS_TIME 1
| #define HAVE_ADDRINFO 1
| #define HAVE_SOCKADDR_STORAGE 1
| #define HAVE_SOCKADDR_ALG 1
| #define HAVE_PROTOTYPES 1
| #define HAVE_STDARG_PROTOTYPES 1
| #define HAVE_SOCKETPAIR 1
| #define HAVE_GETHOSTBYNAME_R 1
| #define HAVE_GETHOSTBYNAME_R 1
| #define HAVE_GETHOSTBYNAME_R_6_ARG 1
| #define DOUBLE_IS_LITTLE_ENDIAN_IEEE754 1
| /* end confdefs.h.  */
| 
| int
| main ()
| {
| 
|   unsigned short cw;
|   __asm__ __volatile__ ("fnstcw %0" : "=m" (cw));
|   __asm__ __volatile__ ("fldcw %0" : : "m" (cw));
| 
|   ;
|   return 0;
| }
configure:14589: result: no
configure:14598: checking whether we can use gcc inline assembler to get and set mc68881 fpcr
configure:14615: gcc -o conftest -I/data/data/com.termux/files/usr/include  -L/data/data/com.termux/files/usr/lib conftest.c -lcrypt -ldl  >&5
conftest.c:334:25: error: unknown token in expression
  334 |   __asm__ __volatile__ ("fmove.l %%fpcr,%0" : "=g" (fpcr));
      |                         ^
<inline asm>:1:10: note: instantiated into assembly here
    1 |         fmove.l %fpcr,[x8]
      |                 ^
conftest.c:334:25: error: invalid operand
  334 |   __asm__ __volatile__ ("fmove.l %%fpcr,%0" : "=g" (fpcr));
      |                         ^
<inline asm>:1:10: note: instantiated into assembly here
    1 |         fmove.l %fpcr,[x8]
      |                 ^
conftest.c:335:25: error: unknown token in expression
  335 |   __asm__ __volatile__ ("fmove.l %0,%%fpcr" : : "g" (fpcr));
      |                         ^
<inline asm>:1:15: note: instantiated into assembly here
    1 |         fmove.l [x8],%fpcr
      |                      ^
conftest.c:335:25: error: invalid operand
  335 |   __asm__ __volatile__ ("fmove.l %0,%%fpcr" : : "g" (fpcr));
      |                         ^
<inline asm>:1:15: note: instantiated into assembly here
    1 |         fmove.l [x8],%fpcr
      |                      ^
4 errors generated.
configure:14615: $? = 1
configure: failed program was:
| /* confdefs.h */
| #define _GNU_SOURCE 1
| #define _NETBSD_SOURCE 1
| #define __BSD_VISIBLE 1
| #define _DARWIN_C_SOURCE 1
| #define _PYTHONFRAMEWORK ""
| #define _XOPEN_SOURCE 700
| #define _XOPEN_SOURCE_EXTENDED 1
| #define _POSIX_C_SOURCE 200809L
| #define STDC_HEADERS 1
| #define HAVE_SYS_TYPES_H 1
| #define HAVE_SYS_STAT_H 1
| #define HAVE_STDLIB_H 1
| #define HAVE_STRING_H 1
| #define HAVE_MEMORY_H 1
| #define HAVE_STRINGS_H 1
| #define HAVE_INTTYPES_H 1
| #define HAVE_STDINT_H 1
| #define HAVE_UNISTD_H 1
| #define __EXTENSIONS__ 1
| #define _ALL_SOURCE 1
| #define _GNU_SOURCE 1
| #define _POSIX_PTHREAD_SEMANTICS 1
| #define _TANDEM_SOURCE 1
| #define ANDROID_API_LEVEL 24
| #define STDC_HEADERS 1
| #define HAVE_ASM_TYPES_H 1
| #define HAVE_CRYPT_H 1
| #define HAVE_DLFCN_H 1
| #define HAVE_ERRNO_H 1
| #define HAVE_FCNTL_H 1
| #define HAVE_GRP_H 1
| #define HAVE_LANGINFO_H 1
| #define HAVE_LIBINTL_H 1
| #define HAVE_PTHREAD_H 1
| #define HAVE_SCHED_H 1
| #define HAVE_SIGNAL_H 1
| #define HAVE_TERMIOS_H 1
| #define HAVE_UTIME_H 1
| #define HAVE_POLL_H 1
| #define HAVE_SYS_EPOLL_H 1
| #define HAVE_SYS_POLL_H 1
| #define HAVE_SYS_XATTR_H 1
| #define HAVE_SYS_FILE_H 1
| #define HAVE_SYS_IOCTL_H 1
| #define HAVE_SYS_PARAM_H 1
| #define HAVE_SYS_RANDOM_H 1
| #define HAVE_SYS_SELECT_H 1
| #define HAVE_SYS_SENDFILE_H 1
| #define HAVE_SYS_SOCKET_H 1
| #define HAVE_SYS_STATVFS_H 1
| #define HAVE_SYS_STAT_H 1
| #define HAVE_SYS_SYSCALL_H 1
| #define HAVE_SYS_TIME_H 1
| #define HAVE_SYS_TIMES_H 1
| #define HAVE_SYS_TYPES_H 1
| #define HAVE_SYS_UIO_H 1
| #define HAVE_SYS_UN_H 1
| #define HAVE_SYS_UTSNAME_H 1
| #define HAVE_SYS_WAIT_H 1
| #define HAVE_PTY_H 1
| #define HAVE_SYS_RESOURCE_H 1
| #define HAVE_NETPACKET_PACKET_H 1
| #define HAVE_SYSEXITS_H 1
| #define HAVE_LINUX_TIPC_H 1
| #define HAVE_LINUX_RANDOM_H 1
| #define HAVE_SPAWN_H 1
| #define HAVE_ALLOCA_H 1
| #define HAVE_ENDIAN_H 1
| #define HAVE_SYS_ENDIAN_H 1
| #define HAVE_SYS_SYSMACROS_H 1
| #define HAVE_LINUX_MEMFD_H 1
| #define HAVE_LINUX_WAIT_H 1
| #define HAVE_SYS_MMAN_H 1
| #define HAVE_DIRENT_H 1
| #define MAJOR_IN_SYSMACROS 1
| #define HAVE_NET_IF_H 1
| #define HAVE_LINUX_NETLINK_H 1
| #define HAVE_LINUX_QRTR_H 1
| #define HAVE_LINUX_VM_SOCKETS_H 1
| #define HAVE_LINUX_CAN_H 1
| #define HAVE_LINUX_CAN_BCM_H 1
| #define HAVE_LINUX_CAN_J1939_H 1
| #define HAVE_LINUX_CAN_RAW_H 1
| #define HAVE_MAKEDEV 1
| #define HAVE_HTOLE64 1
| #define _LARGEFILE_SOURCE 1
| #define _FILE_OFFSET_BITS 64
| #if defined(SCO_DS)
| #undef _OFF_T
| #endif
| #define RETSIGTYPE void
| #define HAVE_SSIZE_T 1
| #define HAVE_GCC_UINT128_T 1
| #define SIZEOF_INT 4
| #define SIZEOF_LONG 8
| #define SIZEOF_LONG_LONG 8
| #define SIZEOF_VOID_P 8
| #define SIZEOF_SHORT 2
| #define SIZEOF_FLOAT 4
| #define SIZEOF_DOUBLE 8
| #define SIZEOF_FPOS_T 8
| #define SIZEOF_SIZE_T 8
| #define SIZEOF_PID_T 4
| #define SIZEOF_UINTPTR_T 8
| #define HAVE_LONG_DOUBLE 1
| #define SIZEOF_LONG_DOUBLE 16
| #define SIZEOF__BOOL 1
| #define SIZEOF_OFF_T 8
| #define SIZEOF_TIME_T 8
| #define SIZEOF_PTHREAD_T 8
| #define SIZEOF_PTHREAD_KEY_T 4
| #define PTHREAD_KEY_T_IS_COMPATIBLE_WITH_INT 1
| #define HAVE_LIBDL 1
| #define HAVE_UUID_UUID_H 1
| #define HAVE_UUID_GENERATE_TIME_SAFE 1
| #define WITH_DECIMAL_CONTEXTVAR 1
| #define _REENTRANT 1
| #define HAVE_PTHREAD_SIGMASK 1
| #define HAVE_PTHREAD_GETCPUCLOCKID 1
| #define ENABLE_IPV6 1
| #define HAVE_LINUX_CAN_RAW_FD_FRAMES 1
| #define HAVE_LINUX_CAN_RAW_JOIN_FILTERS 1
| #define WITH_DOC_STRINGS 1
| #define WITH_PYMALLOC 1
| #define PY_COERCE_C_LOCALE 1
| #define HAVE_DLOPEN 1
| #define HAVE_DYNAMIC_LOADING 1
| #define HAVE_ALARM 1
| #define HAVE_ACCEPT4 1
| #define HAVE_SETITIMER 1
| #define HAVE_GETITIMER 1
| #define HAVE_CHOWN 1
| #define HAVE_CLOCK 1
| #define HAVE_CTERMID 1
| #define HAVE_DUP3 1
| #define HAVE_EXECV 1
| #define HAVE_FACCESSAT 1
| #define HAVE_FCHMOD 1
| #define HAVE_FCHMODAT 1
| #define HAVE_FCHOWN 1
| #define HAVE_FCHOWNAT 1
| #define HAVE_FEXECVE 1
| #define HAVE_FDOPENDIR 1
| #define HAVE_FORK 1
| #define HAVE_FPATHCONF 1
| #define HAVE_FSTATAT 1
| #define HAVE_FTRUNCATE 1
| #define HAVE_FUTIMESAT 1
| #define HAVE_FUTIMENS 1
| #define HAVE_FUTIMES 1
| #define HAVE_GAI_STRERROR 1
| #define HAVE_GETENTROPY 1
| #define HAVE_GETGRGID_R 1
| #define HAVE_GETGRNAM_R 1
| #define HAVE_GETGROUPLIST 1
| #define HAVE_GETGROUPS 1
| #define HAVE_GETLOGIN 1
| #define HAVE_GETLOADAVG 1
| #define HAVE_GETPEERNAME 1
| #define HAVE_GETPGID 1
| #define HAVE_GETPID 1
| #define HAVE_GETPRIORITY 1
| #define HAVE_GETRESUID 1
| #define HAVE_GETRESGID 1
| #define HAVE_GETPWENT 1
| #define HAVE_GETPWNAM_R 1
| #define HAVE_GETPWUID_R 1
| #define HAVE_GETSID 1
| #define HAVE_IF_NAMEINDEX 1
| #define HAVE_INITGROUPS 1
| #define HAVE_KILL 1
| #define HAVE_KILLPG 1
| #define HAVE_LCHOWN 1
| #define HAVE_LOCKF 1
| #define HAVE_LINKAT 1
| #define HAVE_LSTAT 1
| #define HAVE_LUTIMES 1
| #define HAVE_MMAP 1
| #define HAVE_MEMRCHR 1
| #define HAVE_MBRTOWC 1
| #define HAVE_MKDIRAT 1
| #define HAVE_MKFIFO 1
| #define HAVE_MADVISE 1
| #define HAVE_MKFIFOAT 1
| #define HAVE_MKNOD 1
| #define HAVE_MKNODAT 1
| #define HAVE_MKTIME 1
| #define HAVE_MREMAP 1
| #define HAVE_NICE 1
| #define HAVE_OPENAT 1
| #define HAVE_PATHCONF 1
| #define HAVE_PAUSE 1
| #define HAVE_PIPE2 1
| #define HAVE_POLL 1
| #define HAVE_POSIX_FALLOCATE 1
| #define HAVE_POSIX_FADVISE 1
| #define HAVE_POSIX_SPAWN 1
| #define HAVE_POSIX_SPAWNP 1
| #define HAVE_PREAD 1
| #define HAVE_PREADV 1
| #define HAVE_PREADV2 1
| #define HAVE_PTHREAD_CONDATTR_SETCLOCK 1
| #define HAVE_PTHREAD_KILL 1
| #define HAVE_PWRITE 1
| #define HAVE_PWRITEV 1
| #define HAVE_PWRITEV2 1
| #define HAVE_READLINK 1
| #define HAVE_READLINKAT 1
| #define HAVE_READV 1
| #define HAVE_REALPATH 1
| #define HAVE_RENAMEAT 1
| #define HAVE_SEM_OPEN 1
| #define HAVE_SEM_TIMEDWAIT 1
| #define HAVE_SEM_GETVALUE 1
| #define HAVE_SEM_UNLINK 1
| #define HAVE_SENDFILE 1
| #define HAVE_SETEGID 1
| #define HAVE_SETEUID 1
| #define HAVE_SETGID 1
| #define HAVE_SETHOSTNAME 1
| #define HAVE_SETLOCALE 1
| #define HAVE_SETREGID 1
| #define HAVE_SETREUID 1
| #define HAVE_SETRESUID 1
| #define HAVE_SETRESGID 1
| #define HAVE_SETSID 1
| #define HAVE_SETPGID 1
| #define HAVE_SETPGRP 1
| #define HAVE_SETPRIORITY 1
| #define HAVE_SETUID 1
| #define HAVE_SETVBUF 1
| #define HAVE_SCHED_GET_PRIORITY_MAX 1
| #define HAVE_SCHED_SETAFFINITY 1
| #define HAVE_SCHED_SETSCHEDULER 1
| #define HAVE_SCHED_SETPARAM 1
| #define HAVE_SCHED_RR_GET_INTERVAL 1
| #define HAVE_SIGACTION 1
| #define HAVE_SIGALTSTACK 1
| #define HAVE_SIGFILLSET 1
| #define HAVE_SIGINTERRUPT 1
| #define HAVE_SIGPENDING 1
| #define HAVE_SIGRELSE 1
| #define HAVE_SIGTIMEDWAIT 1
| #define HAVE_SIGWAIT 1
| #define HAVE_SIGWAITINFO 1
| #define HAVE_SNPRINTF 1
| #define HAVE_STRFTIME 1
| #define HAVE_STRLCPY 1
| #define HAVE_STRSIGNAL 1
| #define HAVE_SYMLINKAT 1
| #define HAVE_SYNC 1
| #define HAVE_SYSCONF 1
| #define HAVE_TCGETPGRP 1
| #define HAVE_TCSETPGRP 1
| #define HAVE_TEMPNAM 1
| #define HAVE_TIMEGM 1
| #define HAVE_TIMES 1
| #define HAVE_TMPFILE 1
| #define HAVE_TMPNAM 1
| #define HAVE_TRUNCATE 1
| #define HAVE_UNAME 1
| #define HAVE_UNLINKAT 1
| #define HAVE_UTIMENSAT 1
| #define HAVE_UTIMES 1
| #define HAVE_WAITID 1
| #define HAVE_WAITPID 1
| #define HAVE_WAIT4 1
| #define HAVE_WCSCOLL 1
| #define HAVE_WCSFTIME 1
| #define HAVE_WCSXFRM 1
| #define HAVE_WMEMCMP 1
| #define HAVE_WRITEV 1
| #define HAVE_DIRFD 1
| #define HAVE_CHROOT 1
| #define HAVE_LINK 1
| #define HAVE_SYMLINK 1
| #define HAVE_FCHDIR 1
| #define HAVE_FSYNC 1
| #define HAVE_FDATASYNC 1
| #define HAVE_EPOLL 1
| #define HAVE_EPOLL_CREATE1 1
| #define HAVE_PRLIMIT 1
| #define HAVE_FLOCK 1
| #define HAVE_GETPAGESIZE 1
| #define HAVE_ZLIB_COPY 1
| #define HAVE_HSTRERROR 1
| #define HAVE_INET_ATON 1
| #define HAVE_INET_PTON 1
| #define HAVE_SETGROUPS 1
| #define HAVE_OPENPTY 1
| #define HAVE_FORKPTY 1
| #define HAVE_FSEEKO 1
| #define HAVE_FSTATVFS 1
| #define HAVE_FTELLO 1
| #define HAVE_STATVFS 1
| #define HAVE_DUP2 1
| #define HAVE_STRDUP 1
| #define HAVE_GETPGRP 1
| #define HAVE_SETPGRP 1
| #define HAVE_CLOCK_GETTIME 1
| #define HAVE_CLOCK_GETRES 1
| #define HAVE_CLOCK_SETTIME 1
| #define HAVE_DEVICE_MACROS 1
| #define HAVE_GETADDRINFO 1
| #define HAVE_GETNAMEINFO 1
| #define TIME_WITH_SYS_TIME 1
| #define HAVE_STRUCT_TM_TM_ZONE 1
| #define HAVE_TM_ZONE 1
| #define HAVE_STRUCT_STAT_ST_RDEV 1
| #define HAVE_STRUCT_STAT_ST_BLKSIZE 1
| #define HAVE_STRUCT_STAT_ST_BLOCKS 1
| #define HAVE_STRUCT_PASSWD_PW_GECOS 1
| #define HAVE_STRUCT_PASSWD_PW_PASSWD 1
| #define HAVE_SIGINFO_T_SI_BAND 1
| #define SYS_SELECT_WITH_SYS_TIME 1
| #define HAVE_ADDRINFO 1
| #define HAVE_SOCKADDR_STORAGE 1
| #define HAVE_SOCKADDR_ALG 1
| #define HAVE_PROTOTYPES 1
| #define HAVE_STDARG_PROTOTYPES 1
| #define HAVE_SOCKETPAIR 1
| #define HAVE_GETHOSTBYNAME_R 1
| #define HAVE_GETHOSTBYNAME_R 1
| #define HAVE_GETHOSTBYNAME_R_6_ARG 1
| #define DOUBLE_IS_LITTLE_ENDIAN_IEEE754 1
| /* end confdefs.h.  */
| 
| int
| main ()
| {
| 
|   unsigned int fpcr;
|   __asm__ __volatile__ ("fmove.l %%fpcr,%0" : "=g" (fpcr));
|   __asm__ __volatile__ ("fmove.l %0,%%fpcr" : : "g" (fpcr));
| 
|   ;
|   return 0;
| }
configure:14622: result: no
configure:14636: checking for x87-style double rounding
configure:14667: gcc  -Wno-unused-result -Wsign-compare -Wunreachable-code -o conftest -I/data/data/com.termux/files/usr/include  -L/data/data/com.termux/files/usr/lib conftest.c -lcrypt -ldl  >&5
configure:14667: $? = 0
configure:14667: ./conftest
configure:14667: $? = 0
configure:14677: result: no
configure:14696: checking for acosh
configure:14696: gcc -o conftest -I/data/data/com.termux/files/usr/include  -L/data/data/com.termux/files/usr/lib conftest.c -lcrypt -ldl  -lm >&5
conftest.c:351:6: warning: incompatible redeclaration of library function 'acosh' [-Wincompatible-library-redeclaration]
  351 | char acosh ();
      |      ^
conftest.c:351:6: note: 'acosh' is a builtin with type 'double (double)'
1 warning generated.
configure:14696: $? = 0
configure:14696: result: yes
configure:14696: checking for asinh
configure:14696: gcc -o conftest -I/data/data/com.termux/files/usr/include  -L/data/data/com.termux/files/usr/lib conftest.c -lcrypt -ldl  -lm >&5
conftest.c:352:6: warning: incompatible redeclaration of library function 'asinh' [-Wincompatible-library-redeclaration]
  352 | char asinh ();
      |      ^
conftest.c:352:6: note: 'asinh' is a builtin with type 'double (double)'
1 warning generated.
configure:14696: $? = 0
configure:14696: result: yes
configure:14696: checking for atanh
configure:14696: gcc -o conftest -I/data/data/com.termux/files/usr/include  -L/data/data/com.termux/files/usr/lib conftest.c -lcrypt -ldl  -lm >&5
conftest.c:353:6: warning: incompatible redeclaration of library function 'atanh' [-Wincompatible-library-redeclaration]
  353 | char atanh ();
      |      ^
conftest.c:353:6: note: 'atanh' is a builtin with type 'double (double)'
1 warning generated.
configure:14696: $? = 0
configure:14696: result: yes
configure:14696: checking for copysign
configure:14696: gcc -o conftest -I/data/data/com.termux/files/usr/include  -L/data/data/com.termux/files/usr/lib conftest.c -lcrypt -ldl  -lm >&5
conftest.c:354:6: warning: incompatible redeclaration of library function 'copysign' [-Wincompatible-library-redeclaration]
  354 | char copysign ();
      |      ^
conftest.c:354:6: note: 'copysign' is a builtin with type 'double (double, double)'
1 warning generated.
configure:14696: $? = 0
configure:14696: result: yes
configure:14696: checking for erf
configure:14696: gcc -o conftest -I/data/data/com.termux/files/usr/include  -L/data/data/com.termux/files/usr/lib conftest.c -lcrypt -ldl  -lm >&5
conftest.c:355:6: warning: incompatible redeclaration of library function 'erf' [-Wincompatible-library-redeclaration]
  355 | char erf ();
      |      ^
conftest.c:355:6: note: 'erf' is a builtin with type 'double (double)'
1 warning generated.
configure:14696: $? = 0
configure:14696: result: yes
configure:14696: checking for erfc
configure:14696: gcc -o conftest -I/data/data/com.termux/files/usr/include  -L/data/data/com.termux/files/usr/lib conftest.c -lcrypt -ldl  -lm >&5
conftest.c:356:6: warning: incompatible redeclaration of library function 'erfc' [-Wincompatible-library-redeclaration]
  356 | char erfc ();
      |      ^
conftest.c:356:6: note: 'erfc' is a builtin with type 'double (double)'
1 warning generated.
configure:14696: $? = 0
configure:14696: result: yes
configure:14696: checking for expm1
configure:14696: gcc -o conftest -I/data/data/com.termux/files/usr/include  -L/data/data/com.termux/files/usr/lib conftest.c -lcrypt -ldl  -lm >&5
conftest.c:357:6: warning: incompatible redeclaration of library function 'expm1' [-Wincompatible-library-redeclaration]
  357 | char expm1 ();
      |      ^
conftest.c:357:6: note: 'expm1' is a builtin with type 'double (double)'
1 warning generated.
configure:14696: $? = 0
configure:14696: result: yes
configure:14696: checking for finite
configure:14696: gcc -o conftest -I/data/data/com.termux/files/usr/include  -L/data/data/com.termux/files/usr/lib conftest.c -lcrypt -ldl  -lm >&5
conftest.c:358:6: warning: incompatible redeclaration of library function 'finite' [-Wincompatible-library-redeclaration]
  358 | char finite ();
      |      ^
conftest.c:358:6: note: 'finite' is a builtin with type 'int (double)'
1 warning generated.
configure:14696: $? = 0
configure:14696: result: yes
configure:14696: checking for gamma
configure:14696: gcc -o conftest -I/data/data/com.termux/files/usr/include  -L/data/data/com.termux/files/usr/lib conftest.c -lcrypt -ldl  -lm >&5
configure:14696: $? = 0
configure:14696: result: yes
configure:14708: checking for hypot
configure:14708: gcc -o conftest -I/data/data/com.termux/files/usr/include  -L/data/data/com.termux/files/usr/lib conftest.c -lcrypt -ldl  -lm >&5
conftest.c:360:6: warning: incompatible redeclaration of library function 'hypot' [-Wincompatible-library-redeclaration]
  360 | char hypot ();
      |      ^
conftest.c:360:6: note: 'hypot' is a builtin with type 'double (double, double)'
1 warning generated.
configure:14708: $? = 0
configure:14708: result: yes
configure:14708: checking for lgamma
configure:14708: gcc -o conftest -I/data/data/com.termux/files/usr/include  -L/data/data/com.termux/files/usr/lib conftest.c -lcrypt -ldl  -lm >&5
conftest.c:361:6: warning: incompatible redeclaration of library function 'lgamma' [-Wincompatible-library-redeclaration]
  361 | char lgamma ();
      |      ^
conftest.c:361:6: note: 'lgamma' is a builtin with type 'double (double)'
1 warning generated.
configure:14708: $? = 0
configure:14708: result: yes
configure:14708: checking for log1p
configure:14708: gcc -o conftest -I/data/data/com.termux/files/usr/include  -L/data/data/com.termux/files/usr/lib conftest.c -lcrypt -ldl  -lm >&5
conftest.c:362:6: warning: incompatible redeclaration of library function 'log1p' [-Wincompatible-library-redeclaration]
  362 | char log1p ();
      |      ^
conftest.c:362:6: note: 'log1p' is a builtin with type 'double (double)'
1 warning generated.
configure:14708: $? = 0
configure:14708: result: yes
configure:14708: checking for log2
configure:14708: gcc -o conftest -I/data/data/com.termux/files/usr/include  -L/data/data/com.termux/files/usr/lib conftest.c -lcrypt -ldl  -lm >&5
conftest.c:363:6: warning: incompatible redeclaration of library function 'log2' [-Wincompatible-library-redeclaration]
  363 | char log2 ();
      |      ^
conftest.c:363:6: note: 'log2' is a builtin with type 'double (double)'
1 warning generated.
configure:14708: $? = 0
configure:14708: result: yes
configure:14708: checking for round
configure:14708: gcc -o conftest -I/data/data/com.termux/files/usr/include  -L/data/data/com.termux/files/usr/lib conftest.c -lcrypt -ldl  -lm >&5
conftest.c:364:6: warning: incompatible redeclaration of library function 'round' [-Wincompatible-library-redeclaration]
  364 | char round ();
      |      ^
conftest.c:364:6: note: 'round' is a builtin with type 'double (double)'
1 warning generated.
configure:14708: $? = 0
configure:14708: result: yes
configure:14708: checking for tgamma
configure:14708: gcc -o conftest -I/data/data/com.termux/files/usr/include  -L/data/data/com.termux/files/usr/lib conftest.c -lcrypt -ldl  -lm >&5
conftest.c:365:6: warning: incompatible redeclaration of library function 'tgamma' [-Wincompatible-library-redeclaration]
  365 | char tgamma ();
      |      ^
conftest.c:365:6: note: 'tgamma' is a builtin with type 'double (double)'
1 warning generated.
configure:14708: $? = 0
configure:14708: result: yes
configure:14717: checking whether isinf is declared
configure:14717: gcc -c -I/data/data/com.termux/files/usr/include  conftest.c >&5
configure:14717: $? = 0
configure:14717: result: yes
configure:14728: checking whether isnan is declared
configure:14728: gcc -c -I/data/data/com.termux/files/usr/include  conftest.c >&5
configure:14728: $? = 0
configure:14728: result: yes
configure:14739: checking whether isfinite is declared
configure:14739: gcc -c -I/data/data/com.termux/files/usr/include  conftest.c >&5
configure:14739: $? = 0
configure:14739: result: yes
configure:14757: checking whether POSIX semaphores are enabled
configure:14786: gcc -o conftest -I/data/data/com.termux/files/usr/include  -L/data/data/com.termux/files/usr/lib conftest.c -lcrypt -ldl  -lm >&5
ld.lld: error: undefined symbol: libandroid_sem_open
>>> referenced by conftest.c
>>>               /data/data/com.termux/files/usr/tmp/conftest-cd48c0.o:(main)

ld.lld: error: undefined symbol: libandroid_sem_close
>>> referenced by conftest.c
>>>               /data/data/com.termux/files/usr/tmp/conftest-cd48c0.o:(main)

ld.lld: error: undefined symbol: libandroid_sem_unlink
>>> referenced by conftest.c
>>>               /data/data/com.termux/files/usr/tmp/conftest-cd48c0.o:(main)
gcc: error: linker command failed with exit code 1 (use -v to see invocation)
configure:14786: $? = 1
configure: program exited with status 1
configure: failed program was:
| /* confdefs.h */
| #define _GNU_SOURCE 1
| #define _NETBSD_SOURCE 1
| #define __BSD_VISIBLE 1
| #define _DARWIN_C_SOURCE 1
| #define _PYTHONFRAMEWORK ""
| #define _XOPEN_SOURCE 700
| #define _XOPEN_SOURCE_EXTENDED 1
| #define _POSIX_C_SOURCE 200809L
| #define STDC_HEADERS 1
| #define HAVE_SYS_TYPES_H 1
| #define HAVE_SYS_STAT_H 1
| #define HAVE_STDLIB_H 1
| #define HAVE_STRING_H 1
| #define HAVE_MEMORY_H 1
| #define HAVE_STRINGS_H 1
| #define HAVE_INTTYPES_H 1
| #define HAVE_STDINT_H 1
| #define HAVE_UNISTD_H 1
| #define __EXTENSIONS__ 1
| #define _ALL_SOURCE 1
| #define _GNU_SOURCE 1
| #define _POSIX_PTHREAD_SEMANTICS 1
| #define _TANDEM_SOURCE 1
| #define ANDROID_API_LEVEL 24
| #define STDC_HEADERS 1
| #define HAVE_ASM_TYPES_H 1
| #define HAVE_CRYPT_H 1
| #define HAVE_DLFCN_H 1
| #define HAVE_ERRNO_H 1
| #define HAVE_FCNTL_H 1
| #define HAVE_GRP_H 1
| #define HAVE_LANGINFO_H 1
| #define HAVE_LIBINTL_H 1
| #define HAVE_PTHREAD_H 1
| #define HAVE_SCHED_H 1
| #define HAVE_SIGNAL_H 1
| #define HAVE_TERMIOS_H 1
| #define HAVE_UTIME_H 1
| #define HAVE_POLL_H 1
| #define HAVE_SYS_EPOLL_H 1
| #define HAVE_SYS_POLL_H 1
| #define HAVE_SYS_XATTR_H 1
| #define HAVE_SYS_FILE_H 1
| #define HAVE_SYS_IOCTL_H 1
| #define HAVE_SYS_PARAM_H 1
| #define HAVE_SYS_RANDOM_H 1
| #define HAVE_SYS_SELECT_H 1
| #define HAVE_SYS_SENDFILE_H 1
| #define HAVE_SYS_SOCKET_H 1
| #define HAVE_SYS_STATVFS_H 1
| #define HAVE_SYS_STAT_H 1
| #define HAVE_SYS_SYSCALL_H 1
| #define HAVE_SYS_TIME_H 1
| #define HAVE_SYS_TIMES_H 1
| #define HAVE_SYS_TYPES_H 1
| #define HAVE_SYS_UIO_H 1
| #define HAVE_SYS_UN_H 1
| #define HAVE_SYS_UTSNAME_H 1
| #define HAVE_SYS_WAIT_H 1
| #define HAVE_PTY_H 1
| #define HAVE_SYS_RESOURCE_H 1
| #define HAVE_NETPACKET_PACKET_H 1
| #define HAVE_SYSEXITS_H 1
| #define HAVE_LINUX_TIPC_H 1
| #define HAVE_LINUX_RANDOM_H 1
| #define HAVE_SPAWN_H 1
| #define HAVE_ALLOCA_H 1
| #define HAVE_ENDIAN_H 1
| #define HAVE_SYS_ENDIAN_H 1
| #define HAVE_SYS_SYSMACROS_H 1
| #define HAVE_LINUX_MEMFD_H 1
| #define HAVE_LINUX_WAIT_H 1
| #define HAVE_SYS_MMAN_H 1
| #define HAVE_DIRENT_H 1
| #define MAJOR_IN_SYSMACROS 1
| #define HAVE_NET_IF_H 1
| #define HAVE_LINUX_NETLINK_H 1
| #define HAVE_LINUX_QRTR_H 1
| #define HAVE_LINUX_VM_SOCKETS_H 1
| #define HAVE_LINUX_CAN_H 1
| #define HAVE_LINUX_CAN_BCM_H 1
| #define HAVE_LINUX_CAN_J1939_H 1
| #define HAVE_LINUX_CAN_RAW_H 1
| #define HAVE_MAKEDEV 1
| #define HAVE_HTOLE64 1
| #define _LARGEFILE_SOURCE 1
| #define _FILE_OFFSET_BITS 64
| #if defined(SCO_DS)
| #undef _OFF_T
| #endif
| #define RETSIGTYPE void
| #define HAVE_SSIZE_T 1
| #define HAVE_GCC_UINT128_T 1
| #define SIZEOF_INT 4
| #define SIZEOF_LONG 8
| #define SIZEOF_LONG_LONG 8
| #define SIZEOF_VOID_P 8
| #define SIZEOF_SHORT 2
| #define SIZEOF_FLOAT 4
| #define SIZEOF_DOUBLE 8
| #define SIZEOF_FPOS_T 8
| #define SIZEOF_SIZE_T 8
| #define SIZEOF_PID_T 4
| #define SIZEOF_UINTPTR_T 8
| #define HAVE_LONG_DOUBLE 1
| #define SIZEOF_LONG_DOUBLE 16
| #define SIZEOF__BOOL 1
| #define SIZEOF_OFF_T 8
| #define SIZEOF_TIME_T 8
| #define SIZEOF_PTHREAD_T 8
| #define SIZEOF_PTHREAD_KEY_T 4
| #define PTHREAD_KEY_T_IS_COMPATIBLE_WITH_INT 1
| #define HAVE_LIBDL 1
| #define HAVE_UUID_UUID_H 1
| #define HAVE_UUID_GENERATE_TIME_SAFE 1
| #define WITH_DECIMAL_CONTEXTVAR 1
| #define _REENTRANT 1
| #define HAVE_PTHREAD_SIGMASK 1
| #define HAVE_PTHREAD_GETCPUCLOCKID 1
| #define ENABLE_IPV6 1
| #define HAVE_LINUX_CAN_RAW_FD_FRAMES 1
| #define HAVE_LINUX_CAN_RAW_JOIN_FILTERS 1
| #define WITH_DOC_STRINGS 1
| #define WITH_PYMALLOC 1
| #define PY_COERCE_C_LOCALE 1
| #define HAVE_DLOPEN 1
| #define HAVE_DYNAMIC_LOADING 1
| #define HAVE_ALARM 1
| #define HAVE_ACCEPT4 1
| #define HAVE_SETITIMER 1
| #define HAVE_GETITIMER 1
| #define HAVE_CHOWN 1
| #define HAVE_CLOCK 1
| #define HAVE_CTERMID 1
| #define HAVE_DUP3 1
| #define HAVE_EXECV 1
| #define HAVE_FACCESSAT 1
| #define HAVE_FCHMOD 1
| #define HAVE_FCHMODAT 1
| #define HAVE_FCHOWN 1
| #define HAVE_FCHOWNAT 1
| #define HAVE_FEXECVE 1
| #define HAVE_FDOPENDIR 1
| #define HAVE_FORK 1
| #define HAVE_FPATHCONF 1
| #define HAVE_FSTATAT 1
| #define HAVE_FTRUNCATE 1
| #define HAVE_FUTIMESAT 1
| #define HAVE_FUTIMENS 1
| #define HAVE_FUTIMES 1
| #define HAVE_GAI_STRERROR 1
| #define HAVE_GETENTROPY 1
| #define HAVE_GETGRGID_R 1
| #define HAVE_GETGRNAM_R 1
| #define HAVE_GETGROUPLIST 1
| #define HAVE_GETGROUPS 1
| #define HAVE_GETLOGIN 1
| #define HAVE_GETLOADAVG 1
| #define HAVE_GETPEERNAME 1
| #define HAVE_GETPGID 1
| #define HAVE_GETPID 1
| #define HAVE_GETPRIORITY 1
| #define HAVE_GETRESUID 1
| #define HAVE_GETRESGID 1
| #define HAVE_GETPWENT 1
| #define HAVE_GETPWNAM_R 1
| #define HAVE_GETPWUID_R 1
| #define HAVE_GETSID 1
| #define HAVE_IF_NAMEINDEX 1
| #define HAVE_INITGROUPS 1
| #define HAVE_KILL 1
| #define HAVE_KILLPG 1
| #define HAVE_LCHOWN 1
| #define HAVE_LOCKF 1
| #define HAVE_LINKAT 1
| #define HAVE_LSTAT 1
| #define HAVE_LUTIMES 1
| #define HAVE_MMAP 1
| #define HAVE_MEMRCHR 1
| #define HAVE_MBRTOWC 1
| #define HAVE_MKDIRAT 1
| #define HAVE_MKFIFO 1
| #define HAVE_MADVISE 1
| #define HAVE_MKFIFOAT 1
| #define HAVE_MKNOD 1
| #define HAVE_MKNODAT 1
| #define HAVE_MKTIME 1
| #define HAVE_MREMAP 1
| #define HAVE_NICE 1
| #define HAVE_OPENAT 1
| #define HAVE_PATHCONF 1
| #define HAVE_PAUSE 1
| #define HAVE_PIPE2 1
| #define HAVE_POLL 1
| #define HAVE_POSIX_FALLOCATE 1
| #define HAVE_POSIX_FADVISE 1
| #define HAVE_POSIX_SPAWN 1
| #define HAVE_POSIX_SPAWNP 1
| #define HAVE_PREAD 1
| #define HAVE_PREADV 1
| #define HAVE_PREADV2 1
| #define HAVE_PTHREAD_CONDATTR_SETCLOCK 1
| #define HAVE_PTHREAD_KILL 1
| #define HAVE_PWRITE 1
| #define HAVE_PWRITEV 1
| #define HAVE_PWRITEV2 1
| #define HAVE_READLINK 1
| #define HAVE_READLINKAT 1
| #define HAVE_READV 1
| #define HAVE_REALPATH 1
| #define HAVE_RENAMEAT 1
| #define HAVE_SEM_OPEN 1
| #define HAVE_SEM_TIMEDWAIT 1
| #define HAVE_SEM_GETVALUE 1
| #define HAVE_SEM_UNLINK 1
| #define HAVE_SENDFILE 1
| #define HAVE_SETEGID 1
| #define HAVE_SETEUID 1
| #define HAVE_SETGID 1
| #define HAVE_SETHOSTNAME 1
| #define HAVE_SETLOCALE 1
| #define HAVE_SETREGID 1
| #define HAVE_SETREUID 1
| #define HAVE_SETRESUID 1
| #define HAVE_SETRESGID 1
| #define HAVE_SETSID 1
| #define HAVE_SETPGID 1
| #define HAVE_SETPGRP 1
| #define HAVE_SETPRIORITY 1
| #define HAVE_SETUID 1
| #define HAVE_SETVBUF 1
| #define HAVE_SCHED_GET_PRIORITY_MAX 1
| #define HAVE_SCHED_SETAFFINITY 1
| #define HAVE_SCHED_SETSCHEDULER 1
| #define HAVE_SCHED_SETPARAM 1
| #define HAVE_SCHED_RR_GET_INTERVAL 1
| #define HAVE_SIGACTION 1
| #define HAVE_SIGALTSTACK 1
| #define HAVE_SIGFILLSET 1
| #define HAVE_SIGINTERRUPT 1
| #define HAVE_SIGPENDING 1
| #define HAVE_SIGRELSE 1
| #define HAVE_SIGTIMEDWAIT 1
| #define HAVE_SIGWAIT 1
| #define HAVE_SIGWAITINFO 1
| #define HAVE_SNPRINTF 1
| #define HAVE_STRFTIME 1
| #define HAVE_STRLCPY 1
| #define HAVE_STRSIGNAL 1
| #define HAVE_SYMLINKAT 1
| #define HAVE_SYNC 1
| #define HAVE_SYSCONF 1
| #define HAVE_TCGETPGRP 1
| #define HAVE_TCSETPGRP 1
| #define HAVE_TEMPNAM 1
| #define HAVE_TIMEGM 1
| #define HAVE_TIMES 1
| #define HAVE_TMPFILE 1
| #define HAVE_TMPNAM 1
| #define HAVE_TRUNCATE 1
| #define HAVE_UNAME 1
| #define HAVE_UNLINKAT 1
| #define HAVE_UTIMENSAT 1
| #define HAVE_UTIMES 1
| #define HAVE_WAITID 1
| #define HAVE_WAITPID 1
| #define HAVE_WAIT4 1
| #define HAVE_WCSCOLL 1
| #define HAVE_WCSFTIME 1
| #define HAVE_WCSXFRM 1
| #define HAVE_WMEMCMP 1
| #define HAVE_WRITEV 1
| #define HAVE_DIRFD 1
| #define HAVE_CHROOT 1
| #define HAVE_LINK 1
| #define HAVE_SYMLINK 1
| #define HAVE_FCHDIR 1
| #define HAVE_FSYNC 1
| #define HAVE_FDATASYNC 1
| #define HAVE_EPOLL 1
| #define HAVE_EPOLL_CREATE1 1
| #define HAVE_PRLIMIT 1
| #define HAVE_FLOCK 1
| #define HAVE_GETPAGESIZE 1
| #define HAVE_ZLIB_COPY 1
| #define HAVE_HSTRERROR 1
| #define HAVE_INET_ATON 1
| #define HAVE_INET_PTON 1
| #define HAVE_SETGROUPS 1
| #define HAVE_OPENPTY 1
| #define HAVE_FORKPTY 1
| #define HAVE_FSEEKO 1
| #define HAVE_FSTATVFS 1
| #define HAVE_FTELLO 1
| #define HAVE_STATVFS 1
| #define HAVE_DUP2 1
| #define HAVE_STRDUP 1
| #define HAVE_GETPGRP 1
| #define HAVE_SETPGRP 1
| #define HAVE_CLOCK_GETTIME 1
| #define HAVE_CLOCK_GETRES 1
| #define HAVE_CLOCK_SETTIME 1
| #define HAVE_DEVICE_MACROS 1
| #define HAVE_GETADDRINFO 1
| #define HAVE_GETNAMEINFO 1
| #define TIME_WITH_SYS_TIME 1
| #define HAVE_STRUCT_TM_TM_ZONE 1
| #define HAVE_TM_ZONE 1
| #define HAVE_STRUCT_STAT_ST_RDEV 1
| #define HAVE_STRUCT_STAT_ST_BLKSIZE 1
| #define HAVE_STRUCT_STAT_ST_BLOCKS 1
| #define HAVE_STRUCT_PASSWD_PW_GECOS 1
| #define HAVE_STRUCT_PASSWD_PW_PASSWD 1
| #define HAVE_SIGINFO_T_SI_BAND 1
| #define SYS_SELECT_WITH_SYS_TIME 1
| #define HAVE_ADDRINFO 1
| #define HAVE_SOCKADDR_STORAGE 1
| #define HAVE_SOCKADDR_ALG 1
| #define HAVE_PROTOTYPES 1
| #define HAVE_STDARG_PROTOTYPES 1
| #define HAVE_SOCKETPAIR 1
| #define HAVE_GETHOSTBYNAME_R 1
| #define HAVE_GETHOSTBYNAME_R 1
| #define HAVE_GETHOSTBYNAME_R_6_ARG 1
| #define DOUBLE_IS_LITTLE_ENDIAN_IEEE754 1
| #define HAVE_ACOSH 1
| #define HAVE_ASINH 1
| #define HAVE_ATANH 1
| #define HAVE_COPYSIGN 1
| #define HAVE_ERF 1
| #define HAVE_ERFC 1
| #define HAVE_EXPM1 1
| #define HAVE_FINITE 1
| #define HAVE_GAMMA 1
| #define HAVE_HYPOT 1
| #define HAVE_LGAMMA 1
| #define HAVE_LOG1P 1
| #define HAVE_LOG2 1
| #define HAVE_ROUND 1
| #define HAVE_TGAMMA 1
| #define HAVE_DECL_ISINF 1
| #define HAVE_DECL_ISNAN 1
| #define HAVE_DECL_ISFINITE 1
| /* end confdefs.h.  */
| 
| #include <unistd.h>
| #include <fcntl.h>
| #include <stdio.h>
| #include <semaphore.h>
| #include <sys/stat.h>
| 
| int main(void) {
|   sem_t *a = sem_open("/autoconf", O_CREAT, S_IRUSR|S_IWUSR, 0);
|   if (a == SEM_FAILED) {
|     perror("sem_open");
|     return 1;
|   }
|   sem_close(a);
|   sem_unlink("/autoconf");
|   return 0;
| }
| 
configure:14798: result: no
configure:14808: checking for broken sem_getvalue
configure:14841: gcc -o conftest -I/data/data/com.termux/files/usr/include  -L/data/data/com.termux/files/usr/lib conftest.c -lcrypt -ldl  -lm >&5
ld.lld: error: undefined symbol: libandroid_sem_open
>>> referenced by conftest.c
>>>               /data/data/com.termux/files/usr/tmp/conftest-b3002d.o:(main)

ld.lld: error: undefined symbol: libandroid_sem_close
>>> referenced by conftest.c
>>>               /data/data/com.termux/files/usr/tmp/conftest-b3002d.o:(main)

ld.lld: error: undefined symbol: libandroid_sem_unlink
>>> referenced by conftest.c
>>>               /data/data/com.termux/files/usr/tmp/conftest-b3002d.o:(main)
gcc: error: linker command failed with exit code 1 (use -v to see invocation)
configure:14841: $? = 1
configure: program exited with status 1
configure: failed program was:
| /* confdefs.h */
| #define _GNU_SOURCE 1
| #define _NETBSD_SOURCE 1
| #define __BSD_VISIBLE 1
| #define _DARWIN_C_SOURCE 1
| #define _PYTHONFRAMEWORK ""
| #define _XOPEN_SOURCE 700
| #define _XOPEN_SOURCE_EXTENDED 1
| #define _POSIX_C_SOURCE 200809L
| #define STDC_HEADERS 1
| #define HAVE_SYS_TYPES_H 1
| #define HAVE_SYS_STAT_H 1
| #define HAVE_STDLIB_H 1
| #define HAVE_STRING_H 1
| #define HAVE_MEMORY_H 1
| #define HAVE_STRINGS_H 1
| #define HAVE_INTTYPES_H 1
| #define HAVE_STDINT_H 1
| #define HAVE_UNISTD_H 1
| #define __EXTENSIONS__ 1
| #define _ALL_SOURCE 1
| #define _GNU_SOURCE 1
| #define _POSIX_PTHREAD_SEMANTICS 1
| #define _TANDEM_SOURCE 1
| #define ANDROID_API_LEVEL 24
| #define STDC_HEADERS 1
| #define HAVE_ASM_TYPES_H 1
| #define HAVE_CRYPT_H 1
| #define HAVE_DLFCN_H 1
| #define HAVE_ERRNO_H 1
| #define HAVE_FCNTL_H 1
| #define HAVE_GRP_H 1
| #define HAVE_LANGINFO_H 1
| #define HAVE_LIBINTL_H 1
| #define HAVE_PTHREAD_H 1
| #define HAVE_SCHED_H 1
| #define HAVE_SIGNAL_H 1
| #define HAVE_TERMIOS_H 1
| #define HAVE_UTIME_H 1
| #define HAVE_POLL_H 1
| #define HAVE_SYS_EPOLL_H 1
| #define HAVE_SYS_POLL_H 1
| #define HAVE_SYS_XATTR_H 1
| #define HAVE_SYS_FILE_H 1
| #define HAVE_SYS_IOCTL_H 1
| #define HAVE_SYS_PARAM_H 1
| #define HAVE_SYS_RANDOM_H 1
| #define HAVE_SYS_SELECT_H 1
| #define HAVE_SYS_SENDFILE_H 1
| #define HAVE_SYS_SOCKET_H 1
| #define HAVE_SYS_STATVFS_H 1
| #define HAVE_SYS_STAT_H 1
| #define HAVE_SYS_SYSCALL_H 1
| #define HAVE_SYS_TIME_H 1
| #define HAVE_SYS_TIMES_H 1
| #define HAVE_SYS_TYPES_H 1
| #define HAVE_SYS_UIO_H 1
| #define HAVE_SYS_UN_H 1
| #define HAVE_SYS_UTSNAME_H 1
| #define HAVE_SYS_WAIT_H 1
| #define HAVE_PTY_H 1
| #define HAVE_SYS_RESOURCE_H 1
| #define HAVE_NETPACKET_PACKET_H 1
| #define HAVE_SYSEXITS_H 1
| #define HAVE_LINUX_TIPC_H 1
| #define HAVE_LINUX_RANDOM_H 1
| #define HAVE_SPAWN_H 1
| #define HAVE_ALLOCA_H 1
| #define HAVE_ENDIAN_H 1
| #define HAVE_SYS_ENDIAN_H 1
| #define HAVE_SYS_SYSMACROS_H 1
| #define HAVE_LINUX_MEMFD_H 1
| #define HAVE_LINUX_WAIT_H 1
| #define HAVE_SYS_MMAN_H 1
| #define HAVE_DIRENT_H 1
| #define MAJOR_IN_SYSMACROS 1
| #define HAVE_NET_IF_H 1
| #define HAVE_LINUX_NETLINK_H 1
| #define HAVE_LINUX_QRTR_H 1
| #define HAVE_LINUX_VM_SOCKETS_H 1
| #define HAVE_LINUX_CAN_H 1
| #define HAVE_LINUX_CAN_BCM_H 1
| #define HAVE_LINUX_CAN_J1939_H 1
| #define HAVE_LINUX_CAN_RAW_H 1
| #define HAVE_MAKEDEV 1
| #define HAVE_HTOLE64 1
| #define _LARGEFILE_SOURCE 1
| #define _FILE_OFFSET_BITS 64
| #if defined(SCO_DS)
| #undef _OFF_T
| #endif
| #define RETSIGTYPE void
| #define HAVE_SSIZE_T 1
| #define HAVE_GCC_UINT128_T 1
| #define SIZEOF_INT 4
| #define SIZEOF_LONG 8
| #define SIZEOF_LONG_LONG 8
| #define SIZEOF_VOID_P 8
| #define SIZEOF_SHORT 2
| #define SIZEOF_FLOAT 4
| #define SIZEOF_DOUBLE 8
| #define SIZEOF_FPOS_T 8
| #define SIZEOF_SIZE_T 8
| #define SIZEOF_PID_T 4
| #define SIZEOF_UINTPTR_T 8
| #define HAVE_LONG_DOUBLE 1
| #define SIZEOF_LONG_DOUBLE 16
| #define SIZEOF__BOOL 1
| #define SIZEOF_OFF_T 8
| #define SIZEOF_TIME_T 8
| #define SIZEOF_PTHREAD_T 8
| #define SIZEOF_PTHREAD_KEY_T 4
| #define PTHREAD_KEY_T_IS_COMPATIBLE_WITH_INT 1
| #define HAVE_LIBDL 1
| #define HAVE_UUID_UUID_H 1
| #define HAVE_UUID_GENERATE_TIME_SAFE 1
| #define WITH_DECIMAL_CONTEXTVAR 1
| #define _REENTRANT 1
| #define HAVE_PTHREAD_SIGMASK 1
| #define HAVE_PTHREAD_GETCPUCLOCKID 1
| #define ENABLE_IPV6 1
| #define HAVE_LINUX_CAN_RAW_FD_FRAMES 1
| #define HAVE_LINUX_CAN_RAW_JOIN_FILTERS 1
| #define WITH_DOC_STRINGS 1
| #define WITH_PYMALLOC 1
| #define PY_COERCE_C_LOCALE 1
| #define HAVE_DLOPEN 1
| #define HAVE_DYNAMIC_LOADING 1
| #define HAVE_ALARM 1
| #define HAVE_ACCEPT4 1
| #define HAVE_SETITIMER 1
| #define HAVE_GETITIMER 1
| #define HAVE_CHOWN 1
| #define HAVE_CLOCK 1
| #define HAVE_CTERMID 1
| #define HAVE_DUP3 1
| #define HAVE_EXECV 1
| #define HAVE_FACCESSAT 1
| #define HAVE_FCHMOD 1
| #define HAVE_FCHMODAT 1
| #define HAVE_FCHOWN 1
| #define HAVE_FCHOWNAT 1
| #define HAVE_FEXECVE 1
| #define HAVE_FDOPENDIR 1
| #define HAVE_FORK 1
| #define HAVE_FPATHCONF 1
| #define HAVE_FSTATAT 1
| #define HAVE_FTRUNCATE 1
| #define HAVE_FUTIMESAT 1
| #define HAVE_FUTIMENS 1
| #define HAVE_FUTIMES 1
| #define HAVE_GAI_STRERROR 1
| #define HAVE_GETENTROPY 1
| #define HAVE_GETGRGID_R 1
| #define HAVE_GETGRNAM_R 1
| #define HAVE_GETGROUPLIST 1
| #define HAVE_GETGROUPS 1
| #define HAVE_GETLOGIN 1
| #define HAVE_GETLOADAVG 1
| #define HAVE_GETPEERNAME 1
| #define HAVE_GETPGID 1
| #define HAVE_GETPID 1
| #define HAVE_GETPRIORITY 1
| #define HAVE_GETRESUID 1
| #define HAVE_GETRESGID 1
| #define HAVE_GETPWENT 1
| #define HAVE_GETPWNAM_R 1
| #define HAVE_GETPWUID_R 1
| #define HAVE_GETSID 1
| #define HAVE_IF_NAMEINDEX 1
| #define HAVE_INITGROUPS 1
| #define HAVE_KILL 1
| #define HAVE_KILLPG 1
| #define HAVE_LCHOWN 1
| #define HAVE_LOCKF 1
| #define HAVE_LINKAT 1
| #define HAVE_LSTAT 1
| #define HAVE_LUTIMES 1
| #define HAVE_MMAP 1
| #define HAVE_MEMRCHR 1
| #define HAVE_MBRTOWC 1
| #define HAVE_MKDIRAT 1
| #define HAVE_MKFIFO 1
| #define HAVE_MADVISE 1
| #define HAVE_MKFIFOAT 1
| #define HAVE_MKNOD 1
| #define HAVE_MKNODAT 1
| #define HAVE_MKTIME 1
| #define HAVE_MREMAP 1
| #define HAVE_NICE 1
| #define HAVE_OPENAT 1
| #define HAVE_PATHCONF 1
| #define HAVE_PAUSE 1
| #define HAVE_PIPE2 1
| #define HAVE_POLL 1
| #define HAVE_POSIX_FALLOCATE 1
| #define HAVE_POSIX_FADVISE 1
| #define HAVE_POSIX_SPAWN 1
| #define HAVE_POSIX_SPAWNP 1
| #define HAVE_PREAD 1
| #define HAVE_PREADV 1
| #define HAVE_PREADV2 1
| #define HAVE_PTHREAD_CONDATTR_SETCLOCK 1
| #define HAVE_PTHREAD_KILL 1
| #define HAVE_PWRITE 1
| #define HAVE_PWRITEV 1
| #define HAVE_PWRITEV2 1
| #define HAVE_READLINK 1
| #define HAVE_READLINKAT 1
| #define HAVE_READV 1
| #define HAVE_REALPATH 1
| #define HAVE_RENAMEAT 1
| #define HAVE_SEM_OPEN 1
| #define HAVE_SEM_TIMEDWAIT 1
| #define HAVE_SEM_GETVALUE 1
| #define HAVE_SEM_UNLINK 1
| #define HAVE_SENDFILE 1
| #define HAVE_SETEGID 1
| #define HAVE_SETEUID 1
| #define HAVE_SETGID 1
| #define HAVE_SETHOSTNAME 1
| #define HAVE_SETLOCALE 1
| #define HAVE_SETREGID 1
| #define HAVE_SETREUID 1
| #define HAVE_SETRESUID 1
| #define HAVE_SETRESGID 1
| #define HAVE_SETSID 1
| #define HAVE_SETPGID 1
| #define HAVE_SETPGRP 1
| #define HAVE_SETPRIORITY 1
| #define HAVE_SETUID 1
| #define HAVE_SETVBUF 1
| #define HAVE_SCHED_GET_PRIORITY_MAX 1
| #define HAVE_SCHED_SETAFFINITY 1
| #define HAVE_SCHED_SETSCHEDULER 1
| #define HAVE_SCHED_SETPARAM 1
| #define HAVE_SCHED_RR_GET_INTERVAL 1
| #define HAVE_SIGACTION 1
| #define HAVE_SIGALTSTACK 1
| #define HAVE_SIGFILLSET 1
| #define HAVE_SIGINTERRUPT 1
| #define HAVE_SIGPENDING 1
| #define HAVE_SIGRELSE 1
| #define HAVE_SIGTIMEDWAIT 1
| #define HAVE_SIGWAIT 1
| #define HAVE_SIGWAITINFO 1
| #define HAVE_SNPRINTF 1
| #define HAVE_STRFTIME 1
| #define HAVE_STRLCPY 1
| #define HAVE_STRSIGNAL 1
| #define HAVE_SYMLINKAT 1
| #define HAVE_SYNC 1
| #define HAVE_SYSCONF 1
| #define HAVE_TCGETPGRP 1
| #define HAVE_TCSETPGRP 1
| #define HAVE_TEMPNAM 1
| #define HAVE_TIMEGM 1
| #define HAVE_TIMES 1
| #define HAVE_TMPFILE 1
| #define HAVE_TMPNAM 1
| #define HAVE_TRUNCATE 1
| #define HAVE_UNAME 1
| #define HAVE_UNLINKAT 1
| #define HAVE_UTIMENSAT 1
| #define HAVE_UTIMES 1
| #define HAVE_WAITID 1
| #define HAVE_WAITPID 1
| #define HAVE_WAIT4 1
| #define HAVE_WCSCOLL 1
| #define HAVE_WCSFTIME 1
| #define HAVE_WCSXFRM 1
| #define HAVE_WMEMCMP 1
| #define HAVE_WRITEV 1
| #define HAVE_DIRFD 1
| #define HAVE_CHROOT 1
| #define HAVE_LINK 1
| #define HAVE_SYMLINK 1
| #define HAVE_FCHDIR 1
| #define HAVE_FSYNC 1
| #define HAVE_FDATASYNC 1
| #define HAVE_EPOLL 1
| #define HAVE_EPOLL_CREATE1 1
| #define HAVE_PRLIMIT 1
| #define HAVE_FLOCK 1
| #define HAVE_GETPAGESIZE 1
| #define HAVE_ZLIB_COPY 1
| #define HAVE_HSTRERROR 1
| #define HAVE_INET_ATON 1
| #define HAVE_INET_PTON 1
| #define HAVE_SETGROUPS 1
| #define HAVE_OPENPTY 1
| #define HAVE_FORKPTY 1
| #define HAVE_FSEEKO 1
| #define HAVE_FSTATVFS 1
| #define HAVE_FTELLO 1
| #define HAVE_STATVFS 1
| #define HAVE_DUP2 1
| #define HAVE_STRDUP 1
| #define HAVE_GETPGRP 1
| #define HAVE_SETPGRP 1
| #define HAVE_CLOCK_GETTIME 1
| #define HAVE_CLOCK_GETRES 1
| #define HAVE_CLOCK_SETTIME 1
| #define HAVE_DEVICE_MACROS 1
| #define HAVE_GETADDRINFO 1
| #define HAVE_GETNAMEINFO 1
| #define TIME_WITH_SYS_TIME 1
| #define HAVE_STRUCT_TM_TM_ZONE 1
| #define HAVE_TM_ZONE 1
| #define HAVE_STRUCT_STAT_ST_RDEV 1
| #define HAVE_STRUCT_STAT_ST_BLKSIZE 1
| #define HAVE_STRUCT_STAT_ST_BLOCKS 1
| #define HAVE_STRUCT_PASSWD_PW_GECOS 1
| #define HAVE_STRUCT_PASSWD_PW_PASSWD 1
| #define HAVE_SIGINFO_T_SI_BAND 1
| #define SYS_SELECT_WITH_SYS_TIME 1
| #define HAVE_ADDRINFO 1
| #define HAVE_SOCKADDR_STORAGE 1
| #define HAVE_SOCKADDR_ALG 1
| #define HAVE_PROTOTYPES 1
| #define HAVE_STDARG_PROTOTYPES 1
| #define HAVE_SOCKETPAIR 1
| #define HAVE_GETHOSTBYNAME_R 1
| #define HAVE_GETHOSTBYNAME_R 1
| #define HAVE_GETHOSTBYNAME_R_6_ARG 1
| #define DOUBLE_IS_LITTLE_ENDIAN_IEEE754 1
| #define HAVE_ACOSH 1
| #define HAVE_ASINH 1
| #define HAVE_ATANH 1
| #define HAVE_COPYSIGN 1
| #define HAVE_ERF 1
| #define HAVE_ERFC 1
| #define HAVE_EXPM1 1
| #define HAVE_FINITE 1
| #define HAVE_GAMMA 1
| #define HAVE_HYPOT 1
| #define HAVE_LGAMMA 1
| #define HAVE_LOG1P 1
| #define HAVE_LOG2 1
| #define HAVE_ROUND 1
| #define HAVE_TGAMMA 1
| #define HAVE_DECL_ISINF 1
| #define HAVE_DECL_ISNAN 1
| #define HAVE_DECL_ISFINITE 1
| #define POSIX_SEMAPHORES_NOT_ENABLED 1
| /* end confdefs.h.  */
| 
| #include <unistd.h>
| #include <fcntl.h>
| #include <stdio.h>
| #include <semaphore.h>
| #include <sys/stat.h>
| 
| int main(void){
|   sem_t *a = sem_open("/autocftw", O_CREAT, S_IRUSR|S_IWUSR, 0);
|   int count;
|   int res;
|   if(a==SEM_FAILED){
|     perror("sem_open");
|     return 1;
| 
|   }
|   res = sem_getvalue(a, &count);
|   sem_close(a);
|   sem_unlink("/autocftw");
|   return res==-1 ? 1 : 0;
| }
| 
configure:14853: result: yes
configure:14862: checking whether RTLD_LAZY is declared
configure:14862: gcc -c -I/data/data/com.termux/files/usr/include  conftest.c >&5
configure:14862: $? = 0
configure:14862: result: yes
configure:14873: checking whether RTLD_NOW is declared
configure:14873: gcc -c -I/data/data/com.termux/files/usr/include  conftest.c >&5
configure:14873: $? = 0
configure:14873: result: yes
configure:14884: checking whether RTLD_GLOBAL is declared
configure:14884: gcc -c -I/data/data/com.termux/files/usr/include  conftest.c >&5
configure:14884: $? = 0
configure:14884: result: yes
configure:14895: checking whether RTLD_LOCAL is declared
configure:14895: gcc -c -I/data/data/com.termux/files/usr/include  conftest.c >&5
configure:14895: $? = 0
configure:14895: result: yes
configure:14906: checking whether RTLD_NODELETE is declared
configure:14906: gcc -c -I/data/data/com.termux/files/usr/include  conftest.c >&5
configure:14906: $? = 0
configure:14906: result: yes
configure:14917: checking whether RTLD_NOLOAD is declared
configure:14917: gcc -c -I/data/data/com.termux/files/usr/include  conftest.c >&5
configure:14917: $? = 0
configure:14917: result: yes
configure:14928: checking whether RTLD_DEEPBIND is declared
configure:14928: gcc -c -I/data/data/com.termux/files/usr/include  conftest.c >&5
conftest.c:363:10: error: use of undeclared identifier 'RTLD_DEEPBIND'
  363 |   (void) RTLD_DEEPBIND;
      |          ^
1 error generated.
configure:14928: $? = 1
configure: failed program was:
| /* confdefs.h */
| #define _GNU_SOURCE 1
| #define _NETBSD_SOURCE 1
| #define __BSD_VISIBLE 1
| #define _DARWIN_C_SOURCE 1
| #define _PYTHONFRAMEWORK ""
| #define _XOPEN_SOURCE 700
| #define _XOPEN_SOURCE_EXTENDED 1
| #define _POSIX_C_SOURCE 200809L
| #define STDC_HEADERS 1
| #define HAVE_SYS_TYPES_H 1
| #define HAVE_SYS_STAT_H 1
| #define HAVE_STDLIB_H 1
| #define HAVE_STRING_H 1
| #define HAVE_MEMORY_H 1
| #define HAVE_STRINGS_H 1
| #define HAVE_INTTYPES_H 1
| #define HAVE_STDINT_H 1
| #define HAVE_UNISTD_H 1
| #define __EXTENSIONS__ 1
| #define _ALL_SOURCE 1
| #define _GNU_SOURCE 1
| #define _POSIX_PTHREAD_SEMANTICS 1
| #define _TANDEM_SOURCE 1
| #define ANDROID_API_LEVEL 24
| #define STDC_HEADERS 1
| #define HAVE_ASM_TYPES_H 1
| #define HAVE_CRYPT_H 1
| #define HAVE_DLFCN_H 1
| #define HAVE_ERRNO_H 1
| #define HAVE_FCNTL_H 1
| #define HAVE_GRP_H 1
| #define HAVE_LANGINFO_H 1
| #define HAVE_LIBINTL_H 1
| #define HAVE_PTHREAD_H 1
| #define HAVE_SCHED_H 1
| #define HAVE_SIGNAL_H 1
| #define HAVE_TERMIOS_H 1
| #define HAVE_UTIME_H 1
| #define HAVE_POLL_H 1
| #define HAVE_SYS_EPOLL_H 1
| #define HAVE_SYS_POLL_H 1
| #define HAVE_SYS_XATTR_H 1
| #define HAVE_SYS_FILE_H 1
| #define HAVE_SYS_IOCTL_H 1
| #define HAVE_SYS_PARAM_H 1
| #define HAVE_SYS_RANDOM_H 1
| #define HAVE_SYS_SELECT_H 1
| #define HAVE_SYS_SENDFILE_H 1
| #define HAVE_SYS_SOCKET_H 1
| #define HAVE_SYS_STATVFS_H 1
| #define HAVE_SYS_STAT_H 1
| #define HAVE_SYS_SYSCALL_H 1
| #define HAVE_SYS_TIME_H 1
| #define HAVE_SYS_TIMES_H 1
| #define HAVE_SYS_TYPES_H 1
| #define HAVE_SYS_UIO_H 1
| #define HAVE_SYS_UN_H 1
| #define HAVE_SYS_UTSNAME_H 1
| #define HAVE_SYS_WAIT_H 1
| #define HAVE_PTY_H 1
| #define HAVE_SYS_RESOURCE_H 1
| #define HAVE_NETPACKET_PACKET_H 1
| #define HAVE_SYSEXITS_H 1
| #define HAVE_LINUX_TIPC_H 1
| #define HAVE_LINUX_RANDOM_H 1
| #define HAVE_SPAWN_H 1
| #define HAVE_ALLOCA_H 1
| #define HAVE_ENDIAN_H 1
| #define HAVE_SYS_ENDIAN_H 1
| #define HAVE_SYS_SYSMACROS_H 1
| #define HAVE_LINUX_MEMFD_H 1
| #define HAVE_LINUX_WAIT_H 1
| #define HAVE_SYS_MMAN_H 1
| #define HAVE_DIRENT_H 1
| #define MAJOR_IN_SYSMACROS 1
| #define HAVE_NET_IF_H 1
| #define HAVE_LINUX_NETLINK_H 1
| #define HAVE_LINUX_QRTR_H 1
| #define HAVE_LINUX_VM_SOCKETS_H 1
| #define HAVE_LINUX_CAN_H 1
| #define HAVE_LINUX_CAN_BCM_H 1
| #define HAVE_LINUX_CAN_J1939_H 1
| #define HAVE_LINUX_CAN_RAW_H 1
| #define HAVE_MAKEDEV 1
| #define HAVE_HTOLE64 1
| #define _LARGEFILE_SOURCE 1
| #define _FILE_OFFSET_BITS 64
| #if defined(SCO_DS)
| #undef _OFF_T
| #endif
| #define RETSIGTYPE void
| #define HAVE_SSIZE_T 1
| #define HAVE_GCC_UINT128_T 1
| #define SIZEOF_INT 4
| #define SIZEOF_LONG 8
| #define SIZEOF_LONG_LONG 8
| #define SIZEOF_VOID_P 8
| #define SIZEOF_SHORT 2
| #define SIZEOF_FLOAT 4
| #define SIZEOF_DOUBLE 8
| #define SIZEOF_FPOS_T 8
| #define SIZEOF_SIZE_T 8
| #define SIZEOF_PID_T 4
| #define SIZEOF_UINTPTR_T 8
| #define HAVE_LONG_DOUBLE 1
| #define SIZEOF_LONG_DOUBLE 16
| #define SIZEOF__BOOL 1
| #define SIZEOF_OFF_T 8
| #define SIZEOF_TIME_T 8
| #define SIZEOF_PTHREAD_T 8
| #define SIZEOF_PTHREAD_KEY_T 4
| #define PTHREAD_KEY_T_IS_COMPATIBLE_WITH_INT 1
| #define HAVE_LIBDL 1
| #define HAVE_UUID_UUID_H 1
| #define HAVE_UUID_GENERATE_TIME_SAFE 1
| #define WITH_DECIMAL_CONTEXTVAR 1
| #define _REENTRANT 1
| #define HAVE_PTHREAD_SIGMASK 1
| #define HAVE_PTHREAD_GETCPUCLOCKID 1
| #define ENABLE_IPV6 1
| #define HAVE_LINUX_CAN_RAW_FD_FRAMES 1
| #define HAVE_LINUX_CAN_RAW_JOIN_FILTERS 1
| #define WITH_DOC_STRINGS 1
| #define WITH_PYMALLOC 1
| #define PY_COERCE_C_LOCALE 1
| #define HAVE_DLOPEN 1
| #define HAVE_DYNAMIC_LOADING 1
| #define HAVE_ALARM 1
| #define HAVE_ACCEPT4 1
| #define HAVE_SETITIMER 1
| #define HAVE_GETITIMER 1
| #define HAVE_CHOWN 1
| #define HAVE_CLOCK 1
| #define HAVE_CTERMID 1
| #define HAVE_DUP3 1
| #define HAVE_EXECV 1
| #define HAVE_FACCESSAT 1
| #define HAVE_FCHMOD 1
| #define HAVE_FCHMODAT 1
| #define HAVE_FCHOWN 1
| #define HAVE_FCHOWNAT 1
| #define HAVE_FEXECVE 1
| #define HAVE_FDOPENDIR 1
| #define HAVE_FORK 1
| #define HAVE_FPATHCONF 1
| #define HAVE_FSTATAT 1
| #define HAVE_FTRUNCATE 1
| #define HAVE_FUTIMESAT 1
| #define HAVE_FUTIMENS 1
| #define HAVE_FUTIMES 1
| #define HAVE_GAI_STRERROR 1
| #define HAVE_GETENTROPY 1
| #define HAVE_GETGRGID_R 1
| #define HAVE_GETGRNAM_R 1
| #define HAVE_GETGROUPLIST 1
| #define HAVE_GETGROUPS 1
| #define HAVE_GETLOGIN 1
| #define HAVE_GETLOADAVG 1
| #define HAVE_GETPEERNAME 1
| #define HAVE_GETPGID 1
| #define HAVE_GETPID 1
| #define HAVE_GETPRIORITY 1
| #define HAVE_GETRESUID 1
| #define HAVE_GETRESGID 1
| #define HAVE_GETPWENT 1
| #define HAVE_GETPWNAM_R 1
| #define HAVE_GETPWUID_R 1
| #define HAVE_GETSID 1
| #define HAVE_IF_NAMEINDEX 1
| #define HAVE_INITGROUPS 1
| #define HAVE_KILL 1
| #define HAVE_KILLPG 1
| #define HAVE_LCHOWN 1
| #define HAVE_LOCKF 1
| #define HAVE_LINKAT 1
| #define HAVE_LSTAT 1
| #define HAVE_LUTIMES 1
| #define HAVE_MMAP 1
| #define HAVE_MEMRCHR 1
| #define HAVE_MBRTOWC 1
| #define HAVE_MKDIRAT 1
| #define HAVE_MKFIFO 1
| #define HAVE_MADVISE 1
| #define HAVE_MKFIFOAT 1
| #define HAVE_MKNOD 1
| #define HAVE_MKNODAT 1
| #define HAVE_MKTIME 1
| #define HAVE_MREMAP 1
| #define HAVE_NICE 1
| #define HAVE_OPENAT 1
| #define HAVE_PATHCONF 1
| #define HAVE_PAUSE 1
| #define HAVE_PIPE2 1
| #define HAVE_POLL 1
| #define HAVE_POSIX_FALLOCATE 1
| #define HAVE_POSIX_FADVISE 1
| #define HAVE_POSIX_SPAWN 1
| #define HAVE_POSIX_SPAWNP 1
| #define HAVE_PREAD 1
| #define HAVE_PREADV 1
| #define HAVE_PREADV2 1
| #define HAVE_PTHREAD_CONDATTR_SETCLOCK 1
| #define HAVE_PTHREAD_KILL 1
| #define HAVE_PWRITE 1
| #define HAVE_PWRITEV 1
| #define HAVE_PWRITEV2 1
| #define HAVE_READLINK 1
| #define HAVE_READLINKAT 1
| #define HAVE_READV 1
| #define HAVE_REALPATH 1
| #define HAVE_RENAMEAT 1
| #define HAVE_SEM_OPEN 1
| #define HAVE_SEM_TIMEDWAIT 1
| #define HAVE_SEM_GETVALUE 1
| #define HAVE_SEM_UNLINK 1
| #define HAVE_SENDFILE 1
| #define HAVE_SETEGID 1
| #define HAVE_SETEUID 1
| #define HAVE_SETGID 1
| #define HAVE_SETHOSTNAME 1
| #define HAVE_SETLOCALE 1
| #define HAVE_SETREGID 1
| #define HAVE_SETREUID 1
| #define HAVE_SETRESUID 1
| #define HAVE_SETRESGID 1
| #define HAVE_SETSID 1
| #define HAVE_SETPGID 1
| #define HAVE_SETPGRP 1
| #define HAVE_SETPRIORITY 1
| #define HAVE_SETUID 1
| #define HAVE_SETVBUF 1
| #define HAVE_SCHED_GET_PRIORITY_MAX 1
| #define HAVE_SCHED_SETAFFINITY 1
| #define HAVE_SCHED_SETSCHEDULER 1
| #define HAVE_SCHED_SETPARAM 1
| #define HAVE_SCHED_RR_GET_INTERVAL 1
| #define HAVE_SIGACTION 1
| #define HAVE_SIGALTSTACK 1
| #define HAVE_SIGFILLSET 1
| #define HAVE_SIGINTERRUPT 1
| #define HAVE_SIGPENDING 1
| #define HAVE_SIGRELSE 1
| #define HAVE_SIGTIMEDWAIT 1
| #define HAVE_SIGWAIT 1
| #define HAVE_SIGWAITINFO 1
| #define HAVE_SNPRINTF 1
| #define HAVE_STRFTIME 1
| #define HAVE_STRLCPY 1
| #define HAVE_STRSIGNAL 1
| #define HAVE_SYMLINKAT 1
| #define HAVE_SYNC 1
| #define HAVE_SYSCONF 1
| #define HAVE_TCGETPGRP 1
| #define HAVE_TCSETPGRP 1
| #define HAVE_TEMPNAM 1
| #define HAVE_TIMEGM 1
| #define HAVE_TIMES 1
| #define HAVE_TMPFILE 1
| #define HAVE_TMPNAM 1
| #define HAVE_TRUNCATE 1
| #define HAVE_UNAME 1
| #define HAVE_UNLINKAT 1
| #define HAVE_UTIMENSAT 1
| #define HAVE_UTIMES 1
| #define HAVE_WAITID 1
| #define HAVE_WAITPID 1
| #define HAVE_WAIT4 1
| #define HAVE_WCSCOLL 1
| #define HAVE_WCSFTIME 1
| #define HAVE_WCSXFRM 1
| #define HAVE_WMEMCMP 1
| #define HAVE_WRITEV 1
| #define HAVE_DIRFD 1
| #define HAVE_CHROOT 1
| #define HAVE_LINK 1
| #define HAVE_SYMLINK 1
| #define HAVE_FCHDIR 1
| #define HAVE_FSYNC 1
| #define HAVE_FDATASYNC 1
| #define HAVE_EPOLL 1
| #define HAVE_EPOLL_CREATE1 1
| #define HAVE_PRLIMIT 1
| #define HAVE_FLOCK 1
| #define HAVE_GETPAGESIZE 1
| #define HAVE_ZLIB_COPY 1
| #define HAVE_HSTRERROR 1
| #define HAVE_INET_ATON 1
| #define HAVE_INET_PTON 1
| #define HAVE_SETGROUPS 1
| #define HAVE_OPENPTY 1
| #define HAVE_FORKPTY 1
| #define HAVE_FSEEKO 1
| #define HAVE_FSTATVFS 1
| #define HAVE_FTELLO 1
| #define HAVE_STATVFS 1
| #define HAVE_DUP2 1
| #define HAVE_STRDUP 1
| #define HAVE_GETPGRP 1
| #define HAVE_SETPGRP 1
| #define HAVE_CLOCK_GETTIME 1
| #define HAVE_CLOCK_GETRES 1
| #define HAVE_CLOCK_SETTIME 1
| #define HAVE_DEVICE_MACROS 1
| #define HAVE_GETADDRINFO 1
| #define HAVE_GETNAMEINFO 1
| #define TIME_WITH_SYS_TIME 1
| #define HAVE_STRUCT_TM_TM_ZONE 1
| #define HAVE_TM_ZONE 1
| #define HAVE_STRUCT_STAT_ST_RDEV 1
| #define HAVE_STRUCT_STAT_ST_BLKSIZE 1
| #define HAVE_STRUCT_STAT_ST_BLOCKS 1
| #define HAVE_STRUCT_PASSWD_PW_GECOS 1
| #define HAVE_STRUCT_PASSWD_PW_PASSWD 1
| #define HAVE_SIGINFO_T_SI_BAND 1
| #define SYS_SELECT_WITH_SYS_TIME 1
| #define HAVE_ADDRINFO 1
| #define HAVE_SOCKADDR_STORAGE 1
| #define HAVE_SOCKADDR_ALG 1
| #define HAVE_PROTOTYPES 1
| #define HAVE_STDARG_PROTOTYPES 1
| #define HAVE_SOCKETPAIR 1
| #define HAVE_GETHOSTBYNAME_R 1
| #define HAVE_GETHOSTBYNAME_R 1
| #define HAVE_GETHOSTBYNAME_R_6_ARG 1
| #define DOUBLE_IS_LITTLE_ENDIAN_IEEE754 1
| #define HAVE_ACOSH 1
| #define HAVE_ASINH 1
| #define HAVE_ATANH 1
| #define HAVE_COPYSIGN 1
| #define HAVE_ERF 1
| #define HAVE_ERFC 1
| #define HAVE_EXPM1 1
| #define HAVE_FINITE 1
| #define HAVE_GAMMA 1
| #define HAVE_HYPOT 1
| #define HAVE_LGAMMA 1
| #define HAVE_LOG1P 1
| #define HAVE_LOG2 1
| #define HAVE_ROUND 1
| #define HAVE_TGAMMA 1
| #define HAVE_DECL_ISINF 1
| #define HAVE_DECL_ISNAN 1
| #define HAVE_DECL_ISFINITE 1
| #define POSIX_SEMAPHORES_NOT_ENABLED 1
| #define HAVE_BROKEN_SEM_GETVALUE 1
| #define HAVE_DECL_RTLD_LAZY 1
| #define HAVE_DECL_RTLD_NOW 1
| #define HAVE_DECL_RTLD_GLOBAL 1
| #define HAVE_DECL_RTLD_LOCAL 1
| #define HAVE_DECL_RTLD_NODELETE 1
| #define HAVE_DECL_RTLD_NOLOAD 1
| /* end confdefs.h.  */
| #include <dlfcn.h>
| 
| int
| main ()
| {
| #ifndef RTLD_DEEPBIND
| #ifdef __cplusplus
|   (void) RTLD_DEEPBIND;
| #else
|   (void) RTLD_DEEPBIND;
| #endif
| #endif
| 
|   ;
|   return 0;
| }
configure:14928: result: no
configure:14939: checking whether RTLD_MEMBER is declared
configure:14939: gcc -c -I/data/data/com.termux/files/usr/include  conftest.c >&5
conftest.c:364:10: error: use of undeclared identifier 'RTLD_MEMBER'
  364 |   (void) RTLD_MEMBER;
      |          ^
1 error generated.
configure:14939: $? = 1
configure: failed program was:
| /* confdefs.h */
| #define _GNU_SOURCE 1
| #define _NETBSD_SOURCE 1
| #define __BSD_VISIBLE 1
| #define _DARWIN_C_SOURCE 1
| #define _PYTHONFRAMEWORK ""
| #define _XOPEN_SOURCE 700
| #define _XOPEN_SOURCE_EXTENDED 1
| #define _POSIX_C_SOURCE 200809L
| #define STDC_HEADERS 1
| #define HAVE_SYS_TYPES_H 1
| #define HAVE_SYS_STAT_H 1
| #define HAVE_STDLIB_H 1
| #define HAVE_STRING_H 1
| #define HAVE_MEMORY_H 1
| #define HAVE_STRINGS_H 1
| #define HAVE_INTTYPES_H 1
| #define HAVE_STDINT_H 1
| #define HAVE_UNISTD_H 1
| #define __EXTENSIONS__ 1
| #define _ALL_SOURCE 1
| #define _GNU_SOURCE 1
| #define _POSIX_PTHREAD_SEMANTICS 1
| #define _TANDEM_SOURCE 1
| #define ANDROID_API_LEVEL 24
| #define STDC_HEADERS 1
| #define HAVE_ASM_TYPES_H 1
| #define HAVE_CRYPT_H 1
| #define HAVE_DLFCN_H 1
| #define HAVE_ERRNO_H 1
| #define HAVE_FCNTL_H 1
| #define HAVE_GRP_H 1
| #define HAVE_LANGINFO_H 1
| #define HAVE_LIBINTL_H 1
| #define HAVE_PTHREAD_H 1
| #define HAVE_SCHED_H 1
| #define HAVE_SIGNAL_H 1
| #define HAVE_TERMIOS_H 1
| #define HAVE_UTIME_H 1
| #define HAVE_POLL_H 1
| #define HAVE_SYS_EPOLL_H 1
| #define HAVE_SYS_POLL_H 1
| #define HAVE_SYS_XATTR_H 1
| #define HAVE_SYS_FILE_H 1
| #define HAVE_SYS_IOCTL_H 1
| #define HAVE_SYS_PARAM_H 1
| #define HAVE_SYS_RANDOM_H 1
| #define HAVE_SYS_SELECT_H 1
| #define HAVE_SYS_SENDFILE_H 1
| #define HAVE_SYS_SOCKET_H 1
| #define HAVE_SYS_STATVFS_H 1
| #define HAVE_SYS_STAT_H 1
| #define HAVE_SYS_SYSCALL_H 1
| #define HAVE_SYS_TIME_H 1
| #define HAVE_SYS_TIMES_H 1
| #define HAVE_SYS_TYPES_H 1
| #define HAVE_SYS_UIO_H 1
| #define HAVE_SYS_UN_H 1
| #define HAVE_SYS_UTSNAME_H 1
| #define HAVE_SYS_WAIT_H 1
| #define HAVE_PTY_H 1
| #define HAVE_SYS_RESOURCE_H 1
| #define HAVE_NETPACKET_PACKET_H 1
| #define HAVE_SYSEXITS_H 1
| #define HAVE_LINUX_TIPC_H 1
| #define HAVE_LINUX_RANDOM_H 1
| #define HAVE_SPAWN_H 1
| #define HAVE_ALLOCA_H 1
| #define HAVE_ENDIAN_H 1
| #define HAVE_SYS_ENDIAN_H 1
| #define HAVE_SYS_SYSMACROS_H 1
| #define HAVE_LINUX_MEMFD_H 1
| #define HAVE_LINUX_WAIT_H 1
| #define HAVE_SYS_MMAN_H 1
| #define HAVE_DIRENT_H 1
| #define MAJOR_IN_SYSMACROS 1
| #define HAVE_NET_IF_H 1
| #define HAVE_LINUX_NETLINK_H 1
| #define HAVE_LINUX_QRTR_H 1
| #define HAVE_LINUX_VM_SOCKETS_H 1
| #define HAVE_LINUX_CAN_H 1
| #define HAVE_LINUX_CAN_BCM_H 1
| #define HAVE_LINUX_CAN_J1939_H 1
| #define HAVE_LINUX_CAN_RAW_H 1
| #define HAVE_MAKEDEV 1
| #define HAVE_HTOLE64 1
| #define _LARGEFILE_SOURCE 1
| #define _FILE_OFFSET_BITS 64
| #if defined(SCO_DS)
| #undef _OFF_T
| #endif
| #define RETSIGTYPE void
| #define HAVE_SSIZE_T 1
| #define HAVE_GCC_UINT128_T 1
| #define SIZEOF_INT 4
| #define SIZEOF_LONG 8
| #define SIZEOF_LONG_LONG 8
| #define SIZEOF_VOID_P 8
| #define SIZEOF_SHORT 2
| #define SIZEOF_FLOAT 4
| #define SIZEOF_DOUBLE 8
| #define SIZEOF_FPOS_T 8
| #define SIZEOF_SIZE_T 8
| #define SIZEOF_PID_T 4
| #define SIZEOF_UINTPTR_T 8
| #define HAVE_LONG_DOUBLE 1
| #define SIZEOF_LONG_DOUBLE 16
| #define SIZEOF__BOOL 1
| #define SIZEOF_OFF_T 8
| #define SIZEOF_TIME_T 8
| #define SIZEOF_PTHREAD_T 8
| #define SIZEOF_PTHREAD_KEY_T 4
| #define PTHREAD_KEY_T_IS_COMPATIBLE_WITH_INT 1
| #define HAVE_LIBDL 1
| #define HAVE_UUID_UUID_H 1
| #define HAVE_UUID_GENERATE_TIME_SAFE 1
| #define WITH_DECIMAL_CONTEXTVAR 1
| #define _REENTRANT 1
| #define HAVE_PTHREAD_SIGMASK 1
| #define HAVE_PTHREAD_GETCPUCLOCKID 1
| #define ENABLE_IPV6 1
| #define HAVE_LINUX_CAN_RAW_FD_FRAMES 1
| #define HAVE_LINUX_CAN_RAW_JOIN_FILTERS 1
| #define WITH_DOC_STRINGS 1
| #define WITH_PYMALLOC 1
| #define PY_COERCE_C_LOCALE 1
| #define HAVE_DLOPEN 1
| #define HAVE_DYNAMIC_LOADING 1
| #define HAVE_ALARM 1
| #define HAVE_ACCEPT4 1
| #define HAVE_SETITIMER 1
| #define HAVE_GETITIMER 1
| #define HAVE_CHOWN 1
| #define HAVE_CLOCK 1
| #define HAVE_CTERMID 1
| #define HAVE_DUP3 1
| #define HAVE_EXECV 1
| #define HAVE_FACCESSAT 1
| #define HAVE_FCHMOD 1
| #define HAVE_FCHMODAT 1
| #define HAVE_FCHOWN 1
| #define HAVE_FCHOWNAT 1
| #define HAVE_FEXECVE 1
| #define HAVE_FDOPENDIR 1
| #define HAVE_FORK 1
| #define HAVE_FPATHCONF 1
| #define HAVE_FSTATAT 1
| #define HAVE_FTRUNCATE 1
| #define HAVE_FUTIMESAT 1
| #define HAVE_FUTIMENS 1
| #define HAVE_FUTIMES 1
| #define HAVE_GAI_STRERROR 1
| #define HAVE_GETENTROPY 1
| #define HAVE_GETGRGID_R 1
| #define HAVE_GETGRNAM_R 1
| #define HAVE_GETGROUPLIST 1
| #define HAVE_GETGROUPS 1
| #define HAVE_GETLOGIN 1
| #define HAVE_GETLOADAVG 1
| #define HAVE_GETPEERNAME 1
| #define HAVE_GETPGID 1
| #define HAVE_GETPID 1
| #define HAVE_GETPRIORITY 1
| #define HAVE_GETRESUID 1
| #define HAVE_GETRESGID 1
| #define HAVE_GETPWENT 1
| #define HAVE_GETPWNAM_R 1
| #define HAVE_GETPWUID_R 1
| #define HAVE_GETSID 1
| #define HAVE_IF_NAMEINDEX 1
| #define HAVE_INITGROUPS 1
| #define HAVE_KILL 1
| #define HAVE_KILLPG 1
| #define HAVE_LCHOWN 1
| #define HAVE_LOCKF 1
| #define HAVE_LINKAT 1
| #define HAVE_LSTAT 1
| #define HAVE_LUTIMES 1
| #define HAVE_MMAP 1
| #define HAVE_MEMRCHR 1
| #define HAVE_MBRTOWC 1
| #define HAVE_MKDIRAT 1
| #define HAVE_MKFIFO 1
| #define HAVE_MADVISE 1
| #define HAVE_MKFIFOAT 1
| #define HAVE_MKNOD 1
| #define HAVE_MKNODAT 1
| #define HAVE_MKTIME 1
| #define HAVE_MREMAP 1
| #define HAVE_NICE 1
| #define HAVE_OPENAT 1
| #define HAVE_PATHCONF 1
| #define HAVE_PAUSE 1
| #define HAVE_PIPE2 1
| #define HAVE_POLL 1
| #define HAVE_POSIX_FALLOCATE 1
| #define HAVE_POSIX_FADVISE 1
| #define HAVE_POSIX_SPAWN 1
| #define HAVE_POSIX_SPAWNP 1
| #define HAVE_PREAD 1
| #define HAVE_PREADV 1
| #define HAVE_PREADV2 1
| #define HAVE_PTHREAD_CONDATTR_SETCLOCK 1
| #define HAVE_PTHREAD_KILL 1
| #define HAVE_PWRITE 1
| #define HAVE_PWRITEV 1
| #define HAVE_PWRITEV2 1
| #define HAVE_READLINK 1
| #define HAVE_READLINKAT 1
| #define HAVE_READV 1
| #define HAVE_REALPATH 1
| #define HAVE_RENAMEAT 1
| #define HAVE_SEM_OPEN 1
| #define HAVE_SEM_TIMEDWAIT 1
| #define HAVE_SEM_GETVALUE 1
| #define HAVE_SEM_UNLINK 1
| #define HAVE_SENDFILE 1
| #define HAVE_SETEGID 1
| #define HAVE_SETEUID 1
| #define HAVE_SETGID 1
| #define HAVE_SETHOSTNAME 1
| #define HAVE_SETLOCALE 1
| #define HAVE_SETREGID 1
| #define HAVE_SETREUID 1
| #define HAVE_SETRESUID 1
| #define HAVE_SETRESGID 1
| #define HAVE_SETSID 1
| #define HAVE_SETPGID 1
| #define HAVE_SETPGRP 1
| #define HAVE_SETPRIORITY 1
| #define HAVE_SETUID 1
| #define HAVE_SETVBUF 1
| #define HAVE_SCHED_GET_PRIORITY_MAX 1
| #define HAVE_SCHED_SETAFFINITY 1
| #define HAVE_SCHED_SETSCHEDULER 1
| #define HAVE_SCHED_SETPARAM 1
| #define HAVE_SCHED_RR_GET_INTERVAL 1
| #define HAVE_SIGACTION 1
| #define HAVE_SIGALTSTACK 1
| #define HAVE_SIGFILLSET 1
| #define HAVE_SIGINTERRUPT 1
| #define HAVE_SIGPENDING 1
| #define HAVE_SIGRELSE 1
| #define HAVE_SIGTIMEDWAIT 1
| #define HAVE_SIGWAIT 1
| #define HAVE_SIGWAITINFO 1
| #define HAVE_SNPRINTF 1
| #define HAVE_STRFTIME 1
| #define HAVE_STRLCPY 1
| #define HAVE_STRSIGNAL 1
| #define HAVE_SYMLINKAT 1
| #define HAVE_SYNC 1
| #define HAVE_SYSCONF 1
| #define HAVE_TCGETPGRP 1
| #define HAVE_TCSETPGRP 1
| #define HAVE_TEMPNAM 1
| #define HAVE_TIMEGM 1
| #define HAVE_TIMES 1
| #define HAVE_TMPFILE 1
| #define HAVE_TMPNAM 1
| #define HAVE_TRUNCATE 1
| #define HAVE_UNAME 1
| #define HAVE_UNLINKAT 1
| #define HAVE_UTIMENSAT 1
| #define HAVE_UTIMES 1
| #define HAVE_WAITID 1
| #define HAVE_WAITPID 1
| #define HAVE_WAIT4 1
| #define HAVE_WCSCOLL 1
| #define HAVE_WCSFTIME 1
| #define HAVE_WCSXFRM 1
| #define HAVE_WMEMCMP 1
| #define HAVE_WRITEV 1
| #define HAVE_DIRFD 1
| #define HAVE_CHROOT 1
| #define HAVE_LINK 1
| #define HAVE_SYMLINK 1
| #define HAVE_FCHDIR 1
| #define HAVE_FSYNC 1
| #define HAVE_FDATASYNC 1
| #define HAVE_EPOLL 1
| #define HAVE_EPOLL_CREATE1 1
| #define HAVE_PRLIMIT 1
| #define HAVE_FLOCK 1
| #define HAVE_GETPAGESIZE 1
| #define HAVE_ZLIB_COPY 1
| #define HAVE_HSTRERROR 1
| #define HAVE_INET_ATON 1
| #define HAVE_INET_PTON 1
| #define HAVE_SETGROUPS 1
| #define HAVE_OPENPTY 1
| #define HAVE_FORKPTY 1
| #define HAVE_FSEEKO 1
| #define HAVE_FSTATVFS 1
| #define HAVE_FTELLO 1
| #define HAVE_STATVFS 1
| #define HAVE_DUP2 1
| #define HAVE_STRDUP 1
| #define HAVE_GETPGRP 1
| #define HAVE_SETPGRP 1
| #define HAVE_CLOCK_GETTIME 1
| #define HAVE_CLOCK_GETRES 1
| #define HAVE_CLOCK_SETTIME 1
| #define HAVE_DEVICE_MACROS 1
| #define HAVE_GETADDRINFO 1
| #define HAVE_GETNAMEINFO 1
| #define TIME_WITH_SYS_TIME 1
| #define HAVE_STRUCT_TM_TM_ZONE 1
| #define HAVE_TM_ZONE 1
| #define HAVE_STRUCT_STAT_ST_RDEV 1
| #define HAVE_STRUCT_STAT_ST_BLKSIZE 1
| #define HAVE_STRUCT_STAT_ST_BLOCKS 1
| #define HAVE_STRUCT_PASSWD_PW_GECOS 1
| #define HAVE_STRUCT_PASSWD_PW_PASSWD 1
| #define HAVE_SIGINFO_T_SI_BAND 1
| #define SYS_SELECT_WITH_SYS_TIME 1
| #define HAVE_ADDRINFO 1
| #define HAVE_SOCKADDR_STORAGE 1
| #define HAVE_SOCKADDR_ALG 1
| #define HAVE_PROTOTYPES 1
| #define HAVE_STDARG_PROTOTYPES 1
| #define HAVE_SOCKETPAIR 1
| #define HAVE_GETHOSTBYNAME_R 1
| #define HAVE_GETHOSTBYNAME_R 1
| #define HAVE_GETHOSTBYNAME_R_6_ARG 1
| #define DOUBLE_IS_LITTLE_ENDIAN_IEEE754 1
| #define HAVE_ACOSH 1
| #define HAVE_ASINH 1
| #define HAVE_ATANH 1
| #define HAVE_COPYSIGN 1
| #define HAVE_ERF 1
| #define HAVE_ERFC 1
| #define HAVE_EXPM1 1
| #define HAVE_FINITE 1
| #define HAVE_GAMMA 1
| #define HAVE_HYPOT 1
| #define HAVE_LGAMMA 1
| #define HAVE_LOG1P 1
| #define HAVE_LOG2 1
| #define HAVE_ROUND 1
| #define HAVE_TGAMMA 1
| #define HAVE_DECL_ISINF 1
| #define HAVE_DECL_ISNAN 1
| #define HAVE_DECL_ISFINITE 1
| #define POSIX_SEMAPHORES_NOT_ENABLED 1
| #define HAVE_BROKEN_SEM_GETVALUE 1
| #define HAVE_DECL_RTLD_LAZY 1
| #define HAVE_DECL_RTLD_NOW 1
| #define HAVE_DECL_RTLD_GLOBAL 1
| #define HAVE_DECL_RTLD_LOCAL 1
| #define HAVE_DECL_RTLD_NODELETE 1
| #define HAVE_DECL_RTLD_NOLOAD 1
| #define HAVE_DECL_RTLD_DEEPBIND 0
| /* end confdefs.h.  */
| #include <dlfcn.h>
| 
| int
| main ()
| {
| #ifndef RTLD_MEMBER
| #ifdef __cplusplus
|   (void) RTLD_MEMBER;
| #else
|   (void) RTLD_MEMBER;
| #endif
| #endif
| 
|   ;
|   return 0;
| }
configure:14939: result: no
configure:14953: checking digit size for Python's longs
configure:14976: result: no value specified
configure:14982: checking wchar.h usability
configure:14982: gcc -c -I/data/data/com.termux/files/usr/include  conftest.c >&5
configure:14982: $? = 0
configure:14982: result: yes
configure:14982: checking wchar.h presence
configure:14982: gcc -E  conftest.c
configure:14982: $? = 0
configure:14982: result: yes
configure:14982: checking for wchar.h
configure:14982: result: yes
configure:15004: checking size of wchar_t
configure:15009: gcc -o conftest -I/data/data/com.termux/files/usr/include  -L/data/data/com.termux/files/usr/lib conftest.c -lcrypt -ldl  -lm >&5
configure:15009: $? = 0
configure:15009: ./conftest
configure:15009: $? = 0
configure:15024: result: 4
configure:15036: checking for UCS-4 tcl
configure:15054: gcc -c -I/data/data/com.termux/files/usr/include  conftest.c >&5
conftest.c:359:10: fatal error: 'tcl.h' file not found
  359 | #include <tcl.h>
      |          ^~~~~~~
1 error generated.
configure:15054: $? = 1
configure: failed program was:
| /* confdefs.h */
| #define _GNU_SOURCE 1
| #define _NETBSD_SOURCE 1
| #define __BSD_VISIBLE 1
| #define _DARWIN_C_SOURCE 1
| #define _PYTHONFRAMEWORK ""
| #define _XOPEN_SOURCE 700
| #define _XOPEN_SOURCE_EXTENDED 1
| #define _POSIX_C_SOURCE 200809L
| #define STDC_HEADERS 1
| #define HAVE_SYS_TYPES_H 1
| #define HAVE_SYS_STAT_H 1
| #define HAVE_STDLIB_H 1
| #define HAVE_STRING_H 1
| #define HAVE_MEMORY_H 1
| #define HAVE_STRINGS_H 1
| #define HAVE_INTTYPES_H 1
| #define HAVE_STDINT_H 1
| #define HAVE_UNISTD_H 1
| #define __EXTENSIONS__ 1
| #define _ALL_SOURCE 1
| #define _GNU_SOURCE 1
| #define _POSIX_PTHREAD_SEMANTICS 1
| #define _TANDEM_SOURCE 1
| #define ANDROID_API_LEVEL 24
| #define STDC_HEADERS 1
| #define HAVE_ASM_TYPES_H 1
| #define HAVE_CRYPT_H 1
| #define HAVE_DLFCN_H 1
| #define HAVE_ERRNO_H 1
| #define HAVE_FCNTL_H 1
| #define HAVE_GRP_H 1
| #define HAVE_LANGINFO_H 1
| #define HAVE_LIBINTL_H 1
| #define HAVE_PTHREAD_H 1
| #define HAVE_SCHED_H 1
| #define HAVE_SIGNAL_H 1
| #define HAVE_TERMIOS_H 1
| #define HAVE_UTIME_H 1
| #define HAVE_POLL_H 1
| #define HAVE_SYS_EPOLL_H 1
| #define HAVE_SYS_POLL_H 1
| #define HAVE_SYS_XATTR_H 1
| #define HAVE_SYS_FILE_H 1
| #define HAVE_SYS_IOCTL_H 1
| #define HAVE_SYS_PARAM_H 1
| #define HAVE_SYS_RANDOM_H 1
| #define HAVE_SYS_SELECT_H 1
| #define HAVE_SYS_SENDFILE_H 1
| #define HAVE_SYS_SOCKET_H 1
| #define HAVE_SYS_STATVFS_H 1
| #define HAVE_SYS_STAT_H 1
| #define HAVE_SYS_SYSCALL_H 1
| #define HAVE_SYS_TIME_H 1
| #define HAVE_SYS_TIMES_H 1
| #define HAVE_SYS_TYPES_H 1
| #define HAVE_SYS_UIO_H 1
| #define HAVE_SYS_UN_H 1
| #define HAVE_SYS_UTSNAME_H 1
| #define HAVE_SYS_WAIT_H 1
| #define HAVE_PTY_H 1
| #define HAVE_SYS_RESOURCE_H 1
| #define HAVE_NETPACKET_PACKET_H 1
| #define HAVE_SYSEXITS_H 1
| #define HAVE_LINUX_TIPC_H 1
| #define HAVE_LINUX_RANDOM_H 1
| #define HAVE_SPAWN_H 1
| #define HAVE_ALLOCA_H 1
| #define HAVE_ENDIAN_H 1
| #define HAVE_SYS_ENDIAN_H 1
| #define HAVE_SYS_SYSMACROS_H 1
| #define HAVE_LINUX_MEMFD_H 1
| #define HAVE_LINUX_WAIT_H 1
| #define HAVE_SYS_MMAN_H 1
| #define HAVE_DIRENT_H 1
| #define MAJOR_IN_SYSMACROS 1
| #define HAVE_NET_IF_H 1
| #define HAVE_LINUX_NETLINK_H 1
| #define HAVE_LINUX_QRTR_H 1
| #define HAVE_LINUX_VM_SOCKETS_H 1
| #define HAVE_LINUX_CAN_H 1
| #define HAVE_LINUX_CAN_BCM_H 1
| #define HAVE_LINUX_CAN_J1939_H 1
| #define HAVE_LINUX_CAN_RAW_H 1
| #define HAVE_MAKEDEV 1
| #define HAVE_HTOLE64 1
| #define _LARGEFILE_SOURCE 1
| #define _FILE_OFFSET_BITS 64
| #if defined(SCO_DS)
| #undef _OFF_T
| #endif
| #define RETSIGTYPE void
| #define HAVE_SSIZE_T 1
| #define HAVE_GCC_UINT128_T 1
| #define SIZEOF_INT 4
| #define SIZEOF_LONG 8
| #define SIZEOF_LONG_LONG 8
| #define SIZEOF_VOID_P 8
| #define SIZEOF_SHORT 2
| #define SIZEOF_FLOAT 4
| #define SIZEOF_DOUBLE 8
| #define SIZEOF_FPOS_T 8
| #define SIZEOF_SIZE_T 8
| #define SIZEOF_PID_T 4
| #define SIZEOF_UINTPTR_T 8
| #define HAVE_LONG_DOUBLE 1
| #define SIZEOF_LONG_DOUBLE 16
| #define SIZEOF__BOOL 1
| #define SIZEOF_OFF_T 8
| #define SIZEOF_TIME_T 8
| #define SIZEOF_PTHREAD_T 8
| #define SIZEOF_PTHREAD_KEY_T 4
| #define PTHREAD_KEY_T_IS_COMPATIBLE_WITH_INT 1
| #define HAVE_LIBDL 1
| #define HAVE_UUID_UUID_H 1
| #define HAVE_UUID_GENERATE_TIME_SAFE 1
| #define WITH_DECIMAL_CONTEXTVAR 1
| #define _REENTRANT 1
| #define HAVE_PTHREAD_SIGMASK 1
| #define HAVE_PTHREAD_GETCPUCLOCKID 1
| #define ENABLE_IPV6 1
| #define HAVE_LINUX_CAN_RAW_FD_FRAMES 1
| #define HAVE_LINUX_CAN_RAW_JOIN_FILTERS 1
| #define WITH_DOC_STRINGS 1
| #define WITH_PYMALLOC 1
| #define PY_COERCE_C_LOCALE 1
| #define HAVE_DLOPEN 1
| #define HAVE_DYNAMIC_LOADING 1
| #define HAVE_ALARM 1
| #define HAVE_ACCEPT4 1
| #define HAVE_SETITIMER 1
| #define HAVE_GETITIMER 1
| #define HAVE_CHOWN 1
| #define HAVE_CLOCK 1
| #define HAVE_CTERMID 1
| #define HAVE_DUP3 1
| #define HAVE_EXECV 1
| #define HAVE_FACCESSAT 1
| #define HAVE_FCHMOD 1
| #define HAVE_FCHMODAT 1
| #define HAVE_FCHOWN 1
| #define HAVE_FCHOWNAT 1
| #define HAVE_FEXECVE 1
| #define HAVE_FDOPENDIR 1
| #define HAVE_FORK 1
| #define HAVE_FPATHCONF 1
| #define HAVE_FSTATAT 1
| #define HAVE_FTRUNCATE 1
| #define HAVE_FUTIMESAT 1
| #define HAVE_FUTIMENS 1
| #define HAVE_FUTIMES 1
| #define HAVE_GAI_STRERROR 1
| #define HAVE_GETENTROPY 1
| #define HAVE_GETGRGID_R 1
| #define HAVE_GETGRNAM_R 1
| #define HAVE_GETGROUPLIST 1
| #define HAVE_GETGROUPS 1
| #define HAVE_GETLOGIN 1
| #define HAVE_GETLOADAVG 1
| #define HAVE_GETPEERNAME 1
| #define HAVE_GETPGID 1
| #define HAVE_GETPID 1
| #define HAVE_GETPRIORITY 1
| #define HAVE_GETRESUID 1
| #define HAVE_GETRESGID 1
| #define HAVE_GETPWENT 1
| #define HAVE_GETPWNAM_R 1
| #define HAVE_GETPWUID_R 1
| #define HAVE_GETSID 1
| #define HAVE_IF_NAMEINDEX 1
| #define HAVE_INITGROUPS 1
| #define HAVE_KILL 1
| #define HAVE_KILLPG 1
| #define HAVE_LCHOWN 1
| #define HAVE_LOCKF 1
| #define HAVE_LINKAT 1
| #define HAVE_LSTAT 1
| #define HAVE_LUTIMES 1
| #define HAVE_MMAP 1
| #define HAVE_MEMRCHR 1
| #define HAVE_MBRTOWC 1
| #define HAVE_MKDIRAT 1
| #define HAVE_MKFIFO 1
| #define HAVE_MADVISE 1
| #define HAVE_MKFIFOAT 1
| #define HAVE_MKNOD 1
| #define HAVE_MKNODAT 1
| #define HAVE_MKTIME 1
| #define HAVE_MREMAP 1
| #define HAVE_NICE 1
| #define HAVE_OPENAT 1
| #define HAVE_PATHCONF 1
| #define HAVE_PAUSE 1
| #define HAVE_PIPE2 1
| #define HAVE_POLL 1
| #define HAVE_POSIX_FALLOCATE 1
| #define HAVE_POSIX_FADVISE 1
| #define HAVE_POSIX_SPAWN 1
| #define HAVE_POSIX_SPAWNP 1
| #define HAVE_PREAD 1
| #define HAVE_PREADV 1
| #define HAVE_PREADV2 1
| #define HAVE_PTHREAD_CONDATTR_SETCLOCK 1
| #define HAVE_PTHREAD_KILL 1
| #define HAVE_PWRITE 1
| #define HAVE_PWRITEV 1
| #define HAVE_PWRITEV2 1
| #define HAVE_READLINK 1
| #define HAVE_READLINKAT 1
| #define HAVE_READV 1
| #define HAVE_REALPATH 1
| #define HAVE_RENAMEAT 1
| #define HAVE_SEM_OPEN 1
| #define HAVE_SEM_TIMEDWAIT 1
| #define HAVE_SEM_GETVALUE 1
| #define HAVE_SEM_UNLINK 1
| #define HAVE_SENDFILE 1
| #define HAVE_SETEGID 1
| #define HAVE_SETEUID 1
| #define HAVE_SETGID 1
| #define HAVE_SETHOSTNAME 1
| #define HAVE_SETLOCALE 1
| #define HAVE_SETREGID 1
| #define HAVE_SETREUID 1
| #define HAVE_SETRESUID 1
| #define HAVE_SETRESGID 1
| #define HAVE_SETSID 1
| #define HAVE_SETPGID 1
| #define HAVE_SETPGRP 1
| #define HAVE_SETPRIORITY 1
| #define HAVE_SETUID 1
| #define HAVE_SETVBUF 1
| #define HAVE_SCHED_GET_PRIORITY_MAX 1
| #define HAVE_SCHED_SETAFFINITY 1
| #define HAVE_SCHED_SETSCHEDULER 1
| #define HAVE_SCHED_SETPARAM 1
| #define HAVE_SCHED_RR_GET_INTERVAL 1
| #define HAVE_SIGACTION 1
| #define HAVE_SIGALTSTACK 1
| #define HAVE_SIGFILLSET 1
| #define HAVE_SIGINTERRUPT 1
| #define HAVE_SIGPENDING 1
| #define HAVE_SIGRELSE 1
| #define HAVE_SIGTIMEDWAIT 1
| #define HAVE_SIGWAIT 1
| #define HAVE_SIGWAITINFO 1
| #define HAVE_SNPRINTF 1
| #define HAVE_STRFTIME 1
| #define HAVE_STRLCPY 1
| #define HAVE_STRSIGNAL 1
| #define HAVE_SYMLINKAT 1
| #define HAVE_SYNC 1
| #define HAVE_SYSCONF 1
| #define HAVE_TCGETPGRP 1
| #define HAVE_TCSETPGRP 1
| #define HAVE_TEMPNAM 1
| #define HAVE_TIMEGM 1
| #define HAVE_TIMES 1
| #define HAVE_TMPFILE 1
| #define HAVE_TMPNAM 1
| #define HAVE_TRUNCATE 1
| #define HAVE_UNAME 1
| #define HAVE_UNLINKAT 1
| #define HAVE_UTIMENSAT 1
| #define HAVE_UTIMES 1
| #define HAVE_WAITID 1
| #define HAVE_WAITPID 1
| #define HAVE_WAIT4 1
| #define HAVE_WCSCOLL 1
| #define HAVE_WCSFTIME 1
| #define HAVE_WCSXFRM 1
| #define HAVE_WMEMCMP 1
| #define HAVE_WRITEV 1
| #define HAVE_DIRFD 1
| #define HAVE_CHROOT 1
| #define HAVE_LINK 1
| #define HAVE_SYMLINK 1
| #define HAVE_FCHDIR 1
| #define HAVE_FSYNC 1
| #define HAVE_FDATASYNC 1
| #define HAVE_EPOLL 1
| #define HAVE_EPOLL_CREATE1 1
| #define HAVE_PRLIMIT 1
| #define HAVE_FLOCK 1
| #define HAVE_GETPAGESIZE 1
| #define HAVE_ZLIB_COPY 1
| #define HAVE_HSTRERROR 1
| #define HAVE_INET_ATON 1
| #define HAVE_INET_PTON 1
| #define HAVE_SETGROUPS 1
| #define HAVE_OPENPTY 1
| #define HAVE_FORKPTY 1
| #define HAVE_FSEEKO 1
| #define HAVE_FSTATVFS 1
| #define HAVE_FTELLO 1
| #define HAVE_STATVFS 1
| #define HAVE_DUP2 1
| #define HAVE_STRDUP 1
| #define HAVE_GETPGRP 1
| #define HAVE_SETPGRP 1
| #define HAVE_CLOCK_GETTIME 1
| #define HAVE_CLOCK_GETRES 1
| #define HAVE_CLOCK_SETTIME 1
| #define HAVE_DEVICE_MACROS 1
| #define HAVE_GETADDRINFO 1
| #define HAVE_GETNAMEINFO 1
| #define TIME_WITH_SYS_TIME 1
| #define HAVE_STRUCT_TM_TM_ZONE 1
| #define HAVE_TM_ZONE 1
| #define HAVE_STRUCT_STAT_ST_RDEV 1
| #define HAVE_STRUCT_STAT_ST_BLKSIZE 1
| #define HAVE_STRUCT_STAT_ST_BLOCKS 1
| #define HAVE_STRUCT_PASSWD_PW_GECOS 1
| #define HAVE_STRUCT_PASSWD_PW_PASSWD 1
| #define HAVE_SIGINFO_T_SI_BAND 1
| #define SYS_SELECT_WITH_SYS_TIME 1
| #define HAVE_ADDRINFO 1
| #define HAVE_SOCKADDR_STORAGE 1
| #define HAVE_SOCKADDR_ALG 1
| #define HAVE_PROTOTYPES 1
| #define HAVE_STDARG_PROTOTYPES 1
| #define HAVE_SOCKETPAIR 1
| #define HAVE_GETHOSTBYNAME_R 1
| #define HAVE_GETHOSTBYNAME_R 1
| #define HAVE_GETHOSTBYNAME_R_6_ARG 1
| #define DOUBLE_IS_LITTLE_ENDIAN_IEEE754 1
| #define HAVE_ACOSH 1
| #define HAVE_ASINH 1
| #define HAVE_ATANH 1
| #define HAVE_COPYSIGN 1
| #define HAVE_ERF 1
| #define HAVE_ERFC 1
| #define HAVE_EXPM1 1
| #define HAVE_FINITE 1
| #define HAVE_GAMMA 1
| #define HAVE_HYPOT 1
| #define HAVE_LGAMMA 1
| #define HAVE_LOG1P 1
| #define HAVE_LOG2 1
| #define HAVE_ROUND 1
| #define HAVE_TGAMMA 1
| #define HAVE_DECL_ISINF 1
| #define HAVE_DECL_ISNAN 1
| #define HAVE_DECL_ISFINITE 1
| #define POSIX_SEMAPHORES_NOT_ENABLED 1
| #define HAVE_BROKEN_SEM_GETVALUE 1
| #define HAVE_DECL_RTLD_LAZY 1
| #define HAVE_DECL_RTLD_NOW 1
| #define HAVE_DECL_RTLD_GLOBAL 1
| #define HAVE_DECL_RTLD_LOCAL 1
| #define HAVE_DECL_RTLD_NODELETE 1
| #define HAVE_DECL_RTLD_NOLOAD 1
| #define HAVE_DECL_RTLD_DEEPBIND 0
| #define HAVE_DECL_RTLD_MEMBER 0
| #define HAVE_WCHAR_H 1
| #define SIZEOF_WCHAR_T 4
| /* end confdefs.h.  */
| 
| #include <tcl.h>
| #if TCL_UTF_MAX != 6
| # error "NOT UCS4_TCL"
| #endif
| int
| main ()
| {
| 
|   ;
|   return 0;
| }
configure:15063: result: no
configure:15070: checking whether wchar_t is signed
configure:15090: gcc -o conftest -I/data/data/com.termux/files/usr/include  -L/data/data/com.termux/files/usr/lib conftest.c -lcrypt -ldl  -lm >&5
configure:15090: $? = 0
configure:15090: ./conftest
configure:15090: $? = 1
configure: program exited with status 1
configure: failed program was:
| /* confdefs.h */
| #define _GNU_SOURCE 1
| #define _NETBSD_SOURCE 1
| #define __BSD_VISIBLE 1
| #define _DARWIN_C_SOURCE 1
| #define _PYTHONFRAMEWORK ""
| #define _XOPEN_SOURCE 700
| #define _XOPEN_SOURCE_EXTENDED 1
| #define _POSIX_C_SOURCE 200809L
| #define STDC_HEADERS 1
| #define HAVE_SYS_TYPES_H 1
| #define HAVE_SYS_STAT_H 1
| #define HAVE_STDLIB_H 1
| #define HAVE_STRING_H 1
| #define HAVE_MEMORY_H 1
| #define HAVE_STRINGS_H 1
| #define HAVE_INTTYPES_H 1
| #define HAVE_STDINT_H 1
| #define HAVE_UNISTD_H 1
| #define __EXTENSIONS__ 1
| #define _ALL_SOURCE 1
| #define _GNU_SOURCE 1
| #define _POSIX_PTHREAD_SEMANTICS 1
| #define _TANDEM_SOURCE 1
| #define ANDROID_API_LEVEL 24
| #define STDC_HEADERS 1
| #define HAVE_ASM_TYPES_H 1
| #define HAVE_CRYPT_H 1
| #define HAVE_DLFCN_H 1
| #define HAVE_ERRNO_H 1
| #define HAVE_FCNTL_H 1
| #define HAVE_GRP_H 1
| #define HAVE_LANGINFO_H 1
| #define HAVE_LIBINTL_H 1
| #define HAVE_PTHREAD_H 1
| #define HAVE_SCHED_H 1
| #define HAVE_SIGNAL_H 1
| #define HAVE_TERMIOS_H 1
| #define HAVE_UTIME_H 1
| #define HAVE_POLL_H 1
| #define HAVE_SYS_EPOLL_H 1
| #define HAVE_SYS_POLL_H 1
| #define HAVE_SYS_XATTR_H 1
| #define HAVE_SYS_FILE_H 1
| #define HAVE_SYS_IOCTL_H 1
| #define HAVE_SYS_PARAM_H 1
| #define HAVE_SYS_RANDOM_H 1
| #define HAVE_SYS_SELECT_H 1
| #define HAVE_SYS_SENDFILE_H 1
| #define HAVE_SYS_SOCKET_H 1
| #define HAVE_SYS_STATVFS_H 1
| #define HAVE_SYS_STAT_H 1
| #define HAVE_SYS_SYSCALL_H 1
| #define HAVE_SYS_TIME_H 1
| #define HAVE_SYS_TIMES_H 1
| #define HAVE_SYS_TYPES_H 1
| #define HAVE_SYS_UIO_H 1
| #define HAVE_SYS_UN_H 1
| #define HAVE_SYS_UTSNAME_H 1
| #define HAVE_SYS_WAIT_H 1
| #define HAVE_PTY_H 1
| #define HAVE_SYS_RESOURCE_H 1
| #define HAVE_NETPACKET_PACKET_H 1
| #define HAVE_SYSEXITS_H 1
| #define HAVE_LINUX_TIPC_H 1
| #define HAVE_LINUX_RANDOM_H 1
| #define HAVE_SPAWN_H 1
| #define HAVE_ALLOCA_H 1
| #define HAVE_ENDIAN_H 1
| #define HAVE_SYS_ENDIAN_H 1
| #define HAVE_SYS_SYSMACROS_H 1
| #define HAVE_LINUX_MEMFD_H 1
| #define HAVE_LINUX_WAIT_H 1
| #define HAVE_SYS_MMAN_H 1
| #define HAVE_DIRENT_H 1
| #define MAJOR_IN_SYSMACROS 1
| #define HAVE_NET_IF_H 1
| #define HAVE_LINUX_NETLINK_H 1
| #define HAVE_LINUX_QRTR_H 1
| #define HAVE_LINUX_VM_SOCKETS_H 1
| #define HAVE_LINUX_CAN_H 1
| #define HAVE_LINUX_CAN_BCM_H 1
| #define HAVE_LINUX_CAN_J1939_H 1
| #define HAVE_LINUX_CAN_RAW_H 1
| #define HAVE_MAKEDEV 1
| #define HAVE_HTOLE64 1
| #define _LARGEFILE_SOURCE 1
| #define _FILE_OFFSET_BITS 64
| #if defined(SCO_DS)
| #undef _OFF_T
| #endif
| #define RETSIGTYPE void
| #define HAVE_SSIZE_T 1
| #define HAVE_GCC_UINT128_T 1
| #define SIZEOF_INT 4
| #define SIZEOF_LONG 8
| #define SIZEOF_LONG_LONG 8
| #define SIZEOF_VOID_P 8
| #define SIZEOF_SHORT 2
| #define SIZEOF_FLOAT 4
| #define SIZEOF_DOUBLE 8
| #define SIZEOF_FPOS_T 8
| #define SIZEOF_SIZE_T 8
| #define SIZEOF_PID_T 4
| #define SIZEOF_UINTPTR_T 8
| #define HAVE_LONG_DOUBLE 1
| #define SIZEOF_LONG_DOUBLE 16
| #define SIZEOF__BOOL 1
| #define SIZEOF_OFF_T 8
| #define SIZEOF_TIME_T 8
| #define SIZEOF_PTHREAD_T 8
| #define SIZEOF_PTHREAD_KEY_T 4
| #define PTHREAD_KEY_T_IS_COMPATIBLE_WITH_INT 1
| #define HAVE_LIBDL 1
| #define HAVE_UUID_UUID_H 1
| #define HAVE_UUID_GENERATE_TIME_SAFE 1
| #define WITH_DECIMAL_CONTEXTVAR 1
| #define _REENTRANT 1
| #define HAVE_PTHREAD_SIGMASK 1
| #define HAVE_PTHREAD_GETCPUCLOCKID 1
| #define ENABLE_IPV6 1
| #define HAVE_LINUX_CAN_RAW_FD_FRAMES 1
| #define HAVE_LINUX_CAN_RAW_JOIN_FILTERS 1
| #define WITH_DOC_STRINGS 1
| #define WITH_PYMALLOC 1
| #define PY_COERCE_C_LOCALE 1
| #define HAVE_DLOPEN 1
| #define HAVE_DYNAMIC_LOADING 1
| #define HAVE_ALARM 1
| #define HAVE_ACCEPT4 1
| #define HAVE_SETITIMER 1
| #define HAVE_GETITIMER 1
| #define HAVE_CHOWN 1
| #define HAVE_CLOCK 1
| #define HAVE_CTERMID 1
| #define HAVE_DUP3 1
| #define HAVE_EXECV 1
| #define HAVE_FACCESSAT 1
| #define HAVE_FCHMOD 1
| #define HAVE_FCHMODAT 1
| #define HAVE_FCHOWN 1
| #define HAVE_FCHOWNAT 1
| #define HAVE_FEXECVE 1
| #define HAVE_FDOPENDIR 1
| #define HAVE_FORK 1
| #define HAVE_FPATHCONF 1
| #define HAVE_FSTATAT 1
| #define HAVE_FTRUNCATE 1
| #define HAVE_FUTIMESAT 1
| #define HAVE_FUTIMENS 1
| #define HAVE_FUTIMES 1
| #define HAVE_GAI_STRERROR 1
| #define HAVE_GETENTROPY 1
| #define HAVE_GETGRGID_R 1
| #define HAVE_GETGRNAM_R 1
| #define HAVE_GETGROUPLIST 1
| #define HAVE_GETGROUPS 1
| #define HAVE_GETLOGIN 1
| #define HAVE_GETLOADAVG 1
| #define HAVE_GETPEERNAME 1
| #define HAVE_GETPGID 1
| #define HAVE_GETPID 1
| #define HAVE_GETPRIORITY 1
| #define HAVE_GETRESUID 1
| #define HAVE_GETRESGID 1
| #define HAVE_GETPWENT 1
| #define HAVE_GETPWNAM_R 1
| #define HAVE_GETPWUID_R 1
| #define HAVE_GETSID 1
| #define HAVE_IF_NAMEINDEX 1
| #define HAVE_INITGROUPS 1
| #define HAVE_KILL 1
| #define HAVE_KILLPG 1
| #define HAVE_LCHOWN 1
| #define HAVE_LOCKF 1
| #define HAVE_LINKAT 1
| #define HAVE_LSTAT 1
| #define HAVE_LUTIMES 1
| #define HAVE_MMAP 1
| #define HAVE_MEMRCHR 1
| #define HAVE_MBRTOWC 1
| #define HAVE_MKDIRAT 1
| #define HAVE_MKFIFO 1
| #define HAVE_MADVISE 1
| #define HAVE_MKFIFOAT 1
| #define HAVE_MKNOD 1
| #define HAVE_MKNODAT 1
| #define HAVE_MKTIME 1
| #define HAVE_MREMAP 1
| #define HAVE_NICE 1
| #define HAVE_OPENAT 1
| #define HAVE_PATHCONF 1
| #define HAVE_PAUSE 1
| #define HAVE_PIPE2 1
| #define HAVE_POLL 1
| #define HAVE_POSIX_FALLOCATE 1
| #define HAVE_POSIX_FADVISE 1
| #define HAVE_POSIX_SPAWN 1
| #define HAVE_POSIX_SPAWNP 1
| #define HAVE_PREAD 1
| #define HAVE_PREADV 1
| #define HAVE_PREADV2 1
| #define HAVE_PTHREAD_CONDATTR_SETCLOCK 1
| #define HAVE_PTHREAD_KILL 1
| #define HAVE_PWRITE 1
| #define HAVE_PWRITEV 1
| #define HAVE_PWRITEV2 1
| #define HAVE_READLINK 1
| #define HAVE_READLINKAT 1
| #define HAVE_READV 1
| #define HAVE_REALPATH 1
| #define HAVE_RENAMEAT 1
| #define HAVE_SEM_OPEN 1
| #define HAVE_SEM_TIMEDWAIT 1
| #define HAVE_SEM_GETVALUE 1
| #define HAVE_SEM_UNLINK 1
| #define HAVE_SENDFILE 1
| #define HAVE_SETEGID 1
| #define HAVE_SETEUID 1
| #define HAVE_SETGID 1
| #define HAVE_SETHOSTNAME 1
| #define HAVE_SETLOCALE 1
| #define HAVE_SETREGID 1
| #define HAVE_SETREUID 1
| #define HAVE_SETRESUID 1
| #define HAVE_SETRESGID 1
| #define HAVE_SETSID 1
| #define HAVE_SETPGID 1
| #define HAVE_SETPGRP 1
| #define HAVE_SETPRIORITY 1
| #define HAVE_SETUID 1
| #define HAVE_SETVBUF 1
| #define HAVE_SCHED_GET_PRIORITY_MAX 1
| #define HAVE_SCHED_SETAFFINITY 1
| #define HAVE_SCHED_SETSCHEDULER 1
| #define HAVE_SCHED_SETPARAM 1
| #define HAVE_SCHED_RR_GET_INTERVAL 1
| #define HAVE_SIGACTION 1
| #define HAVE_SIGALTSTACK 1
| #define HAVE_SIGFILLSET 1
| #define HAVE_SIGINTERRUPT 1
| #define HAVE_SIGPENDING 1
| #define HAVE_SIGRELSE 1
| #define HAVE_SIGTIMEDWAIT 1
| #define HAVE_SIGWAIT 1
| #define HAVE_SIGWAITINFO 1
| #define HAVE_SNPRINTF 1
| #define HAVE_STRFTIME 1
| #define HAVE_STRLCPY 1
| #define HAVE_STRSIGNAL 1
| #define HAVE_SYMLINKAT 1
| #define HAVE_SYNC 1
| #define HAVE_SYSCONF 1
| #define HAVE_TCGETPGRP 1
| #define HAVE_TCSETPGRP 1
| #define HAVE_TEMPNAM 1
| #define HAVE_TIMEGM 1
| #define HAVE_TIMES 1
| #define HAVE_TMPFILE 1
| #define HAVE_TMPNAM 1
| #define HAVE_TRUNCATE 1
| #define HAVE_UNAME 1
| #define HAVE_UNLINKAT 1
| #define HAVE_UTIMENSAT 1
| #define HAVE_UTIMES 1
| #define HAVE_WAITID 1
| #define HAVE_WAITPID 1
| #define HAVE_WAIT4 1
| #define HAVE_WCSCOLL 1
| #define HAVE_WCSFTIME 1
| #define HAVE_WCSXFRM 1
| #define HAVE_WMEMCMP 1
| #define HAVE_WRITEV 1
| #define HAVE_DIRFD 1
| #define HAVE_CHROOT 1
| #define HAVE_LINK 1
| #define HAVE_SYMLINK 1
| #define HAVE_FCHDIR 1
| #define HAVE_FSYNC 1
| #define HAVE_FDATASYNC 1
| #define HAVE_EPOLL 1
| #define HAVE_EPOLL_CREATE1 1
| #define HAVE_PRLIMIT 1
| #define HAVE_FLOCK 1
| #define HAVE_GETPAGESIZE 1
| #define HAVE_ZLIB_COPY 1
| #define HAVE_HSTRERROR 1
| #define HAVE_INET_ATON 1
| #define HAVE_INET_PTON 1
| #define HAVE_SETGROUPS 1
| #define HAVE_OPENPTY 1
| #define HAVE_FORKPTY 1
| #define HAVE_FSEEKO 1
| #define HAVE_FSTATVFS 1
| #define HAVE_FTELLO 1
| #define HAVE_STATVFS 1
| #define HAVE_DUP2 1
| #define HAVE_STRDUP 1
| #define HAVE_GETPGRP 1
| #define HAVE_SETPGRP 1
| #define HAVE_CLOCK_GETTIME 1
| #define HAVE_CLOCK_GETRES 1
| #define HAVE_CLOCK_SETTIME 1
| #define HAVE_DEVICE_MACROS 1
| #define HAVE_GETADDRINFO 1
| #define HAVE_GETNAMEINFO 1
| #define TIME_WITH_SYS_TIME 1
| #define HAVE_STRUCT_TM_TM_ZONE 1
| #define HAVE_TM_ZONE 1
| #define HAVE_STRUCT_STAT_ST_RDEV 1
| #define HAVE_STRUCT_STAT_ST_BLKSIZE 1
| #define HAVE_STRUCT_STAT_ST_BLOCKS 1
| #define HAVE_STRUCT_PASSWD_PW_GECOS 1
| #define HAVE_STRUCT_PASSWD_PW_PASSWD 1
| #define HAVE_SIGINFO_T_SI_BAND 1
| #define SYS_SELECT_WITH_SYS_TIME 1
| #define HAVE_ADDRINFO 1
| #define HAVE_SOCKADDR_STORAGE 1
| #define HAVE_SOCKADDR_ALG 1
| #define HAVE_PROTOTYPES 1
| #define HAVE_STDARG_PROTOTYPES 1
| #define HAVE_SOCKETPAIR 1
| #define HAVE_GETHOSTBYNAME_R 1
| #define HAVE_GETHOSTBYNAME_R 1
| #define HAVE_GETHOSTBYNAME_R_6_ARG 1
| #define DOUBLE_IS_LITTLE_ENDIAN_IEEE754 1
| #define HAVE_ACOSH 1
| #define HAVE_ASINH 1
| #define HAVE_ATANH 1
| #define HAVE_COPYSIGN 1
| #define HAVE_ERF 1
| #define HAVE_ERFC 1
| #define HAVE_EXPM1 1
| #define HAVE_FINITE 1
| #define HAVE_GAMMA 1
| #define HAVE_HYPOT 1
| #define HAVE_LGAMMA 1
| #define HAVE_LOG1P 1
| #define HAVE_LOG2 1
| #define HAVE_ROUND 1
| #define HAVE_TGAMMA 1
| #define HAVE_DECL_ISINF 1
| #define HAVE_DECL_ISNAN 1
| #define HAVE_DECL_ISFINITE 1
| #define POSIX_SEMAPHORES_NOT_ENABLED 1
| #define HAVE_BROKEN_SEM_GETVALUE 1
| #define HAVE_DECL_RTLD_LAZY 1
| #define HAVE_DECL_RTLD_NOW 1
| #define HAVE_DECL_RTLD_GLOBAL 1
| #define HAVE_DECL_RTLD_LOCAL 1
| #define HAVE_DECL_RTLD_NODELETE 1
| #define HAVE_DECL_RTLD_NOLOAD 1
| #define HAVE_DECL_RTLD_DEEPBIND 0
| #define HAVE_DECL_RTLD_MEMBER 0
| #define HAVE_WCHAR_H 1
| #define SIZEOF_WCHAR_T 4
| /* end confdefs.h.  */
| 
|   #include <wchar.h>
|   int main()
|   {
| 	/* Success: exit code 0 */
|         return ((((wchar_t) -1) < ((wchar_t) 0)) ? 0 : 1);
|   }
| 
configure:15101: result: no
configure:15105: checking whether wchar_t is usable
configure:15114: result: yes
configure:15122: checking whether byte ordering is bigendian
configure:15137: gcc -c -I/data/data/com.termux/files/usr/include  conftest.c >&5
conftest.c:360:9: error: unknown type name 'not'
  360 |                not a universal capable compiler
      |                ^
conftest.c:360:14: error: expected ';' after top level declarator
  360 |                not a universal capable compiler
      |                     ^
      |                     ;
2 errors generated.
configure:15137: $? = 1
configure: failed program was:
| /* confdefs.h */
| #define _GNU_SOURCE 1
| #define _NETBSD_SOURCE 1
| #define __BSD_VISIBLE 1
| #define _DARWIN_C_SOURCE 1
| #define _PYTHONFRAMEWORK ""
| #define _XOPEN_SOURCE 700
| #define _XOPEN_SOURCE_EXTENDED 1
| #define _POSIX_C_SOURCE 200809L
| #define STDC_HEADERS 1
| #define HAVE_SYS_TYPES_H 1
| #define HAVE_SYS_STAT_H 1
| #define HAVE_STDLIB_H 1
| #define HAVE_STRING_H 1
| #define HAVE_MEMORY_H 1
| #define HAVE_STRINGS_H 1
| #define HAVE_INTTYPES_H 1
| #define HAVE_STDINT_H 1
| #define HAVE_UNISTD_H 1
| #define __EXTENSIONS__ 1
| #define _ALL_SOURCE 1
| #define _GNU_SOURCE 1
| #define _POSIX_PTHREAD_SEMANTICS 1
| #define _TANDEM_SOURCE 1
| #define ANDROID_API_LEVEL 24
| #define STDC_HEADERS 1
| #define HAVE_ASM_TYPES_H 1
| #define HAVE_CRYPT_H 1
| #define HAVE_DLFCN_H 1
| #define HAVE_ERRNO_H 1
| #define HAVE_FCNTL_H 1
| #define HAVE_GRP_H 1
| #define HAVE_LANGINFO_H 1
| #define HAVE_LIBINTL_H 1
| #define HAVE_PTHREAD_H 1
| #define HAVE_SCHED_H 1
| #define HAVE_SIGNAL_H 1
| #define HAVE_TERMIOS_H 1
| #define HAVE_UTIME_H 1
| #define HAVE_POLL_H 1
| #define HAVE_SYS_EPOLL_H 1
| #define HAVE_SYS_POLL_H 1
| #define HAVE_SYS_XATTR_H 1
| #define HAVE_SYS_FILE_H 1
| #define HAVE_SYS_IOCTL_H 1
| #define HAVE_SYS_PARAM_H 1
| #define HAVE_SYS_RANDOM_H 1
| #define HAVE_SYS_SELECT_H 1
| #define HAVE_SYS_SENDFILE_H 1
| #define HAVE_SYS_SOCKET_H 1
| #define HAVE_SYS_STATVFS_H 1
| #define HAVE_SYS_STAT_H 1
| #define HAVE_SYS_SYSCALL_H 1
| #define HAVE_SYS_TIME_H 1
| #define HAVE_SYS_TIMES_H 1
| #define HAVE_SYS_TYPES_H 1
| #define HAVE_SYS_UIO_H 1
| #define HAVE_SYS_UN_H 1
| #define HAVE_SYS_UTSNAME_H 1
| #define HAVE_SYS_WAIT_H 1
| #define HAVE_PTY_H 1
| #define HAVE_SYS_RESOURCE_H 1
| #define HAVE_NETPACKET_PACKET_H 1
| #define HAVE_SYSEXITS_H 1
| #define HAVE_LINUX_TIPC_H 1
| #define HAVE_LINUX_RANDOM_H 1
| #define HAVE_SPAWN_H 1
| #define HAVE_ALLOCA_H 1
| #define HAVE_ENDIAN_H 1
| #define HAVE_SYS_ENDIAN_H 1
| #define HAVE_SYS_SYSMACROS_H 1
| #define HAVE_LINUX_MEMFD_H 1
| #define HAVE_LINUX_WAIT_H 1
| #define HAVE_SYS_MMAN_H 1
| #define HAVE_DIRENT_H 1
| #define MAJOR_IN_SYSMACROS 1
| #define HAVE_NET_IF_H 1
| #define HAVE_LINUX_NETLINK_H 1
| #define HAVE_LINUX_QRTR_H 1
| #define HAVE_LINUX_VM_SOCKETS_H 1
| #define HAVE_LINUX_CAN_H 1
| #define HAVE_LINUX_CAN_BCM_H 1
| #define HAVE_LINUX_CAN_J1939_H 1
| #define HAVE_LINUX_CAN_RAW_H 1
| #define HAVE_MAKEDEV 1
| #define HAVE_HTOLE64 1
| #define _LARGEFILE_SOURCE 1
| #define _FILE_OFFSET_BITS 64
| #if defined(SCO_DS)
| #undef _OFF_T
| #endif
| #define RETSIGTYPE void
| #define HAVE_SSIZE_T 1
| #define HAVE_GCC_UINT128_T 1
| #define SIZEOF_INT 4
| #define SIZEOF_LONG 8
| #define SIZEOF_LONG_LONG 8
| #define SIZEOF_VOID_P 8
| #define SIZEOF_SHORT 2
| #define SIZEOF_FLOAT 4
| #define SIZEOF_DOUBLE 8
| #define SIZEOF_FPOS_T 8
| #define SIZEOF_SIZE_T 8
| #define SIZEOF_PID_T 4
| #define SIZEOF_UINTPTR_T 8
| #define HAVE_LONG_DOUBLE 1
| #define SIZEOF_LONG_DOUBLE 16
| #define SIZEOF__BOOL 1
| #define SIZEOF_OFF_T 8
| #define SIZEOF_TIME_T 8
| #define SIZEOF_PTHREAD_T 8
| #define SIZEOF_PTHREAD_KEY_T 4
| #define PTHREAD_KEY_T_IS_COMPATIBLE_WITH_INT 1
| #define HAVE_LIBDL 1
| #define HAVE_UUID_UUID_H 1
| #define HAVE_UUID_GENERATE_TIME_SAFE 1
| #define WITH_DECIMAL_CONTEXTVAR 1
| #define _REENTRANT 1
| #define HAVE_PTHREAD_SIGMASK 1
| #define HAVE_PTHREAD_GETCPUCLOCKID 1
| #define ENABLE_IPV6 1
| #define HAVE_LINUX_CAN_RAW_FD_FRAMES 1
| #define HAVE_LINUX_CAN_RAW_JOIN_FILTERS 1
| #define WITH_DOC_STRINGS 1
| #define WITH_PYMALLOC 1
| #define PY_COERCE_C_LOCALE 1
| #define HAVE_DLOPEN 1
| #define HAVE_DYNAMIC_LOADING 1
| #define HAVE_ALARM 1
| #define HAVE_ACCEPT4 1
| #define HAVE_SETITIMER 1
| #define HAVE_GETITIMER 1
| #define HAVE_CHOWN 1
| #define HAVE_CLOCK 1
| #define HAVE_CTERMID 1
| #define HAVE_DUP3 1
| #define HAVE_EXECV 1
| #define HAVE_FACCESSAT 1
| #define HAVE_FCHMOD 1
| #define HAVE_FCHMODAT 1
| #define HAVE_FCHOWN 1
| #define HAVE_FCHOWNAT 1
| #define HAVE_FEXECVE 1
| #define HAVE_FDOPENDIR 1
| #define HAVE_FORK 1
| #define HAVE_FPATHCONF 1
| #define HAVE_FSTATAT 1
| #define HAVE_FTRUNCATE 1
| #define HAVE_FUTIMESAT 1
| #define HAVE_FUTIMENS 1
| #define HAVE_FUTIMES 1
| #define HAVE_GAI_STRERROR 1
| #define HAVE_GETENTROPY 1
| #define HAVE_GETGRGID_R 1
| #define HAVE_GETGRNAM_R 1
| #define HAVE_GETGROUPLIST 1
| #define HAVE_GETGROUPS 1
| #define HAVE_GETLOGIN 1
| #define HAVE_GETLOADAVG 1
| #define HAVE_GETPEERNAME 1
| #define HAVE_GETPGID 1
| #define HAVE_GETPID 1
| #define HAVE_GETPRIORITY 1
| #define HAVE_GETRESUID 1
| #define HAVE_GETRESGID 1
| #define HAVE_GETPWENT 1
| #define HAVE_GETPWNAM_R 1
| #define HAVE_GETPWUID_R 1
| #define HAVE_GETSID 1
| #define HAVE_IF_NAMEINDEX 1
| #define HAVE_INITGROUPS 1
| #define HAVE_KILL 1
| #define HAVE_KILLPG 1
| #define HAVE_LCHOWN 1
| #define HAVE_LOCKF 1
| #define HAVE_LINKAT 1
| #define HAVE_LSTAT 1
| #define HAVE_LUTIMES 1
| #define HAVE_MMAP 1
| #define HAVE_MEMRCHR 1
| #define HAVE_MBRTOWC 1
| #define HAVE_MKDIRAT 1
| #define HAVE_MKFIFO 1
| #define HAVE_MADVISE 1
| #define HAVE_MKFIFOAT 1
| #define HAVE_MKNOD 1
| #define HAVE_MKNODAT 1
| #define HAVE_MKTIME 1
| #define HAVE_MREMAP 1
| #define HAVE_NICE 1
| #define HAVE_OPENAT 1
| #define HAVE_PATHCONF 1
| #define HAVE_PAUSE 1
| #define HAVE_PIPE2 1
| #define HAVE_POLL 1
| #define HAVE_POSIX_FALLOCATE 1
| #define HAVE_POSIX_FADVISE 1
| #define HAVE_POSIX_SPAWN 1
| #define HAVE_POSIX_SPAWNP 1
| #define HAVE_PREAD 1
| #define HAVE_PREADV 1
| #define HAVE_PREADV2 1
| #define HAVE_PTHREAD_CONDATTR_SETCLOCK 1
| #define HAVE_PTHREAD_KILL 1
| #define HAVE_PWRITE 1
| #define HAVE_PWRITEV 1
| #define HAVE_PWRITEV2 1
| #define HAVE_READLINK 1
| #define HAVE_READLINKAT 1
| #define HAVE_READV 1
| #define HAVE_REALPATH 1
| #define HAVE_RENAMEAT 1
| #define HAVE_SEM_OPEN 1
| #define HAVE_SEM_TIMEDWAIT 1
| #define HAVE_SEM_GETVALUE 1
| #define HAVE_SEM_UNLINK 1
| #define HAVE_SENDFILE 1
| #define HAVE_SETEGID 1
| #define HAVE_SETEUID 1
| #define HAVE_SETGID 1
| #define HAVE_SETHOSTNAME 1
| #define HAVE_SETLOCALE 1
| #define HAVE_SETREGID 1
| #define HAVE_SETREUID 1
| #define HAVE_SETRESUID 1
| #define HAVE_SETRESGID 1
| #define HAVE_SETSID 1
| #define HAVE_SETPGID 1
| #define HAVE_SETPGRP 1
| #define HAVE_SETPRIORITY 1
| #define HAVE_SETUID 1
| #define HAVE_SETVBUF 1
| #define HAVE_SCHED_GET_PRIORITY_MAX 1
| #define HAVE_SCHED_SETAFFINITY 1
| #define HAVE_SCHED_SETSCHEDULER 1
| #define HAVE_SCHED_SETPARAM 1
| #define HAVE_SCHED_RR_GET_INTERVAL 1
| #define HAVE_SIGACTION 1
| #define HAVE_SIGALTSTACK 1
| #define HAVE_SIGFILLSET 1
| #define HAVE_SIGINTERRUPT 1
| #define HAVE_SIGPENDING 1
| #define HAVE_SIGRELSE 1
| #define HAVE_SIGTIMEDWAIT 1
| #define HAVE_SIGWAIT 1
| #define HAVE_SIGWAITINFO 1
| #define HAVE_SNPRINTF 1
| #define HAVE_STRFTIME 1
| #define HAVE_STRLCPY 1
| #define HAVE_STRSIGNAL 1
| #define HAVE_SYMLINKAT 1
| #define HAVE_SYNC 1
| #define HAVE_SYSCONF 1
| #define HAVE_TCGETPGRP 1
| #define HAVE_TCSETPGRP 1
| #define HAVE_TEMPNAM 1
| #define HAVE_TIMEGM 1
| #define HAVE_TIMES 1
| #define HAVE_TMPFILE 1
| #define HAVE_TMPNAM 1
| #define HAVE_TRUNCATE 1
| #define HAVE_UNAME 1
| #define HAVE_UNLINKAT 1
| #define HAVE_UTIMENSAT 1
| #define HAVE_UTIMES 1
| #define HAVE_WAITID 1
| #define HAVE_WAITPID 1
| #define HAVE_WAIT4 1
| #define HAVE_WCSCOLL 1
| #define HAVE_WCSFTIME 1
| #define HAVE_WCSXFRM 1
| #define HAVE_WMEMCMP 1
| #define HAVE_WRITEV 1
| #define HAVE_DIRFD 1
| #define HAVE_CHROOT 1
| #define HAVE_LINK 1
| #define HAVE_SYMLINK 1
| #define HAVE_FCHDIR 1
| #define HAVE_FSYNC 1
| #define HAVE_FDATASYNC 1
| #define HAVE_EPOLL 1
| #define HAVE_EPOLL_CREATE1 1
| #define HAVE_PRLIMIT 1
| #define HAVE_FLOCK 1
| #define HAVE_GETPAGESIZE 1
| #define HAVE_ZLIB_COPY 1
| #define HAVE_HSTRERROR 1
| #define HAVE_INET_ATON 1
| #define HAVE_INET_PTON 1
| #define HAVE_SETGROUPS 1
| #define HAVE_OPENPTY 1
| #define HAVE_FORKPTY 1
| #define HAVE_FSEEKO 1
| #define HAVE_FSTATVFS 1
| #define HAVE_FTELLO 1
| #define HAVE_STATVFS 1
| #define HAVE_DUP2 1
| #define HAVE_STRDUP 1
| #define HAVE_GETPGRP 1
| #define HAVE_SETPGRP 1
| #define HAVE_CLOCK_GETTIME 1
| #define HAVE_CLOCK_GETRES 1
| #define HAVE_CLOCK_SETTIME 1
| #define HAVE_DEVICE_MACROS 1
| #define HAVE_GETADDRINFO 1
| #define HAVE_GETNAMEINFO 1
| #define TIME_WITH_SYS_TIME 1
| #define HAVE_STRUCT_TM_TM_ZONE 1
| #define HAVE_TM_ZONE 1
| #define HAVE_STRUCT_STAT_ST_RDEV 1
| #define HAVE_STRUCT_STAT_ST_BLKSIZE 1
| #define HAVE_STRUCT_STAT_ST_BLOCKS 1
| #define HAVE_STRUCT_PASSWD_PW_GECOS 1
| #define HAVE_STRUCT_PASSWD_PW_PASSWD 1
| #define HAVE_SIGINFO_T_SI_BAND 1
| #define SYS_SELECT_WITH_SYS_TIME 1
| #define HAVE_ADDRINFO 1
| #define HAVE_SOCKADDR_STORAGE 1
| #define HAVE_SOCKADDR_ALG 1
| #define HAVE_PROTOTYPES 1
| #define HAVE_STDARG_PROTOTYPES 1
| #define HAVE_SOCKETPAIR 1
| #define HAVE_GETHOSTBYNAME_R 1
| #define HAVE_GETHOSTBYNAME_R 1
| #define HAVE_GETHOSTBYNAME_R_6_ARG 1
| #define DOUBLE_IS_LITTLE_ENDIAN_IEEE754 1
| #define HAVE_ACOSH 1
| #define HAVE_ASINH 1
| #define HAVE_ATANH 1
| #define HAVE_COPYSIGN 1
| #define HAVE_ERF 1
| #define HAVE_ERFC 1
| #define HAVE_EXPM1 1
| #define HAVE_FINITE 1
| #define HAVE_GAMMA 1
| #define HAVE_HYPOT 1
| #define HAVE_LGAMMA 1
| #define HAVE_LOG1P 1
| #define HAVE_LOG2 1
| #define HAVE_ROUND 1
| #define HAVE_TGAMMA 1
| #define HAVE_DECL_ISINF 1
| #define HAVE_DECL_ISNAN 1
| #define HAVE_DECL_ISFINITE 1
| #define POSIX_SEMAPHORES_NOT_ENABLED 1
| #define HAVE_BROKEN_SEM_GETVALUE 1
| #define HAVE_DECL_RTLD_LAZY 1
| #define HAVE_DECL_RTLD_NOW 1
| #define HAVE_DECL_RTLD_GLOBAL 1
| #define HAVE_DECL_RTLD_LOCAL 1
| #define HAVE_DECL_RTLD_NODELETE 1
| #define HAVE_DECL_RTLD_NOLOAD 1
| #define HAVE_DECL_RTLD_DEEPBIND 0
| #define HAVE_DECL_RTLD_MEMBER 0
| #define HAVE_WCHAR_H 1
| #define SIZEOF_WCHAR_T 4
| #define HAVE_USABLE_WCHAR_T 1
| /* end confdefs.h.  */
| #ifndef __APPLE_CC__
| 	       not a universal capable compiler
| 	     #endif
| 	     typedef int dummy;
| 
configure:15182: gcc -c -I/data/data/com.termux/files/usr/include  conftest.c >&5
configure:15182: $? = 0
configure:15200: gcc -c -I/data/data/com.termux/files/usr/include  conftest.c >&5
conftest.c:366:4: error: use of undeclared identifier 'not'
  366 |                  not big endian
      |                  ^
1 error generated.
configure:15200: $? = 1
configure: failed program was:
| /* confdefs.h */
| #define _GNU_SOURCE 1
| #define _NETBSD_SOURCE 1
| #define __BSD_VISIBLE 1
| #define _DARWIN_C_SOURCE 1
| #define _PYTHONFRAMEWORK ""
| #define _XOPEN_SOURCE 700
| #define _XOPEN_SOURCE_EXTENDED 1
| #define _POSIX_C_SOURCE 200809L
| #define STDC_HEADERS 1
| #define HAVE_SYS_TYPES_H 1
| #define HAVE_SYS_STAT_H 1
| #define HAVE_STDLIB_H 1
| #define HAVE_STRING_H 1
| #define HAVE_MEMORY_H 1
| #define HAVE_STRINGS_H 1
| #define HAVE_INTTYPES_H 1
| #define HAVE_STDINT_H 1
| #define HAVE_UNISTD_H 1
| #define __EXTENSIONS__ 1
| #define _ALL_SOURCE 1
| #define _GNU_SOURCE 1
| #define _POSIX_PTHREAD_SEMANTICS 1
| #define _TANDEM_SOURCE 1
| #define ANDROID_API_LEVEL 24
| #define STDC_HEADERS 1
| #define HAVE_ASM_TYPES_H 1
| #define HAVE_CRYPT_H 1
| #define HAVE_DLFCN_H 1
| #define HAVE_ERRNO_H 1
| #define HAVE_FCNTL_H 1
| #define HAVE_GRP_H 1
| #define HAVE_LANGINFO_H 1
| #define HAVE_LIBINTL_H 1
| #define HAVE_PTHREAD_H 1
| #define HAVE_SCHED_H 1
| #define HAVE_SIGNAL_H 1
| #define HAVE_TERMIOS_H 1
| #define HAVE_UTIME_H 1
| #define HAVE_POLL_H 1
| #define HAVE_SYS_EPOLL_H 1
| #define HAVE_SYS_POLL_H 1
| #define HAVE_SYS_XATTR_H 1
| #define HAVE_SYS_FILE_H 1
| #define HAVE_SYS_IOCTL_H 1
| #define HAVE_SYS_PARAM_H 1
| #define HAVE_SYS_RANDOM_H 1
| #define HAVE_SYS_SELECT_H 1
| #define HAVE_SYS_SENDFILE_H 1
| #define HAVE_SYS_SOCKET_H 1
| #define HAVE_SYS_STATVFS_H 1
| #define HAVE_SYS_STAT_H 1
| #define HAVE_SYS_SYSCALL_H 1
| #define HAVE_SYS_TIME_H 1
| #define HAVE_SYS_TIMES_H 1
| #define HAVE_SYS_TYPES_H 1
| #define HAVE_SYS_UIO_H 1
| #define HAVE_SYS_UN_H 1
| #define HAVE_SYS_UTSNAME_H 1
| #define HAVE_SYS_WAIT_H 1
| #define HAVE_PTY_H 1
| #define HAVE_SYS_RESOURCE_H 1
| #define HAVE_NETPACKET_PACKET_H 1
| #define HAVE_SYSEXITS_H 1
| #define HAVE_LINUX_TIPC_H 1
| #define HAVE_LINUX_RANDOM_H 1
| #define HAVE_SPAWN_H 1
| #define HAVE_ALLOCA_H 1
| #define HAVE_ENDIAN_H 1
| #define HAVE_SYS_ENDIAN_H 1
| #define HAVE_SYS_SYSMACROS_H 1
| #define HAVE_LINUX_MEMFD_H 1
| #define HAVE_LINUX_WAIT_H 1
| #define HAVE_SYS_MMAN_H 1
| #define HAVE_DIRENT_H 1
| #define MAJOR_IN_SYSMACROS 1
| #define HAVE_NET_IF_H 1
| #define HAVE_LINUX_NETLINK_H 1
| #define HAVE_LINUX_QRTR_H 1
| #define HAVE_LINUX_VM_SOCKETS_H 1
| #define HAVE_LINUX_CAN_H 1
| #define HAVE_LINUX_CAN_BCM_H 1
| #define HAVE_LINUX_CAN_J1939_H 1
| #define HAVE_LINUX_CAN_RAW_H 1
| #define HAVE_MAKEDEV 1
| #define HAVE_HTOLE64 1
| #define _LARGEFILE_SOURCE 1
| #define _FILE_OFFSET_BITS 64
| #if defined(SCO_DS)
| #undef _OFF_T
| #endif
| #define RETSIGTYPE void
| #define HAVE_SSIZE_T 1
| #define HAVE_GCC_UINT128_T 1
| #define SIZEOF_INT 4
| #define SIZEOF_LONG 8
| #define SIZEOF_LONG_LONG 8
| #define SIZEOF_VOID_P 8
| #define SIZEOF_SHORT 2
| #define SIZEOF_FLOAT 4
| #define SIZEOF_DOUBLE 8
| #define SIZEOF_FPOS_T 8
| #define SIZEOF_SIZE_T 8
| #define SIZEOF_PID_T 4
| #define SIZEOF_UINTPTR_T 8
| #define HAVE_LONG_DOUBLE 1
| #define SIZEOF_LONG_DOUBLE 16
| #define SIZEOF__BOOL 1
| #define SIZEOF_OFF_T 8
| #define SIZEOF_TIME_T 8
| #define SIZEOF_PTHREAD_T 8
| #define SIZEOF_PTHREAD_KEY_T 4
| #define PTHREAD_KEY_T_IS_COMPATIBLE_WITH_INT 1
| #define HAVE_LIBDL 1
| #define HAVE_UUID_UUID_H 1
| #define HAVE_UUID_GENERATE_TIME_SAFE 1
| #define WITH_DECIMAL_CONTEXTVAR 1
| #define _REENTRANT 1
| #define HAVE_PTHREAD_SIGMASK 1
| #define HAVE_PTHREAD_GETCPUCLOCKID 1
| #define ENABLE_IPV6 1
| #define HAVE_LINUX_CAN_RAW_FD_FRAMES 1
| #define HAVE_LINUX_CAN_RAW_JOIN_FILTERS 1
| #define WITH_DOC_STRINGS 1
| #define WITH_PYMALLOC 1
| #define PY_COERCE_C_LOCALE 1
| #define HAVE_DLOPEN 1
| #define HAVE_DYNAMIC_LOADING 1
| #define HAVE_ALARM 1
| #define HAVE_ACCEPT4 1
| #define HAVE_SETITIMER 1
| #define HAVE_GETITIMER 1
| #define HAVE_CHOWN 1
| #define HAVE_CLOCK 1
| #define HAVE_CTERMID 1
| #define HAVE_DUP3 1
| #define HAVE_EXECV 1
| #define HAVE_FACCESSAT 1
| #define HAVE_FCHMOD 1
| #define HAVE_FCHMODAT 1
| #define HAVE_FCHOWN 1
| #define HAVE_FCHOWNAT 1
| #define HAVE_FEXECVE 1
| #define HAVE_FDOPENDIR 1
| #define HAVE_FORK 1
| #define HAVE_FPATHCONF 1
| #define HAVE_FSTATAT 1
| #define HAVE_FTRUNCATE 1
| #define HAVE_FUTIMESAT 1
| #define HAVE_FUTIMENS 1
| #define HAVE_FUTIMES 1
| #define HAVE_GAI_STRERROR 1
| #define HAVE_GETENTROPY 1
| #define HAVE_GETGRGID_R 1
| #define HAVE_GETGRNAM_R 1
| #define HAVE_GETGROUPLIST 1
| #define HAVE_GETGROUPS 1
| #define HAVE_GETLOGIN 1
| #define HAVE_GETLOADAVG 1
| #define HAVE_GETPEERNAME 1
| #define HAVE_GETPGID 1
| #define HAVE_GETPID 1
| #define HAVE_GETPRIORITY 1
| #define HAVE_GETRESUID 1
| #define HAVE_GETRESGID 1
| #define HAVE_GETPWENT 1
| #define HAVE_GETPWNAM_R 1
| #define HAVE_GETPWUID_R 1
| #define HAVE_GETSID 1
| #define HAVE_IF_NAMEINDEX 1
| #define HAVE_INITGROUPS 1
| #define HAVE_KILL 1
| #define HAVE_KILLPG 1
| #define HAVE_LCHOWN 1
| #define HAVE_LOCKF 1
| #define HAVE_LINKAT 1
| #define HAVE_LSTAT 1
| #define HAVE_LUTIMES 1
| #define HAVE_MMAP 1
| #define HAVE_MEMRCHR 1
| #define HAVE_MBRTOWC 1
| #define HAVE_MKDIRAT 1
| #define HAVE_MKFIFO 1
| #define HAVE_MADVISE 1
| #define HAVE_MKFIFOAT 1
| #define HAVE_MKNOD 1
| #define HAVE_MKNODAT 1
| #define HAVE_MKTIME 1
| #define HAVE_MREMAP 1
| #define HAVE_NICE 1
| #define HAVE_OPENAT 1
| #define HAVE_PATHCONF 1
| #define HAVE_PAUSE 1
| #define HAVE_PIPE2 1
| #define HAVE_POLL 1
| #define HAVE_POSIX_FALLOCATE 1
| #define HAVE_POSIX_FADVISE 1
| #define HAVE_POSIX_SPAWN 1
| #define HAVE_POSIX_SPAWNP 1
| #define HAVE_PREAD 1
| #define HAVE_PREADV 1
| #define HAVE_PREADV2 1
| #define HAVE_PTHREAD_CONDATTR_SETCLOCK 1
| #define HAVE_PTHREAD_KILL 1
| #define HAVE_PWRITE 1
| #define HAVE_PWRITEV 1
| #define HAVE_PWRITEV2 1
| #define HAVE_READLINK 1
| #define HAVE_READLINKAT 1
| #define HAVE_READV 1
| #define HAVE_REALPATH 1
| #define HAVE_RENAMEAT 1
| #define HAVE_SEM_OPEN 1
| #define HAVE_SEM_TIMEDWAIT 1
| #define HAVE_SEM_GETVALUE 1
| #define HAVE_SEM_UNLINK 1
| #define HAVE_SENDFILE 1
| #define HAVE_SETEGID 1
| #define HAVE_SETEUID 1
| #define HAVE_SETGID 1
| #define HAVE_SETHOSTNAME 1
| #define HAVE_SETLOCALE 1
| #define HAVE_SETREGID 1
| #define HAVE_SETREUID 1
| #define HAVE_SETRESUID 1
| #define HAVE_SETRESGID 1
| #define HAVE_SETSID 1
| #define HAVE_SETPGID 1
| #define HAVE_SETPGRP 1
| #define HAVE_SETPRIORITY 1
| #define HAVE_SETUID 1
| #define HAVE_SETVBUF 1
| #define HAVE_SCHED_GET_PRIORITY_MAX 1
| #define HAVE_SCHED_SETAFFINITY 1
| #define HAVE_SCHED_SETSCHEDULER 1
| #define HAVE_SCHED_SETPARAM 1
| #define HAVE_SCHED_RR_GET_INTERVAL 1
| #define HAVE_SIGACTION 1
| #define HAVE_SIGALTSTACK 1
| #define HAVE_SIGFILLSET 1
| #define HAVE_SIGINTERRUPT 1
| #define HAVE_SIGPENDING 1
| #define HAVE_SIGRELSE 1
| #define HAVE_SIGTIMEDWAIT 1
| #define HAVE_SIGWAIT 1
| #define HAVE_SIGWAITINFO 1
| #define HAVE_SNPRINTF 1
| #define HAVE_STRFTIME 1
| #define HAVE_STRLCPY 1
| #define HAVE_STRSIGNAL 1
| #define HAVE_SYMLINKAT 1
| #define HAVE_SYNC 1
| #define HAVE_SYSCONF 1
| #define HAVE_TCGETPGRP 1
| #define HAVE_TCSETPGRP 1
| #define HAVE_TEMPNAM 1
| #define HAVE_TIMEGM 1
| #define HAVE_TIMES 1
| #define HAVE_TMPFILE 1
| #define HAVE_TMPNAM 1
| #define HAVE_TRUNCATE 1
| #define HAVE_UNAME 1
| #define HAVE_UNLINKAT 1
| #define HAVE_UTIMENSAT 1
| #define HAVE_UTIMES 1
| #define HAVE_WAITID 1
| #define HAVE_WAITPID 1
| #define HAVE_WAIT4 1
| #define HAVE_WCSCOLL 1
| #define HAVE_WCSFTIME 1
| #define HAVE_WCSXFRM 1
| #define HAVE_WMEMCMP 1
| #define HAVE_WRITEV 1
| #define HAVE_DIRFD 1
| #define HAVE_CHROOT 1
| #define HAVE_LINK 1
| #define HAVE_SYMLINK 1
| #define HAVE_FCHDIR 1
| #define HAVE_FSYNC 1
| #define HAVE_FDATASYNC 1
| #define HAVE_EPOLL 1
| #define HAVE_EPOLL_CREATE1 1
| #define HAVE_PRLIMIT 1
| #define HAVE_FLOCK 1
| #define HAVE_GETPAGESIZE 1
| #define HAVE_ZLIB_COPY 1
| #define HAVE_HSTRERROR 1
| #define HAVE_INET_ATON 1
| #define HAVE_INET_PTON 1
| #define HAVE_SETGROUPS 1
| #define HAVE_OPENPTY 1
| #define HAVE_FORKPTY 1
| #define HAVE_FSEEKO 1
| #define HAVE_FSTATVFS 1
| #define HAVE_FTELLO 1
| #define HAVE_STATVFS 1
| #define HAVE_DUP2 1
| #define HAVE_STRDUP 1
| #define HAVE_GETPGRP 1
| #define HAVE_SETPGRP 1
| #define HAVE_CLOCK_GETTIME 1
| #define HAVE_CLOCK_GETRES 1
| #define HAVE_CLOCK_SETTIME 1
| #define HAVE_DEVICE_MACROS 1
| #define HAVE_GETADDRINFO 1
| #define HAVE_GETNAMEINFO 1
| #define TIME_WITH_SYS_TIME 1
| #define HAVE_STRUCT_TM_TM_ZONE 1
| #define HAVE_TM_ZONE 1
| #define HAVE_STRUCT_STAT_ST_RDEV 1
| #define HAVE_STRUCT_STAT_ST_BLKSIZE 1
| #define HAVE_STRUCT_STAT_ST_BLOCKS 1
| #define HAVE_STRUCT_PASSWD_PW_GECOS 1
| #define HAVE_STRUCT_PASSWD_PW_PASSWD 1
| #define HAVE_SIGINFO_T_SI_BAND 1
| #define SYS_SELECT_WITH_SYS_TIME 1
| #define HAVE_ADDRINFO 1
| #define HAVE_SOCKADDR_STORAGE 1
| #define HAVE_SOCKADDR_ALG 1
| #define HAVE_PROTOTYPES 1
| #define HAVE_STDARG_PROTOTYPES 1
| #define HAVE_SOCKETPAIR 1
| #define HAVE_GETHOSTBYNAME_R 1
| #define HAVE_GETHOSTBYNAME_R 1
| #define HAVE_GETHOSTBYNAME_R_6_ARG 1
| #define DOUBLE_IS_LITTLE_ENDIAN_IEEE754 1
| #define HAVE_ACOSH 1
| #define HAVE_ASINH 1
| #define HAVE_ATANH 1
| #define HAVE_COPYSIGN 1
| #define HAVE_ERF 1
| #define HAVE_ERFC 1
| #define HAVE_EXPM1 1
| #define HAVE_FINITE 1
| #define HAVE_GAMMA 1
| #define HAVE_HYPOT 1
| #define HAVE_LGAMMA 1
| #define HAVE_LOG1P 1
| #define HAVE_LOG2 1
| #define HAVE_ROUND 1
| #define HAVE_TGAMMA 1
| #define HAVE_DECL_ISINF 1
| #define HAVE_DECL_ISNAN 1
| #define HAVE_DECL_ISFINITE 1
| #define POSIX_SEMAPHORES_NOT_ENABLED 1
| #define HAVE_BROKEN_SEM_GETVALUE 1
| #define HAVE_DECL_RTLD_LAZY 1
| #define HAVE_DECL_RTLD_NOW 1
| #define HAVE_DECL_RTLD_GLOBAL 1
| #define HAVE_DECL_RTLD_LOCAL 1
| #define HAVE_DECL_RTLD_NODELETE 1
| #define HAVE_DECL_RTLD_NOLOAD 1
| #define HAVE_DECL_RTLD_DEEPBIND 0
| #define HAVE_DECL_RTLD_MEMBER 0
| #define HAVE_WCHAR_H 1
| #define SIZEOF_WCHAR_T 4
| #define HAVE_USABLE_WCHAR_T 1
| /* end confdefs.h.  */
| #include <sys/types.h>
| 		#include <sys/param.h>
| 
| int
| main ()
| {
| #if BYTE_ORDER != BIG_ENDIAN
| 		 not big endian
| 		#endif
| 
|   ;
|   return 0;
| }
configure:15328: result: no
configure:15363: checking ABIFLAGS
configure:15365: result: 
configure:15367: checking SOABI
configure:15370: result: cpython-39
configure:15388: checking LDVERSION
configure:15391: result: $(VERSION)$(ABIFLAGS)
configure:15411: checking for --with-platlibdir
configure:15432: result: no
configure:15448: checking whether right shift extends the sign bit
configure:15466: gcc -o conftest -I/data/data/com.termux/files/usr/include  -L/data/data/com.termux/files/usr/lib conftest.c -lcrypt -ldl  -lm >&5
configure:15466: $? = 0
configure:15466: ./conftest
configure:15466: $? = 0
configure:15477: result: yes
configure:15487: checking for getc_unlocked() and friends
configure:15509: gcc -o conftest -I/data/data/com.termux/files/usr/include  -L/data/data/com.termux/files/usr/lib conftest.c -lcrypt -ldl  -lm >&5
configure:15509: $? = 0
configure:15518: result: yes
configure:15535: checking how to link readline libs
configure:15562: gcc -o conftest -I/data/data/com.termux/files/usr/include  -L/data/data/com.termux/files/usr/lib conftest.c -lreadline -lcrypt -ldl  -lm >&5
configure:15562: $? = 0
configure:15577: result: -lreadline
configure:15589: gcc -E  conftest.c
configure:15589: $? = 0
configure:15627: checking for rl_pre_input_hook in -lreadline
configure:15652: gcc -o conftest -I/data/data/com.termux/files/usr/include  -L/data/data/com.termux/files/usr/lib conftest.c -lreadline -lreadline -lreadline -lcrypt -ldl  -lm >&5
configure:15652: $? = 0
configure:15661: result: yes
configure:15671: checking for rl_completion_display_matches_hook in -lreadline
configure:15696: gcc -o conftest -I/data/data/com.termux/files/usr/include  -L/data/data/com.termux/files/usr/lib conftest.c -lreadline -lreadline -lreadline -lcrypt -ldl  -lm >&5
configure:15696: $? = 0
configure:15705: result: yes
configure:15715: checking for rl_resize_terminal in -lreadline
configure:15740: gcc -o conftest -I/data/data/com.termux/files/usr/include  -L/data/data/com.termux/files/usr/lib conftest.c -lreadline -lreadline -lreadline -lcrypt -ldl  -lm >&5
configure:15740: $? = 0
configure:15749: result: yes
configure:15759: checking for rl_completion_matches in -lreadline
configure:15784: gcc -o conftest -I/data/data/com.termux/files/usr/include  -L/data/data/com.termux/files/usr/lib conftest.c -lreadline -lreadline -lreadline -lcrypt -ldl  -lm >&5
configure:15784: $? = 0
configure:15793: result: yes
configure:15807: gcc -E  conftest.c
configure:15807: $? = 0
configure:15831: checking for append_history in -lreadline
configure:15856: gcc -o conftest -I/data/data/com.termux/files/usr/include  -L/data/data/com.termux/files/usr/lib conftest.c -lreadline -lreadline -lreadline -lcrypt -ldl  -lm >&5
configure:15856: $? = 0
configure:15865: result: yes
configure:15877: checking for broken nice()
configure:15900: gcc -o conftest -I/data/data/com.termux/files/usr/include  -L/data/data/com.termux/files/usr/lib conftest.c -lcrypt -ldl  -lm >&5
configure:15900: $? = 0
configure:15900: ./conftest
configure:15900: $? = 1
configure: program exited with status 1
configure: failed program was:
| /* confdefs.h */
| #define _GNU_SOURCE 1
| #define _NETBSD_SOURCE 1
| #define __BSD_VISIBLE 1
| #define _DARWIN_C_SOURCE 1
| #define _PYTHONFRAMEWORK ""
| #define _XOPEN_SOURCE 700
| #define _XOPEN_SOURCE_EXTENDED 1
| #define _POSIX_C_SOURCE 200809L
| #define STDC_HEADERS 1
| #define HAVE_SYS_TYPES_H 1
| #define HAVE_SYS_STAT_H 1
| #define HAVE_STDLIB_H 1
| #define HAVE_STRING_H 1
| #define HAVE_MEMORY_H 1
| #define HAVE_STRINGS_H 1
| #define HAVE_INTTYPES_H 1
| #define HAVE_STDINT_H 1
| #define HAVE_UNISTD_H 1
| #define __EXTENSIONS__ 1
| #define _ALL_SOURCE 1
| #define _GNU_SOURCE 1
| #define _POSIX_PTHREAD_SEMANTICS 1
| #define _TANDEM_SOURCE 1
| #define ANDROID_API_LEVEL 24
| #define STDC_HEADERS 1
| #define HAVE_ASM_TYPES_H 1
| #define HAVE_CRYPT_H 1
| #define HAVE_DLFCN_H 1
| #define HAVE_ERRNO_H 1
| #define HAVE_FCNTL_H 1
| #define HAVE_GRP_H 1
| #define HAVE_LANGINFO_H 1
| #define HAVE_LIBINTL_H 1
| #define HAVE_PTHREAD_H 1
| #define HAVE_SCHED_H 1
| #define HAVE_SIGNAL_H 1
| #define HAVE_TERMIOS_H 1
| #define HAVE_UTIME_H 1
| #define HAVE_POLL_H 1
| #define HAVE_SYS_EPOLL_H 1
| #define HAVE_SYS_POLL_H 1
| #define HAVE_SYS_XATTR_H 1
| #define HAVE_SYS_FILE_H 1
| #define HAVE_SYS_IOCTL_H 1
| #define HAVE_SYS_PARAM_H 1
| #define HAVE_SYS_RANDOM_H 1
| #define HAVE_SYS_SELECT_H 1
| #define HAVE_SYS_SENDFILE_H 1
| #define HAVE_SYS_SOCKET_H 1
| #define HAVE_SYS_STATVFS_H 1
| #define HAVE_SYS_STAT_H 1
| #define HAVE_SYS_SYSCALL_H 1
| #define HAVE_SYS_TIME_H 1
| #define HAVE_SYS_TIMES_H 1
| #define HAVE_SYS_TYPES_H 1
| #define HAVE_SYS_UIO_H 1
| #define HAVE_SYS_UN_H 1
| #define HAVE_SYS_UTSNAME_H 1
| #define HAVE_SYS_WAIT_H 1
| #define HAVE_PTY_H 1
| #define HAVE_SYS_RESOURCE_H 1
| #define HAVE_NETPACKET_PACKET_H 1
| #define HAVE_SYSEXITS_H 1
| #define HAVE_LINUX_TIPC_H 1
| #define HAVE_LINUX_RANDOM_H 1
| #define HAVE_SPAWN_H 1
| #define HAVE_ALLOCA_H 1
| #define HAVE_ENDIAN_H 1
| #define HAVE_SYS_ENDIAN_H 1
| #define HAVE_SYS_SYSMACROS_H 1
| #define HAVE_LINUX_MEMFD_H 1
| #define HAVE_LINUX_WAIT_H 1
| #define HAVE_SYS_MMAN_H 1
| #define HAVE_DIRENT_H 1
| #define MAJOR_IN_SYSMACROS 1
| #define HAVE_NET_IF_H 1
| #define HAVE_LINUX_NETLINK_H 1
| #define HAVE_LINUX_QRTR_H 1
| #define HAVE_LINUX_VM_SOCKETS_H 1
| #define HAVE_LINUX_CAN_H 1
| #define HAVE_LINUX_CAN_BCM_H 1
| #define HAVE_LINUX_CAN_J1939_H 1
| #define HAVE_LINUX_CAN_RAW_H 1
| #define HAVE_MAKEDEV 1
| #define HAVE_HTOLE64 1
| #define _LARGEFILE_SOURCE 1
| #define _FILE_OFFSET_BITS 64
| #if defined(SCO_DS)
| #undef _OFF_T
| #endif
| #define RETSIGTYPE void
| #define HAVE_SSIZE_T 1
| #define HAVE_GCC_UINT128_T 1
| #define SIZEOF_INT 4
| #define SIZEOF_LONG 8
| #define SIZEOF_LONG_LONG 8
| #define SIZEOF_VOID_P 8
| #define SIZEOF_SHORT 2
| #define SIZEOF_FLOAT 4
| #define SIZEOF_DOUBLE 8
| #define SIZEOF_FPOS_T 8
| #define SIZEOF_SIZE_T 8
| #define SIZEOF_PID_T 4
| #define SIZEOF_UINTPTR_T 8
| #define HAVE_LONG_DOUBLE 1
| #define SIZEOF_LONG_DOUBLE 16
| #define SIZEOF__BOOL 1
| #define SIZEOF_OFF_T 8
| #define SIZEOF_TIME_T 8
| #define SIZEOF_PTHREAD_T 8
| #define SIZEOF_PTHREAD_KEY_T 4
| #define PTHREAD_KEY_T_IS_COMPATIBLE_WITH_INT 1
| #define HAVE_LIBDL 1
| #define HAVE_UUID_UUID_H 1
| #define HAVE_UUID_GENERATE_TIME_SAFE 1
| #define WITH_DECIMAL_CONTEXTVAR 1
| #define _REENTRANT 1
| #define HAVE_PTHREAD_SIGMASK 1
| #define HAVE_PTHREAD_GETCPUCLOCKID 1
| #define ENABLE_IPV6 1
| #define HAVE_LINUX_CAN_RAW_FD_FRAMES 1
| #define HAVE_LINUX_CAN_RAW_JOIN_FILTERS 1
| #define WITH_DOC_STRINGS 1
| #define WITH_PYMALLOC 1
| #define PY_COERCE_C_LOCALE 1
| #define HAVE_DLOPEN 1
| #define HAVE_DYNAMIC_LOADING 1
| #define HAVE_ALARM 1
| #define HAVE_ACCEPT4 1
| #define HAVE_SETITIMER 1
| #define HAVE_GETITIMER 1
| #define HAVE_CHOWN 1
| #define HAVE_CLOCK 1
| #define HAVE_CTERMID 1
| #define HAVE_DUP3 1
| #define HAVE_EXECV 1
| #define HAVE_FACCESSAT 1
| #define HAVE_FCHMOD 1
| #define HAVE_FCHMODAT 1
| #define HAVE_FCHOWN 1
| #define HAVE_FCHOWNAT 1
| #define HAVE_FEXECVE 1
| #define HAVE_FDOPENDIR 1
| #define HAVE_FORK 1
| #define HAVE_FPATHCONF 1
| #define HAVE_FSTATAT 1
| #define HAVE_FTRUNCATE 1
| #define HAVE_FUTIMESAT 1
| #define HAVE_FUTIMENS 1
| #define HAVE_FUTIMES 1
| #define HAVE_GAI_STRERROR 1
| #define HAVE_GETENTROPY 1
| #define HAVE_GETGRGID_R 1
| #define HAVE_GETGRNAM_R 1
| #define HAVE_GETGROUPLIST 1
| #define HAVE_GETGROUPS 1
| #define HAVE_GETLOGIN 1
| #define HAVE_GETLOADAVG 1
| #define HAVE_GETPEERNAME 1
| #define HAVE_GETPGID 1
| #define HAVE_GETPID 1
| #define HAVE_GETPRIORITY 1
| #define HAVE_GETRESUID 1
| #define HAVE_GETRESGID 1
| #define HAVE_GETPWENT 1
| #define HAVE_GETPWNAM_R 1
| #define HAVE_GETPWUID_R 1
| #define HAVE_GETSID 1
| #define HAVE_IF_NAMEINDEX 1
| #define HAVE_INITGROUPS 1
| #define HAVE_KILL 1
| #define HAVE_KILLPG 1
| #define HAVE_LCHOWN 1
| #define HAVE_LOCKF 1
| #define HAVE_LINKAT 1
| #define HAVE_LSTAT 1
| #define HAVE_LUTIMES 1
| #define HAVE_MMAP 1
| #define HAVE_MEMRCHR 1
| #define HAVE_MBRTOWC 1
| #define HAVE_MKDIRAT 1
| #define HAVE_MKFIFO 1
| #define HAVE_MADVISE 1
| #define HAVE_MKFIFOAT 1
| #define HAVE_MKNOD 1
| #define HAVE_MKNODAT 1
| #define HAVE_MKTIME 1
| #define HAVE_MREMAP 1
| #define HAVE_NICE 1
| #define HAVE_OPENAT 1
| #define HAVE_PATHCONF 1
| #define HAVE_PAUSE 1
| #define HAVE_PIPE2 1
| #define HAVE_POLL 1
| #define HAVE_POSIX_FALLOCATE 1
| #define HAVE_POSIX_FADVISE 1
| #define HAVE_POSIX_SPAWN 1
| #define HAVE_POSIX_SPAWNP 1
| #define HAVE_PREAD 1
| #define HAVE_PREADV 1
| #define HAVE_PREADV2 1
| #define HAVE_PTHREAD_CONDATTR_SETCLOCK 1
| #define HAVE_PTHREAD_KILL 1
| #define HAVE_PWRITE 1
| #define HAVE_PWRITEV 1
| #define HAVE_PWRITEV2 1
| #define HAVE_READLINK 1
| #define HAVE_READLINKAT 1
| #define HAVE_READV 1
| #define HAVE_REALPATH 1
| #define HAVE_RENAMEAT 1
| #define HAVE_SEM_OPEN 1
| #define HAVE_SEM_TIMEDWAIT 1
| #define HAVE_SEM_GETVALUE 1
| #define HAVE_SEM_UNLINK 1
| #define HAVE_SENDFILE 1
| #define HAVE_SETEGID 1
| #define HAVE_SETEUID 1
| #define HAVE_SETGID 1
| #define HAVE_SETHOSTNAME 1
| #define HAVE_SETLOCALE 1
| #define HAVE_SETREGID 1
| #define HAVE_SETREUID 1
| #define HAVE_SETRESUID 1
| #define HAVE_SETRESGID 1
| #define HAVE_SETSID 1
| #define HAVE_SETPGID 1
| #define HAVE_SETPGRP 1
| #define HAVE_SETPRIORITY 1
| #define HAVE_SETUID 1
| #define HAVE_SETVBUF 1
| #define HAVE_SCHED_GET_PRIORITY_MAX 1
| #define HAVE_SCHED_SETAFFINITY 1
| #define HAVE_SCHED_SETSCHEDULER 1
| #define HAVE_SCHED_SETPARAM 1
| #define HAVE_SCHED_RR_GET_INTERVAL 1
| #define HAVE_SIGACTION 1
| #define HAVE_SIGALTSTACK 1
| #define HAVE_SIGFILLSET 1
| #define HAVE_SIGINTERRUPT 1
| #define HAVE_SIGPENDING 1
| #define HAVE_SIGRELSE 1
| #define HAVE_SIGTIMEDWAIT 1
| #define HAVE_SIGWAIT 1
| #define HAVE_SIGWAITINFO 1
| #define HAVE_SNPRINTF 1
| #define HAVE_STRFTIME 1
| #define HAVE_STRLCPY 1
| #define HAVE_STRSIGNAL 1
| #define HAVE_SYMLINKAT 1
| #define HAVE_SYNC 1
| #define HAVE_SYSCONF 1
| #define HAVE_TCGETPGRP 1
| #define HAVE_TCSETPGRP 1
| #define HAVE_TEMPNAM 1
| #define HAVE_TIMEGM 1
| #define HAVE_TIMES 1
| #define HAVE_TMPFILE 1
| #define HAVE_TMPNAM 1
| #define HAVE_TRUNCATE 1
| #define HAVE_UNAME 1
| #define HAVE_UNLINKAT 1
| #define HAVE_UTIMENSAT 1
| #define HAVE_UTIMES 1
| #define HAVE_WAITID 1
| #define HAVE_WAITPID 1
| #define HAVE_WAIT4 1
| #define HAVE_WCSCOLL 1
| #define HAVE_WCSFTIME 1
| #define HAVE_WCSXFRM 1
| #define HAVE_WMEMCMP 1
| #define HAVE_WRITEV 1
| #define HAVE_DIRFD 1
| #define HAVE_CHROOT 1
| #define HAVE_LINK 1
| #define HAVE_SYMLINK 1
| #define HAVE_FCHDIR 1
| #define HAVE_FSYNC 1
| #define HAVE_FDATASYNC 1
| #define HAVE_EPOLL 1
| #define HAVE_EPOLL_CREATE1 1
| #define HAVE_PRLIMIT 1
| #define HAVE_FLOCK 1
| #define HAVE_GETPAGESIZE 1
| #define HAVE_ZLIB_COPY 1
| #define HAVE_HSTRERROR 1
| #define HAVE_INET_ATON 1
| #define HAVE_INET_PTON 1
| #define HAVE_SETGROUPS 1
| #define HAVE_OPENPTY 1
| #define HAVE_FORKPTY 1
| #define HAVE_FSEEKO 1
| #define HAVE_FSTATVFS 1
| #define HAVE_FTELLO 1
| #define HAVE_STATVFS 1
| #define HAVE_DUP2 1
| #define HAVE_STRDUP 1
| #define HAVE_GETPGRP 1
| #define HAVE_SETPGRP 1
| #define HAVE_CLOCK_GETTIME 1
| #define HAVE_CLOCK_GETRES 1
| #define HAVE_CLOCK_SETTIME 1
| #define HAVE_DEVICE_MACROS 1
| #define HAVE_GETADDRINFO 1
| #define HAVE_GETNAMEINFO 1
| #define TIME_WITH_SYS_TIME 1
| #define HAVE_STRUCT_TM_TM_ZONE 1
| #define HAVE_TM_ZONE 1
| #define HAVE_STRUCT_STAT_ST_RDEV 1
| #define HAVE_STRUCT_STAT_ST_BLKSIZE 1
| #define HAVE_STRUCT_STAT_ST_BLOCKS 1
| #define HAVE_STRUCT_PASSWD_PW_GECOS 1
| #define HAVE_STRUCT_PASSWD_PW_PASSWD 1
| #define HAVE_SIGINFO_T_SI_BAND 1
| #define SYS_SELECT_WITH_SYS_TIME 1
| #define HAVE_ADDRINFO 1
| #define HAVE_SOCKADDR_STORAGE 1
| #define HAVE_SOCKADDR_ALG 1
| #define HAVE_PROTOTYPES 1
| #define HAVE_STDARG_PROTOTYPES 1
| #define HAVE_SOCKETPAIR 1
| #define HAVE_GETHOSTBYNAME_R 1
| #define HAVE_GETHOSTBYNAME_R 1
| #define HAVE_GETHOSTBYNAME_R_6_ARG 1
| #define DOUBLE_IS_LITTLE_ENDIAN_IEEE754 1
| #define HAVE_ACOSH 1
| #define HAVE_ASINH 1
| #define HAVE_ATANH 1
| #define HAVE_COPYSIGN 1
| #define HAVE_ERF 1
| #define HAVE_ERFC 1
| #define HAVE_EXPM1 1
| #define HAVE_FINITE 1
| #define HAVE_GAMMA 1
| #define HAVE_HYPOT 1
| #define HAVE_LGAMMA 1
| #define HAVE_LOG1P 1
| #define HAVE_LOG2 1
| #define HAVE_ROUND 1
| #define HAVE_TGAMMA 1
| #define HAVE_DECL_ISINF 1
| #define HAVE_DECL_ISNAN 1
| #define HAVE_DECL_ISFINITE 1
| #define POSIX_SEMAPHORES_NOT_ENABLED 1
| #define HAVE_BROKEN_SEM_GETVALUE 1
| #define HAVE_DECL_RTLD_LAZY 1
| #define HAVE_DECL_RTLD_NOW 1
| #define HAVE_DECL_RTLD_GLOBAL 1
| #define HAVE_DECL_RTLD_LOCAL 1
| #define HAVE_DECL_RTLD_NODELETE 1
| #define HAVE_DECL_RTLD_NOLOAD 1
| #define HAVE_DECL_RTLD_DEEPBIND 0
| #define HAVE_DECL_RTLD_MEMBER 0
| #define HAVE_WCHAR_H 1
| #define SIZEOF_WCHAR_T 4
| #define HAVE_USABLE_WCHAR_T 1
| #define HAVE_GETC_UNLOCKED 1
| #define HAVE_LIBREADLINE 1
| #define HAVE_RL_COMPLETION_APPEND_CHARACTER 1
| #define HAVE_RL_COMPLETION_SUPPRESS_APPEND 1
| #define HAVE_RL_PRE_INPUT_HOOK 1
| #define HAVE_RL_COMPLETION_DISPLAY_MATCHES_HOOK 1
| #define HAVE_RL_RESIZE_TERMINAL 1
| #define HAVE_RL_COMPLETION_MATCHES 1
| #define HAVE_RL_CATCH_SIGNAL 1
| #define HAVE_RL_APPEND_HISTORY 1
| /* end confdefs.h.  */
| 
| #include <stdlib.h>
| #include <unistd.h>
| int main()
| {
| 	int val1 = nice(1);
| 	if (val1 != -1 && val1 == nice(2))
| 		exit(0);
| 	exit(1);
| }
| 
configure:15911: result: no
configure:15920: checking for broken poll()
configure:15951: gcc -o conftest -I/data/data/com.termux/files/usr/include  -L/data/data/com.termux/files/usr/lib conftest.c -lcrypt -ldl  -lm >&5
configure:15951: $? = 0
configure:15951: ./conftest
configure:15951: $? = 1
configure: program exited with status 1
configure: failed program was:
| /* confdefs.h */
| #define _GNU_SOURCE 1
| #define _NETBSD_SOURCE 1
| #define __BSD_VISIBLE 1
| #define _DARWIN_C_SOURCE 1
| #define _PYTHONFRAMEWORK ""
| #define _XOPEN_SOURCE 700
| #define _XOPEN_SOURCE_EXTENDED 1
| #define _POSIX_C_SOURCE 200809L
| #define STDC_HEADERS 1
| #define HAVE_SYS_TYPES_H 1
| #define HAVE_SYS_STAT_H 1
| #define HAVE_STDLIB_H 1
| #define HAVE_STRING_H 1
| #define HAVE_MEMORY_H 1
| #define HAVE_STRINGS_H 1
| #define HAVE_INTTYPES_H 1
| #define HAVE_STDINT_H 1
| #define HAVE_UNISTD_H 1
| #define __EXTENSIONS__ 1
| #define _ALL_SOURCE 1
| #define _GNU_SOURCE 1
| #define _POSIX_PTHREAD_SEMANTICS 1
| #define _TANDEM_SOURCE 1
| #define ANDROID_API_LEVEL 24
| #define STDC_HEADERS 1
| #define HAVE_ASM_TYPES_H 1
| #define HAVE_CRYPT_H 1
| #define HAVE_DLFCN_H 1
| #define HAVE_ERRNO_H 1
| #define HAVE_FCNTL_H 1
| #define HAVE_GRP_H 1
| #define HAVE_LANGINFO_H 1
| #define HAVE_LIBINTL_H 1
| #define HAVE_PTHREAD_H 1
| #define HAVE_SCHED_H 1
| #define HAVE_SIGNAL_H 1
| #define HAVE_TERMIOS_H 1
| #define HAVE_UTIME_H 1
| #define HAVE_POLL_H 1
| #define HAVE_SYS_EPOLL_H 1
| #define HAVE_SYS_POLL_H 1
| #define HAVE_SYS_XATTR_H 1
| #define HAVE_SYS_FILE_H 1
| #define HAVE_SYS_IOCTL_H 1
| #define HAVE_SYS_PARAM_H 1
| #define HAVE_SYS_RANDOM_H 1
| #define HAVE_SYS_SELECT_H 1
| #define HAVE_SYS_SENDFILE_H 1
| #define HAVE_SYS_SOCKET_H 1
| #define HAVE_SYS_STATVFS_H 1
| #define HAVE_SYS_STAT_H 1
| #define HAVE_SYS_SYSCALL_H 1
| #define HAVE_SYS_TIME_H 1
| #define HAVE_SYS_TIMES_H 1
| #define HAVE_SYS_TYPES_H 1
| #define HAVE_SYS_UIO_H 1
| #define HAVE_SYS_UN_H 1
| #define HAVE_SYS_UTSNAME_H 1
| #define HAVE_SYS_WAIT_H 1
| #define HAVE_PTY_H 1
| #define HAVE_SYS_RESOURCE_H 1
| #define HAVE_NETPACKET_PACKET_H 1
| #define HAVE_SYSEXITS_H 1
| #define HAVE_LINUX_TIPC_H 1
| #define HAVE_LINUX_RANDOM_H 1
| #define HAVE_SPAWN_H 1
| #define HAVE_ALLOCA_H 1
| #define HAVE_ENDIAN_H 1
| #define HAVE_SYS_ENDIAN_H 1
| #define HAVE_SYS_SYSMACROS_H 1
| #define HAVE_LINUX_MEMFD_H 1
| #define HAVE_LINUX_WAIT_H 1
| #define HAVE_SYS_MMAN_H 1
| #define HAVE_DIRENT_H 1
| #define MAJOR_IN_SYSMACROS 1
| #define HAVE_NET_IF_H 1
| #define HAVE_LINUX_NETLINK_H 1
| #define HAVE_LINUX_QRTR_H 1
| #define HAVE_LINUX_VM_SOCKETS_H 1
| #define HAVE_LINUX_CAN_H 1
| #define HAVE_LINUX_CAN_BCM_H 1
| #define HAVE_LINUX_CAN_J1939_H 1
| #define HAVE_LINUX_CAN_RAW_H 1
| #define HAVE_MAKEDEV 1
| #define HAVE_HTOLE64 1
| #define _LARGEFILE_SOURCE 1
| #define _FILE_OFFSET_BITS 64
| #if defined(SCO_DS)
| #undef _OFF_T
| #endif
| #define RETSIGTYPE void
| #define HAVE_SSIZE_T 1
| #define HAVE_GCC_UINT128_T 1
| #define SIZEOF_INT 4
| #define SIZEOF_LONG 8
| #define SIZEOF_LONG_LONG 8
| #define SIZEOF_VOID_P 8
| #define SIZEOF_SHORT 2
| #define SIZEOF_FLOAT 4
| #define SIZEOF_DOUBLE 8
| #define SIZEOF_FPOS_T 8
| #define SIZEOF_SIZE_T 8
| #define SIZEOF_PID_T 4
| #define SIZEOF_UINTPTR_T 8
| #define HAVE_LONG_DOUBLE 1
| #define SIZEOF_LONG_DOUBLE 16
| #define SIZEOF__BOOL 1
| #define SIZEOF_OFF_T 8
| #define SIZEOF_TIME_T 8
| #define SIZEOF_PTHREAD_T 8
| #define SIZEOF_PTHREAD_KEY_T 4
| #define PTHREAD_KEY_T_IS_COMPATIBLE_WITH_INT 1
| #define HAVE_LIBDL 1
| #define HAVE_UUID_UUID_H 1
| #define HAVE_UUID_GENERATE_TIME_SAFE 1
| #define WITH_DECIMAL_CONTEXTVAR 1
| #define _REENTRANT 1
| #define HAVE_PTHREAD_SIGMASK 1
| #define HAVE_PTHREAD_GETCPUCLOCKID 1
| #define ENABLE_IPV6 1
| #define HAVE_LINUX_CAN_RAW_FD_FRAMES 1
| #define HAVE_LINUX_CAN_RAW_JOIN_FILTERS 1
| #define WITH_DOC_STRINGS 1
| #define WITH_PYMALLOC 1
| #define PY_COERCE_C_LOCALE 1
| #define HAVE_DLOPEN 1
| #define HAVE_DYNAMIC_LOADING 1
| #define HAVE_ALARM 1
| #define HAVE_ACCEPT4 1
| #define HAVE_SETITIMER 1
| #define HAVE_GETITIMER 1
| #define HAVE_CHOWN 1
| #define HAVE_CLOCK 1
| #define HAVE_CTERMID 1
| #define HAVE_DUP3 1
| #define HAVE_EXECV 1
| #define HAVE_FACCESSAT 1
| #define HAVE_FCHMOD 1
| #define HAVE_FCHMODAT 1
| #define HAVE_FCHOWN 1
| #define HAVE_FCHOWNAT 1
| #define HAVE_FEXECVE 1
| #define HAVE_FDOPENDIR 1
| #define HAVE_FORK 1
| #define HAVE_FPATHCONF 1
| #define HAVE_FSTATAT 1
| #define HAVE_FTRUNCATE 1
| #define HAVE_FUTIMESAT 1
| #define HAVE_FUTIMENS 1
| #define HAVE_FUTIMES 1
| #define HAVE_GAI_STRERROR 1
| #define HAVE_GETENTROPY 1
| #define HAVE_GETGRGID_R 1
| #define HAVE_GETGRNAM_R 1
| #define HAVE_GETGROUPLIST 1
| #define HAVE_GETGROUPS 1
| #define HAVE_GETLOGIN 1
| #define HAVE_GETLOADAVG 1
| #define HAVE_GETPEERNAME 1
| #define HAVE_GETPGID 1
| #define HAVE_GETPID 1
| #define HAVE_GETPRIORITY 1
| #define HAVE_GETRESUID 1
| #define HAVE_GETRESGID 1
| #define HAVE_GETPWENT 1
| #define HAVE_GETPWNAM_R 1
| #define HAVE_GETPWUID_R 1
| #define HAVE_GETSID 1
| #define HAVE_IF_NAMEINDEX 1
| #define HAVE_INITGROUPS 1
| #define HAVE_KILL 1
| #define HAVE_KILLPG 1
| #define HAVE_LCHOWN 1
| #define HAVE_LOCKF 1
| #define HAVE_LINKAT 1
| #define HAVE_LSTAT 1
| #define HAVE_LUTIMES 1
| #define HAVE_MMAP 1
| #define HAVE_MEMRCHR 1
| #define HAVE_MBRTOWC 1
| #define HAVE_MKDIRAT 1
| #define HAVE_MKFIFO 1
| #define HAVE_MADVISE 1
| #define HAVE_MKFIFOAT 1
| #define HAVE_MKNOD 1
| #define HAVE_MKNODAT 1
| #define HAVE_MKTIME 1
| #define HAVE_MREMAP 1
| #define HAVE_NICE 1
| #define HAVE_OPENAT 1
| #define HAVE_PATHCONF 1
| #define HAVE_PAUSE 1
| #define HAVE_PIPE2 1
| #define HAVE_POLL 1
| #define HAVE_POSIX_FALLOCATE 1
| #define HAVE_POSIX_FADVISE 1
| #define HAVE_POSIX_SPAWN 1
| #define HAVE_POSIX_SPAWNP 1
| #define HAVE_PREAD 1
| #define HAVE_PREADV 1
| #define HAVE_PREADV2 1
| #define HAVE_PTHREAD_CONDATTR_SETCLOCK 1
| #define HAVE_PTHREAD_KILL 1
| #define HAVE_PWRITE 1
| #define HAVE_PWRITEV 1
| #define HAVE_PWRITEV2 1
| #define HAVE_READLINK 1
| #define HAVE_READLINKAT 1
| #define HAVE_READV 1
| #define HAVE_REALPATH 1
| #define HAVE_RENAMEAT 1
| #define HAVE_SEM_OPEN 1
| #define HAVE_SEM_TIMEDWAIT 1
| #define HAVE_SEM_GETVALUE 1
| #define HAVE_SEM_UNLINK 1
| #define HAVE_SENDFILE 1
| #define HAVE_SETEGID 1
| #define HAVE_SETEUID 1
| #define HAVE_SETGID 1
| #define HAVE_SETHOSTNAME 1
| #define HAVE_SETLOCALE 1
| #define HAVE_SETREGID 1
| #define HAVE_SETREUID 1
| #define HAVE_SETRESUID 1
| #define HAVE_SETRESGID 1
| #define HAVE_SETSID 1
| #define HAVE_SETPGID 1
| #define HAVE_SETPGRP 1
| #define HAVE_SETPRIORITY 1
| #define HAVE_SETUID 1
| #define HAVE_SETVBUF 1
| #define HAVE_SCHED_GET_PRIORITY_MAX 1
| #define HAVE_SCHED_SETAFFINITY 1
| #define HAVE_SCHED_SETSCHEDULER 1
| #define HAVE_SCHED_SETPARAM 1
| #define HAVE_SCHED_RR_GET_INTERVAL 1
| #define HAVE_SIGACTION 1
| #define HAVE_SIGALTSTACK 1
| #define HAVE_SIGFILLSET 1
| #define HAVE_SIGINTERRUPT 1
| #define HAVE_SIGPENDING 1
| #define HAVE_SIGRELSE 1
| #define HAVE_SIGTIMEDWAIT 1
| #define HAVE_SIGWAIT 1
| #define HAVE_SIGWAITINFO 1
| #define HAVE_SNPRINTF 1
| #define HAVE_STRFTIME 1
| #define HAVE_STRLCPY 1
| #define HAVE_STRSIGNAL 1
| #define HAVE_SYMLINKAT 1
| #define HAVE_SYNC 1
| #define HAVE_SYSCONF 1
| #define HAVE_TCGETPGRP 1
| #define HAVE_TCSETPGRP 1
| #define HAVE_TEMPNAM 1
| #define HAVE_TIMEGM 1
| #define HAVE_TIMES 1
| #define HAVE_TMPFILE 1
| #define HAVE_TMPNAM 1
| #define HAVE_TRUNCATE 1
| #define HAVE_UNAME 1
| #define HAVE_UNLINKAT 1
| #define HAVE_UTIMENSAT 1
| #define HAVE_UTIMES 1
| #define HAVE_WAITID 1
| #define HAVE_WAITPID 1
| #define HAVE_WAIT4 1
| #define HAVE_WCSCOLL 1
| #define HAVE_WCSFTIME 1
| #define HAVE_WCSXFRM 1
| #define HAVE_WMEMCMP 1
| #define HAVE_WRITEV 1
| #define HAVE_DIRFD 1
| #define HAVE_CHROOT 1
| #define HAVE_LINK 1
| #define HAVE_SYMLINK 1
| #define HAVE_FCHDIR 1
| #define HAVE_FSYNC 1
| #define HAVE_FDATASYNC 1
| #define HAVE_EPOLL 1
| #define HAVE_EPOLL_CREATE1 1
| #define HAVE_PRLIMIT 1
| #define HAVE_FLOCK 1
| #define HAVE_GETPAGESIZE 1
| #define HAVE_ZLIB_COPY 1
| #define HAVE_HSTRERROR 1
| #define HAVE_INET_ATON 1
| #define HAVE_INET_PTON 1
| #define HAVE_SETGROUPS 1
| #define HAVE_OPENPTY 1
| #define HAVE_FORKPTY 1
| #define HAVE_FSEEKO 1
| #define HAVE_FSTATVFS 1
| #define HAVE_FTELLO 1
| #define HAVE_STATVFS 1
| #define HAVE_DUP2 1
| #define HAVE_STRDUP 1
| #define HAVE_GETPGRP 1
| #define HAVE_SETPGRP 1
| #define HAVE_CLOCK_GETTIME 1
| #define HAVE_CLOCK_GETRES 1
| #define HAVE_CLOCK_SETTIME 1
| #define HAVE_DEVICE_MACROS 1
| #define HAVE_GETADDRINFO 1
| #define HAVE_GETNAMEINFO 1
| #define TIME_WITH_SYS_TIME 1
| #define HAVE_STRUCT_TM_TM_ZONE 1
| #define HAVE_TM_ZONE 1
| #define HAVE_STRUCT_STAT_ST_RDEV 1
| #define HAVE_STRUCT_STAT_ST_BLKSIZE 1
| #define HAVE_STRUCT_STAT_ST_BLOCKS 1
| #define HAVE_STRUCT_PASSWD_PW_GECOS 1
| #define HAVE_STRUCT_PASSWD_PW_PASSWD 1
| #define HAVE_SIGINFO_T_SI_BAND 1
| #define SYS_SELECT_WITH_SYS_TIME 1
| #define HAVE_ADDRINFO 1
| #define HAVE_SOCKADDR_STORAGE 1
| #define HAVE_SOCKADDR_ALG 1
| #define HAVE_PROTOTYPES 1
| #define HAVE_STDARG_PROTOTYPES 1
| #define HAVE_SOCKETPAIR 1
| #define HAVE_GETHOSTBYNAME_R 1
| #define HAVE_GETHOSTBYNAME_R 1
| #define HAVE_GETHOSTBYNAME_R_6_ARG 1
| #define DOUBLE_IS_LITTLE_ENDIAN_IEEE754 1
| #define HAVE_ACOSH 1
| #define HAVE_ASINH 1
| #define HAVE_ATANH 1
| #define HAVE_COPYSIGN 1
| #define HAVE_ERF 1
| #define HAVE_ERFC 1
| #define HAVE_EXPM1 1
| #define HAVE_FINITE 1
| #define HAVE_GAMMA 1
| #define HAVE_HYPOT 1
| #define HAVE_LGAMMA 1
| #define HAVE_LOG1P 1
| #define HAVE_LOG2 1
| #define HAVE_ROUND 1
| #define HAVE_TGAMMA 1
| #define HAVE_DECL_ISINF 1
| #define HAVE_DECL_ISNAN 1
| #define HAVE_DECL_ISFINITE 1
| #define POSIX_SEMAPHORES_NOT_ENABLED 1
| #define HAVE_BROKEN_SEM_GETVALUE 1
| #define HAVE_DECL_RTLD_LAZY 1
| #define HAVE_DECL_RTLD_NOW 1
| #define HAVE_DECL_RTLD_GLOBAL 1
| #define HAVE_DECL_RTLD_LOCAL 1
| #define HAVE_DECL_RTLD_NODELETE 1
| #define HAVE_DECL_RTLD_NOLOAD 1
| #define HAVE_DECL_RTLD_DEEPBIND 0
| #define HAVE_DECL_RTLD_MEMBER 0
| #define HAVE_WCHAR_H 1
| #define SIZEOF_WCHAR_T 4
| #define HAVE_USABLE_WCHAR_T 1
| #define HAVE_GETC_UNLOCKED 1
| #define HAVE_LIBREADLINE 1
| #define HAVE_RL_COMPLETION_APPEND_CHARACTER 1
| #define HAVE_RL_COMPLETION_SUPPRESS_APPEND 1
| #define HAVE_RL_PRE_INPUT_HOOK 1
| #define HAVE_RL_COMPLETION_DISPLAY_MATCHES_HOOK 1
| #define HAVE_RL_RESIZE_TERMINAL 1
| #define HAVE_RL_COMPLETION_MATCHES 1
| #define HAVE_RL_CATCH_SIGNAL 1
| #define HAVE_RL_APPEND_HISTORY 1
| /* end confdefs.h.  */
| 
| #include <poll.h>
| #include <unistd.h>
| 
| int main()
| {
|     struct pollfd poll_struct = { 42, POLLIN|POLLPRI|POLLOUT, 0 };
|     int poll_test;
| 
|     close (42);
| 
|     poll_test = poll(&poll_struct, 1, 0);
|     if (poll_test < 0)
|         return 0;
|     else if (poll_test == 0 && poll_struct.revents != POLLNVAL)
|         return 0;
|     else
|         return 1;
| }
| 
configure:15962: result: no
configure:15972: checking for working tzset()
configure:16048: gcc -o conftest -I/data/data/com.termux/files/usr/include  -L/data/data/com.termux/files/usr/lib conftest.c -lcrypt -ldl  -lm >&5
configure:16048: $? = 0
configure:16048: ./conftest
configure:16048: $? = 0
configure:16059: result: yes
configure:16069: checking for tv_nsec in struct stat
configure:16088: gcc -c -I/data/data/com.termux/files/usr/include  conftest.c >&5
configure:16088: $? = 0
configure:16096: result: yes
configure:16106: checking for tv_nsec2 in struct stat
configure:16125: gcc -c -I/data/data/com.termux/files/usr/include  conftest.c >&5
conftest.c:377:4: error: no member named 'st_mtimespec' in 'struct stat'
  377 | st.st_mtimespec.tv_nsec = 1;
      | ~~ ^
1 error generated.
configure:16125: $? = 1
configure: failed program was:
| /* confdefs.h */
| #define _GNU_SOURCE 1
| #define _NETBSD_SOURCE 1
| #define __BSD_VISIBLE 1
| #define _DARWIN_C_SOURCE 1
| #define _PYTHONFRAMEWORK ""
| #define _XOPEN_SOURCE 700
| #define _XOPEN_SOURCE_EXTENDED 1
| #define _POSIX_C_SOURCE 200809L
| #define STDC_HEADERS 1
| #define HAVE_SYS_TYPES_H 1
| #define HAVE_SYS_STAT_H 1
| #define HAVE_STDLIB_H 1
| #define HAVE_STRING_H 1
| #define HAVE_MEMORY_H 1
| #define HAVE_STRINGS_H 1
| #define HAVE_INTTYPES_H 1
| #define HAVE_STDINT_H 1
| #define HAVE_UNISTD_H 1
| #define __EXTENSIONS__ 1
| #define _ALL_SOURCE 1
| #define _GNU_SOURCE 1
| #define _POSIX_PTHREAD_SEMANTICS 1
| #define _TANDEM_SOURCE 1
| #define ANDROID_API_LEVEL 24
| #define STDC_HEADERS 1
| #define HAVE_ASM_TYPES_H 1
| #define HAVE_CRYPT_H 1
| #define HAVE_DLFCN_H 1
| #define HAVE_ERRNO_H 1
| #define HAVE_FCNTL_H 1
| #define HAVE_GRP_H 1
| #define HAVE_LANGINFO_H 1
| #define HAVE_LIBINTL_H 1
| #define HAVE_PTHREAD_H 1
| #define HAVE_SCHED_H 1
| #define HAVE_SIGNAL_H 1
| #define HAVE_TERMIOS_H 1
| #define HAVE_UTIME_H 1
| #define HAVE_POLL_H 1
| #define HAVE_SYS_EPOLL_H 1
| #define HAVE_SYS_POLL_H 1
| #define HAVE_SYS_XATTR_H 1
| #define HAVE_SYS_FILE_H 1
| #define HAVE_SYS_IOCTL_H 1
| #define HAVE_SYS_PARAM_H 1
| #define HAVE_SYS_RANDOM_H 1
| #define HAVE_SYS_SELECT_H 1
| #define HAVE_SYS_SENDFILE_H 1
| #define HAVE_SYS_SOCKET_H 1
| #define HAVE_SYS_STATVFS_H 1
| #define HAVE_SYS_STAT_H 1
| #define HAVE_SYS_SYSCALL_H 1
| #define HAVE_SYS_TIME_H 1
| #define HAVE_SYS_TIMES_H 1
| #define HAVE_SYS_TYPES_H 1
| #define HAVE_SYS_UIO_H 1
| #define HAVE_SYS_UN_H 1
| #define HAVE_SYS_UTSNAME_H 1
| #define HAVE_SYS_WAIT_H 1
| #define HAVE_PTY_H 1
| #define HAVE_SYS_RESOURCE_H 1
| #define HAVE_NETPACKET_PACKET_H 1
| #define HAVE_SYSEXITS_H 1
| #define HAVE_LINUX_TIPC_H 1
| #define HAVE_LINUX_RANDOM_H 1
| #define HAVE_SPAWN_H 1
| #define HAVE_ALLOCA_H 1
| #define HAVE_ENDIAN_H 1
| #define HAVE_SYS_ENDIAN_H 1
| #define HAVE_SYS_SYSMACROS_H 1
| #define HAVE_LINUX_MEMFD_H 1
| #define HAVE_LINUX_WAIT_H 1
| #define HAVE_SYS_MMAN_H 1
| #define HAVE_DIRENT_H 1
| #define MAJOR_IN_SYSMACROS 1
| #define HAVE_NET_IF_H 1
| #define HAVE_LINUX_NETLINK_H 1
| #define HAVE_LINUX_QRTR_H 1
| #define HAVE_LINUX_VM_SOCKETS_H 1
| #define HAVE_LINUX_CAN_H 1
| #define HAVE_LINUX_CAN_BCM_H 1
| #define HAVE_LINUX_CAN_J1939_H 1
| #define HAVE_LINUX_CAN_RAW_H 1
| #define HAVE_MAKEDEV 1
| #define HAVE_HTOLE64 1
| #define _LARGEFILE_SOURCE 1
| #define _FILE_OFFSET_BITS 64
| #if defined(SCO_DS)
| #undef _OFF_T
| #endif
| #define RETSIGTYPE void
| #define HAVE_SSIZE_T 1
| #define HAVE_GCC_UINT128_T 1
| #define SIZEOF_INT 4
| #define SIZEOF_LONG 8
| #define SIZEOF_LONG_LONG 8
| #define SIZEOF_VOID_P 8
| #define SIZEOF_SHORT 2
| #define SIZEOF_FLOAT 4
| #define SIZEOF_DOUBLE 8
| #define SIZEOF_FPOS_T 8
| #define SIZEOF_SIZE_T 8
| #define SIZEOF_PID_T 4
| #define SIZEOF_UINTPTR_T 8
| #define HAVE_LONG_DOUBLE 1
| #define SIZEOF_LONG_DOUBLE 16
| #define SIZEOF__BOOL 1
| #define SIZEOF_OFF_T 8
| #define SIZEOF_TIME_T 8
| #define SIZEOF_PTHREAD_T 8
| #define SIZEOF_PTHREAD_KEY_T 4
| #define PTHREAD_KEY_T_IS_COMPATIBLE_WITH_INT 1
| #define HAVE_LIBDL 1
| #define HAVE_UUID_UUID_H 1
| #define HAVE_UUID_GENERATE_TIME_SAFE 1
| #define WITH_DECIMAL_CONTEXTVAR 1
| #define _REENTRANT 1
| #define HAVE_PTHREAD_SIGMASK 1
| #define HAVE_PTHREAD_GETCPUCLOCKID 1
| #define ENABLE_IPV6 1
| #define HAVE_LINUX_CAN_RAW_FD_FRAMES 1
| #define HAVE_LINUX_CAN_RAW_JOIN_FILTERS 1
| #define WITH_DOC_STRINGS 1
| #define WITH_PYMALLOC 1
| #define PY_COERCE_C_LOCALE 1
| #define HAVE_DLOPEN 1
| #define HAVE_DYNAMIC_LOADING 1
| #define HAVE_ALARM 1
| #define HAVE_ACCEPT4 1
| #define HAVE_SETITIMER 1
| #define HAVE_GETITIMER 1
| #define HAVE_CHOWN 1
| #define HAVE_CLOCK 1
| #define HAVE_CTERMID 1
| #define HAVE_DUP3 1
| #define HAVE_EXECV 1
| #define HAVE_FACCESSAT 1
| #define HAVE_FCHMOD 1
| #define HAVE_FCHMODAT 1
| #define HAVE_FCHOWN 1
| #define HAVE_FCHOWNAT 1
| #define HAVE_FEXECVE 1
| #define HAVE_FDOPENDIR 1
| #define HAVE_FORK 1
| #define HAVE_FPATHCONF 1
| #define HAVE_FSTATAT 1
| #define HAVE_FTRUNCATE 1
| #define HAVE_FUTIMESAT 1
| #define HAVE_FUTIMENS 1
| #define HAVE_FUTIMES 1
| #define HAVE_GAI_STRERROR 1
| #define HAVE_GETENTROPY 1
| #define HAVE_GETGRGID_R 1
| #define HAVE_GETGRNAM_R 1
| #define HAVE_GETGROUPLIST 1
| #define HAVE_GETGROUPS 1
| #define HAVE_GETLOGIN 1
| #define HAVE_GETLOADAVG 1
| #define HAVE_GETPEERNAME 1
| #define HAVE_GETPGID 1
| #define HAVE_GETPID 1
| #define HAVE_GETPRIORITY 1
| #define HAVE_GETRESUID 1
| #define HAVE_GETRESGID 1
| #define HAVE_GETPWENT 1
| #define HAVE_GETPWNAM_R 1
| #define HAVE_GETPWUID_R 1
| #define HAVE_GETSID 1
| #define HAVE_IF_NAMEINDEX 1
| #define HAVE_INITGROUPS 1
| #define HAVE_KILL 1
| #define HAVE_KILLPG 1
| #define HAVE_LCHOWN 1
| #define HAVE_LOCKF 1
| #define HAVE_LINKAT 1
| #define HAVE_LSTAT 1
| #define HAVE_LUTIMES 1
| #define HAVE_MMAP 1
| #define HAVE_MEMRCHR 1
| #define HAVE_MBRTOWC 1
| #define HAVE_MKDIRAT 1
| #define HAVE_MKFIFO 1
| #define HAVE_MADVISE 1
| #define HAVE_MKFIFOAT 1
| #define HAVE_MKNOD 1
| #define HAVE_MKNODAT 1
| #define HAVE_MKTIME 1
| #define HAVE_MREMAP 1
| #define HAVE_NICE 1
| #define HAVE_OPENAT 1
| #define HAVE_PATHCONF 1
| #define HAVE_PAUSE 1
| #define HAVE_PIPE2 1
| #define HAVE_POLL 1
| #define HAVE_POSIX_FALLOCATE 1
| #define HAVE_POSIX_FADVISE 1
| #define HAVE_POSIX_SPAWN 1
| #define HAVE_POSIX_SPAWNP 1
| #define HAVE_PREAD 1
| #define HAVE_PREADV 1
| #define HAVE_PREADV2 1
| #define HAVE_PTHREAD_CONDATTR_SETCLOCK 1
| #define HAVE_PTHREAD_KILL 1
| #define HAVE_PWRITE 1
| #define HAVE_PWRITEV 1
| #define HAVE_PWRITEV2 1
| #define HAVE_READLINK 1
| #define HAVE_READLINKAT 1
| #define HAVE_READV 1
| #define HAVE_REALPATH 1
| #define HAVE_RENAMEAT 1
| #define HAVE_SEM_OPEN 1
| #define HAVE_SEM_TIMEDWAIT 1
| #define HAVE_SEM_GETVALUE 1
| #define HAVE_SEM_UNLINK 1
| #define HAVE_SENDFILE 1
| #define HAVE_SETEGID 1
| #define HAVE_SETEUID 1
| #define HAVE_SETGID 1
| #define HAVE_SETHOSTNAME 1
| #define HAVE_SETLOCALE 1
| #define HAVE_SETREGID 1
| #define HAVE_SETREUID 1
| #define HAVE_SETRESUID 1
| #define HAVE_SETRESGID 1
| #define HAVE_SETSID 1
| #define HAVE_SETPGID 1
| #define HAVE_SETPGRP 1
| #define HAVE_SETPRIORITY 1
| #define HAVE_SETUID 1
| #define HAVE_SETVBUF 1
| #define HAVE_SCHED_GET_PRIORITY_MAX 1
| #define HAVE_SCHED_SETAFFINITY 1
| #define HAVE_SCHED_SETSCHEDULER 1
| #define HAVE_SCHED_SETPARAM 1
| #define HAVE_SCHED_RR_GET_INTERVAL 1
| #define HAVE_SIGACTION 1
| #define HAVE_SIGALTSTACK 1
| #define HAVE_SIGFILLSET 1
| #define HAVE_SIGINTERRUPT 1
| #define HAVE_SIGPENDING 1
| #define HAVE_SIGRELSE 1
| #define HAVE_SIGTIMEDWAIT 1
| #define HAVE_SIGWAIT 1
| #define HAVE_SIGWAITINFO 1
| #define HAVE_SNPRINTF 1
| #define HAVE_STRFTIME 1
| #define HAVE_STRLCPY 1
| #define HAVE_STRSIGNAL 1
| #define HAVE_SYMLINKAT 1
| #define HAVE_SYNC 1
| #define HAVE_SYSCONF 1
| #define HAVE_TCGETPGRP 1
| #define HAVE_TCSETPGRP 1
| #define HAVE_TEMPNAM 1
| #define HAVE_TIMEGM 1
| #define HAVE_TIMES 1
| #define HAVE_TMPFILE 1
| #define HAVE_TMPNAM 1
| #define HAVE_TRUNCATE 1
| #define HAVE_UNAME 1
| #define HAVE_UNLINKAT 1
| #define HAVE_UTIMENSAT 1
| #define HAVE_UTIMES 1
| #define HAVE_WAITID 1
| #define HAVE_WAITPID 1
| #define HAVE_WAIT4 1
| #define HAVE_WCSCOLL 1
| #define HAVE_WCSFTIME 1
| #define HAVE_WCSXFRM 1
| #define HAVE_WMEMCMP 1
| #define HAVE_WRITEV 1
| #define HAVE_DIRFD 1
| #define HAVE_CHROOT 1
| #define HAVE_LINK 1
| #define HAVE_SYMLINK 1
| #define HAVE_FCHDIR 1
| #define HAVE_FSYNC 1
| #define HAVE_FDATASYNC 1
| #define HAVE_EPOLL 1
| #define HAVE_EPOLL_CREATE1 1
| #define HAVE_PRLIMIT 1
| #define HAVE_FLOCK 1
| #define HAVE_GETPAGESIZE 1
| #define HAVE_ZLIB_COPY 1
| #define HAVE_HSTRERROR 1
| #define HAVE_INET_ATON 1
| #define HAVE_INET_PTON 1
| #define HAVE_SETGROUPS 1
| #define HAVE_OPENPTY 1
| #define HAVE_FORKPTY 1
| #define HAVE_FSEEKO 1
| #define HAVE_FSTATVFS 1
| #define HAVE_FTELLO 1
| #define HAVE_STATVFS 1
| #define HAVE_DUP2 1
| #define HAVE_STRDUP 1
| #define HAVE_GETPGRP 1
| #define HAVE_SETPGRP 1
| #define HAVE_CLOCK_GETTIME 1
| #define HAVE_CLOCK_GETRES 1
| #define HAVE_CLOCK_SETTIME 1
| #define HAVE_DEVICE_MACROS 1
| #define HAVE_GETADDRINFO 1
| #define HAVE_GETNAMEINFO 1
| #define TIME_WITH_SYS_TIME 1
| #define HAVE_STRUCT_TM_TM_ZONE 1
| #define HAVE_TM_ZONE 1
| #define HAVE_STRUCT_STAT_ST_RDEV 1
| #define HAVE_STRUCT_STAT_ST_BLKSIZE 1
| #define HAVE_STRUCT_STAT_ST_BLOCKS 1
| #define HAVE_STRUCT_PASSWD_PW_GECOS 1
| #define HAVE_STRUCT_PASSWD_PW_PASSWD 1
| #define HAVE_SIGINFO_T_SI_BAND 1
| #define SYS_SELECT_WITH_SYS_TIME 1
| #define HAVE_ADDRINFO 1
| #define HAVE_SOCKADDR_STORAGE 1
| #define HAVE_SOCKADDR_ALG 1
| #define HAVE_PROTOTYPES 1
| #define HAVE_STDARG_PROTOTYPES 1
| #define HAVE_SOCKETPAIR 1
| #define HAVE_GETHOSTBYNAME_R 1
| #define HAVE_GETHOSTBYNAME_R 1
| #define HAVE_GETHOSTBYNAME_R_6_ARG 1
| #define DOUBLE_IS_LITTLE_ENDIAN_IEEE754 1
| #define HAVE_ACOSH 1
| #define HAVE_ASINH 1
| #define HAVE_ATANH 1
| #define HAVE_COPYSIGN 1
| #define HAVE_ERF 1
| #define HAVE_ERFC 1
| #define HAVE_EXPM1 1
| #define HAVE_FINITE 1
| #define HAVE_GAMMA 1
| #define HAVE_HYPOT 1
| #define HAVE_LGAMMA 1
| #define HAVE_LOG1P 1
| #define HAVE_LOG2 1
| #define HAVE_ROUND 1
| #define HAVE_TGAMMA 1
| #define HAVE_DECL_ISINF 1
| #define HAVE_DECL_ISNAN 1
| #define HAVE_DECL_ISFINITE 1
| #define POSIX_SEMAPHORES_NOT_ENABLED 1
| #define HAVE_BROKEN_SEM_GETVALUE 1
| #define HAVE_DECL_RTLD_LAZY 1
| #define HAVE_DECL_RTLD_NOW 1
| #define HAVE_DECL_RTLD_GLOBAL 1
| #define HAVE_DECL_RTLD_LOCAL 1
| #define HAVE_DECL_RTLD_NODELETE 1
| #define HAVE_DECL_RTLD_NOLOAD 1
| #define HAVE_DECL_RTLD_DEEPBIND 0
| #define HAVE_DECL_RTLD_MEMBER 0
| #define HAVE_WCHAR_H 1
| #define SIZEOF_WCHAR_T 4
| #define HAVE_USABLE_WCHAR_T 1
| #define HAVE_GETC_UNLOCKED 1
| #define HAVE_LIBREADLINE 1
| #define HAVE_RL_COMPLETION_APPEND_CHARACTER 1
| #define HAVE_RL_COMPLETION_SUPPRESS_APPEND 1
| #define HAVE_RL_PRE_INPUT_HOOK 1
| #define HAVE_RL_COMPLETION_DISPLAY_MATCHES_HOOK 1
| #define HAVE_RL_RESIZE_TERMINAL 1
| #define HAVE_RL_COMPLETION_MATCHES 1
| #define HAVE_RL_CATCH_SIGNAL 1
| #define HAVE_RL_APPEND_HISTORY 1
| #define HAVE_WORKING_TZSET 1
| #define HAVE_STAT_TV_NSEC 1
| /* end confdefs.h.  */
| #include <sys/stat.h>
| int
| main ()
| {
| 
| struct stat st;
| st.st_mtimespec.tv_nsec = 1;
| 
|   ;
|   return 0;
| }
configure:16133: result: no
configure:16151: checking curses.h usability
configure:16151: gcc -c -I/data/data/com.termux/files/usr/include  -I/usr/include/ncursesw conftest.c >&5
configure:16151: $? = 0
configure:16151: result: yes
configure:16151: checking curses.h presence
configure:16151: gcc -E  -I/usr/include/ncursesw conftest.c
configure:16151: $? = 0
configure:16151: result: yes
configure:16151: checking for curses.h
configure:16151: result: yes
configure:16151: checking ncurses.h usability
configure:16151: gcc -c -I/data/data/com.termux/files/usr/include  -I/usr/include/ncursesw conftest.c >&5
configure:16151: $? = 0
configure:16151: result: yes
configure:16151: checking ncurses.h presence
configure:16151: gcc -E  -I/usr/include/ncursesw conftest.c
configure:16151: $? = 0
configure:16151: result: yes
configure:16151: checking for ncurses.h
configure:16151: result: yes
configure:16165: checking for term.h
configure:16165: gcc -c -I/data/data/com.termux/files/usr/include  -I/usr/include/ncursesw conftest.c >&5
configure:16165: $? = 0
configure:16165: result: yes
configure:16182: checking whether mvwdelch is an expression
configure:16201: gcc -c -I/data/data/com.termux/files/usr/include  -I/usr/include/ncursesw conftest.c >&5
configure:16201: $? = 0
configure:16209: result: yes
configure:16223: checking whether WINDOW has _flags
configure:16245: gcc -c -I/data/data/com.termux/files/usr/include  -I/usr/include/ncursesw conftest.c >&5
conftest.c:384:4: error: incomplete definition of type 'WINDOW' (aka 'struct _win_st')
  384 |   w->_flags = 0;
      |   ~^
/data/data/com.termux/files/usr/include/curses.h:456:16: note: forward declaration of 'struct _win_st'
  456 | typedef struct _win_st WINDOW;
      |                ^
1 error generated.
configure:16245: $? = 1
configure: failed program was:
| /* confdefs.h */
| #define _GNU_SOURCE 1
| #define _NETBSD_SOURCE 1
| #define __BSD_VISIBLE 1
| #define _DARWIN_C_SOURCE 1
| #define _PYTHONFRAMEWORK ""
| #define _XOPEN_SOURCE 700
| #define _XOPEN_SOURCE_EXTENDED 1
| #define _POSIX_C_SOURCE 200809L
| #define STDC_HEADERS 1
| #define HAVE_SYS_TYPES_H 1
| #define HAVE_SYS_STAT_H 1
| #define HAVE_STDLIB_H 1
| #define HAVE_STRING_H 1
| #define HAVE_MEMORY_H 1
| #define HAVE_STRINGS_H 1
| #define HAVE_INTTYPES_H 1
| #define HAVE_STDINT_H 1
| #define HAVE_UNISTD_H 1
| #define __EXTENSIONS__ 1
| #define _ALL_SOURCE 1
| #define _GNU_SOURCE 1
| #define _POSIX_PTHREAD_SEMANTICS 1
| #define _TANDEM_SOURCE 1
| #define ANDROID_API_LEVEL 24
| #define STDC_HEADERS 1
| #define HAVE_ASM_TYPES_H 1
| #define HAVE_CRYPT_H 1
| #define HAVE_DLFCN_H 1
| #define HAVE_ERRNO_H 1
| #define HAVE_FCNTL_H 1
| #define HAVE_GRP_H 1
| #define HAVE_LANGINFO_H 1
| #define HAVE_LIBINTL_H 1
| #define HAVE_PTHREAD_H 1
| #define HAVE_SCHED_H 1
| #define HAVE_SIGNAL_H 1
| #define HAVE_TERMIOS_H 1
| #define HAVE_UTIME_H 1
| #define HAVE_POLL_H 1
| #define HAVE_SYS_EPOLL_H 1
| #define HAVE_SYS_POLL_H 1
| #define HAVE_SYS_XATTR_H 1
| #define HAVE_SYS_FILE_H 1
| #define HAVE_SYS_IOCTL_H 1
| #define HAVE_SYS_PARAM_H 1
| #define HAVE_SYS_RANDOM_H 1
| #define HAVE_SYS_SELECT_H 1
| #define HAVE_SYS_SENDFILE_H 1
| #define HAVE_SYS_SOCKET_H 1
| #define HAVE_SYS_STATVFS_H 1
| #define HAVE_SYS_STAT_H 1
| #define HAVE_SYS_SYSCALL_H 1
| #define HAVE_SYS_TIME_H 1
| #define HAVE_SYS_TIMES_H 1
| #define HAVE_SYS_TYPES_H 1
| #define HAVE_SYS_UIO_H 1
| #define HAVE_SYS_UN_H 1
| #define HAVE_SYS_UTSNAME_H 1
| #define HAVE_SYS_WAIT_H 1
| #define HAVE_PTY_H 1
| #define HAVE_SYS_RESOURCE_H 1
| #define HAVE_NETPACKET_PACKET_H 1
| #define HAVE_SYSEXITS_H 1
| #define HAVE_LINUX_TIPC_H 1
| #define HAVE_LINUX_RANDOM_H 1
| #define HAVE_SPAWN_H 1
| #define HAVE_ALLOCA_H 1
| #define HAVE_ENDIAN_H 1
| #define HAVE_SYS_ENDIAN_H 1
| #define HAVE_SYS_SYSMACROS_H 1
| #define HAVE_LINUX_MEMFD_H 1
| #define HAVE_LINUX_WAIT_H 1
| #define HAVE_SYS_MMAN_H 1
| #define HAVE_DIRENT_H 1
| #define MAJOR_IN_SYSMACROS 1
| #define HAVE_NET_IF_H 1
| #define HAVE_LINUX_NETLINK_H 1
| #define HAVE_LINUX_QRTR_H 1
| #define HAVE_LINUX_VM_SOCKETS_H 1
| #define HAVE_LINUX_CAN_H 1
| #define HAVE_LINUX_CAN_BCM_H 1
| #define HAVE_LINUX_CAN_J1939_H 1
| #define HAVE_LINUX_CAN_RAW_H 1
| #define HAVE_MAKEDEV 1
| #define HAVE_HTOLE64 1
| #define _LARGEFILE_SOURCE 1
| #define _FILE_OFFSET_BITS 64
| #if defined(SCO_DS)
| #undef _OFF_T
| #endif
| #define RETSIGTYPE void
| #define HAVE_SSIZE_T 1
| #define HAVE_GCC_UINT128_T 1
| #define SIZEOF_INT 4
| #define SIZEOF_LONG 8
| #define SIZEOF_LONG_LONG 8
| #define SIZEOF_VOID_P 8
| #define SIZEOF_SHORT 2
| #define SIZEOF_FLOAT 4
| #define SIZEOF_DOUBLE 8
| #define SIZEOF_FPOS_T 8
| #define SIZEOF_SIZE_T 8
| #define SIZEOF_PID_T 4
| #define SIZEOF_UINTPTR_T 8
| #define HAVE_LONG_DOUBLE 1
| #define SIZEOF_LONG_DOUBLE 16
| #define SIZEOF__BOOL 1
| #define SIZEOF_OFF_T 8
| #define SIZEOF_TIME_T 8
| #define SIZEOF_PTHREAD_T 8
| #define SIZEOF_PTHREAD_KEY_T 4
| #define PTHREAD_KEY_T_IS_COMPATIBLE_WITH_INT 1
| #define HAVE_LIBDL 1
| #define HAVE_UUID_UUID_H 1
| #define HAVE_UUID_GENERATE_TIME_SAFE 1
| #define WITH_DECIMAL_CONTEXTVAR 1
| #define _REENTRANT 1
| #define HAVE_PTHREAD_SIGMASK 1
| #define HAVE_PTHREAD_GETCPUCLOCKID 1
| #define ENABLE_IPV6 1
| #define HAVE_LINUX_CAN_RAW_FD_FRAMES 1
| #define HAVE_LINUX_CAN_RAW_JOIN_FILTERS 1
| #define WITH_DOC_STRINGS 1
| #define WITH_PYMALLOC 1
| #define PY_COERCE_C_LOCALE 1
| #define HAVE_DLOPEN 1
| #define HAVE_DYNAMIC_LOADING 1
| #define HAVE_ALARM 1
| #define HAVE_ACCEPT4 1
| #define HAVE_SETITIMER 1
| #define HAVE_GETITIMER 1
| #define HAVE_CHOWN 1
| #define HAVE_CLOCK 1
| #define HAVE_CTERMID 1
| #define HAVE_DUP3 1
| #define HAVE_EXECV 1
| #define HAVE_FACCESSAT 1
| #define HAVE_FCHMOD 1
| #define HAVE_FCHMODAT 1
| #define HAVE_FCHOWN 1
| #define HAVE_FCHOWNAT 1
| #define HAVE_FEXECVE 1
| #define HAVE_FDOPENDIR 1
| #define HAVE_FORK 1
| #define HAVE_FPATHCONF 1
| #define HAVE_FSTATAT 1
| #define HAVE_FTRUNCATE 1
| #define HAVE_FUTIMESAT 1
| #define HAVE_FUTIMENS 1
| #define HAVE_FUTIMES 1
| #define HAVE_GAI_STRERROR 1
| #define HAVE_GETENTROPY 1
| #define HAVE_GETGRGID_R 1
| #define HAVE_GETGRNAM_R 1
| #define HAVE_GETGROUPLIST 1
| #define HAVE_GETGROUPS 1
| #define HAVE_GETLOGIN 1
| #define HAVE_GETLOADAVG 1
| #define HAVE_GETPEERNAME 1
| #define HAVE_GETPGID 1
| #define HAVE_GETPID 1
| #define HAVE_GETPRIORITY 1
| #define HAVE_GETRESUID 1
| #define HAVE_GETRESGID 1
| #define HAVE_GETPWENT 1
| #define HAVE_GETPWNAM_R 1
| #define HAVE_GETPWUID_R 1
| #define HAVE_GETSID 1
| #define HAVE_IF_NAMEINDEX 1
| #define HAVE_INITGROUPS 1
| #define HAVE_KILL 1
| #define HAVE_KILLPG 1
| #define HAVE_LCHOWN 1
| #define HAVE_LOCKF 1
| #define HAVE_LINKAT 1
| #define HAVE_LSTAT 1
| #define HAVE_LUTIMES 1
| #define HAVE_MMAP 1
| #define HAVE_MEMRCHR 1
| #define HAVE_MBRTOWC 1
| #define HAVE_MKDIRAT 1
| #define HAVE_MKFIFO 1
| #define HAVE_MADVISE 1
| #define HAVE_MKFIFOAT 1
| #define HAVE_MKNOD 1
| #define HAVE_MKNODAT 1
| #define HAVE_MKTIME 1
| #define HAVE_MREMAP 1
| #define HAVE_NICE 1
| #define HAVE_OPENAT 1
| #define HAVE_PATHCONF 1
| #define HAVE_PAUSE 1
| #define HAVE_PIPE2 1
| #define HAVE_POLL 1
| #define HAVE_POSIX_FALLOCATE 1
| #define HAVE_POSIX_FADVISE 1
| #define HAVE_POSIX_SPAWN 1
| #define HAVE_POSIX_SPAWNP 1
| #define HAVE_PREAD 1
| #define HAVE_PREADV 1
| #define HAVE_PREADV2 1
| #define HAVE_PTHREAD_CONDATTR_SETCLOCK 1
| #define HAVE_PTHREAD_KILL 1
| #define HAVE_PWRITE 1
| #define HAVE_PWRITEV 1
| #define HAVE_PWRITEV2 1
| #define HAVE_READLINK 1
| #define HAVE_READLINKAT 1
| #define HAVE_READV 1
| #define HAVE_REALPATH 1
| #define HAVE_RENAMEAT 1
| #define HAVE_SEM_OPEN 1
| #define HAVE_SEM_TIMEDWAIT 1
| #define HAVE_SEM_GETVALUE 1
| #define HAVE_SEM_UNLINK 1
| #define HAVE_SENDFILE 1
| #define HAVE_SETEGID 1
| #define HAVE_SETEUID 1
| #define HAVE_SETGID 1
| #define HAVE_SETHOSTNAME 1
| #define HAVE_SETLOCALE 1
| #define HAVE_SETREGID 1
| #define HAVE_SETREUID 1
| #define HAVE_SETRESUID 1
| #define HAVE_SETRESGID 1
| #define HAVE_SETSID 1
| #define HAVE_SETPGID 1
| #define HAVE_SETPGRP 1
| #define HAVE_SETPRIORITY 1
| #define HAVE_SETUID 1
| #define HAVE_SETVBUF 1
| #define HAVE_SCHED_GET_PRIORITY_MAX 1
| #define HAVE_SCHED_SETAFFINITY 1
| #define HAVE_SCHED_SETSCHEDULER 1
| #define HAVE_SCHED_SETPARAM 1
| #define HAVE_SCHED_RR_GET_INTERVAL 1
| #define HAVE_SIGACTION 1
| #define HAVE_SIGALTSTACK 1
| #define HAVE_SIGFILLSET 1
| #define HAVE_SIGINTERRUPT 1
| #define HAVE_SIGPENDING 1
| #define HAVE_SIGRELSE 1
| #define HAVE_SIGTIMEDWAIT 1
| #define HAVE_SIGWAIT 1
| #define HAVE_SIGWAITINFO 1
| #define HAVE_SNPRINTF 1
| #define HAVE_STRFTIME 1
| #define HAVE_STRLCPY 1
| #define HAVE_STRSIGNAL 1
| #define HAVE_SYMLINKAT 1
| #define HAVE_SYNC 1
| #define HAVE_SYSCONF 1
| #define HAVE_TCGETPGRP 1
| #define HAVE_TCSETPGRP 1
| #define HAVE_TEMPNAM 1
| #define HAVE_TIMEGM 1
| #define HAVE_TIMES 1
| #define HAVE_TMPFILE 1
| #define HAVE_TMPNAM 1
| #define HAVE_TRUNCATE 1
| #define HAVE_UNAME 1
| #define HAVE_UNLINKAT 1
| #define HAVE_UTIMENSAT 1
| #define HAVE_UTIMES 1
| #define HAVE_WAITID 1
| #define HAVE_WAITPID 1
| #define HAVE_WAIT4 1
| #define HAVE_WCSCOLL 1
| #define HAVE_WCSFTIME 1
| #define HAVE_WCSXFRM 1
| #define HAVE_WMEMCMP 1
| #define HAVE_WRITEV 1
| #define HAVE_DIRFD 1
| #define HAVE_CHROOT 1
| #define HAVE_LINK 1
| #define HAVE_SYMLINK 1
| #define HAVE_FCHDIR 1
| #define HAVE_FSYNC 1
| #define HAVE_FDATASYNC 1
| #define HAVE_EPOLL 1
| #define HAVE_EPOLL_CREATE1 1
| #define HAVE_PRLIMIT 1
| #define HAVE_FLOCK 1
| #define HAVE_GETPAGESIZE 1
| #define HAVE_ZLIB_COPY 1
| #define HAVE_HSTRERROR 1
| #define HAVE_INET_ATON 1
| #define HAVE_INET_PTON 1
| #define HAVE_SETGROUPS 1
| #define HAVE_OPENPTY 1
| #define HAVE_FORKPTY 1
| #define HAVE_FSEEKO 1
| #define HAVE_FSTATVFS 1
| #define HAVE_FTELLO 1
| #define HAVE_STATVFS 1
| #define HAVE_DUP2 1
| #define HAVE_STRDUP 1
| #define HAVE_GETPGRP 1
| #define HAVE_SETPGRP 1
| #define HAVE_CLOCK_GETTIME 1
| #define HAVE_CLOCK_GETRES 1
| #define HAVE_CLOCK_SETTIME 1
| #define HAVE_DEVICE_MACROS 1
| #define HAVE_GETADDRINFO 1
| #define HAVE_GETNAMEINFO 1
| #define TIME_WITH_SYS_TIME 1
| #define HAVE_STRUCT_TM_TM_ZONE 1
| #define HAVE_TM_ZONE 1
| #define HAVE_STRUCT_STAT_ST_RDEV 1
| #define HAVE_STRUCT_STAT_ST_BLKSIZE 1
| #define HAVE_STRUCT_STAT_ST_BLOCKS 1
| #define HAVE_STRUCT_PASSWD_PW_GECOS 1
| #define HAVE_STRUCT_PASSWD_PW_PASSWD 1
| #define HAVE_SIGINFO_T_SI_BAND 1
| #define SYS_SELECT_WITH_SYS_TIME 1
| #define HAVE_ADDRINFO 1
| #define HAVE_SOCKADDR_STORAGE 1
| #define HAVE_SOCKADDR_ALG 1
| #define HAVE_PROTOTYPES 1
| #define HAVE_STDARG_PROTOTYPES 1
| #define HAVE_SOCKETPAIR 1
| #define HAVE_GETHOSTBYNAME_R 1
| #define HAVE_GETHOSTBYNAME_R 1
| #define HAVE_GETHOSTBYNAME_R_6_ARG 1
| #define DOUBLE_IS_LITTLE_ENDIAN_IEEE754 1
| #define HAVE_ACOSH 1
| #define HAVE_ASINH 1
| #define HAVE_ATANH 1
| #define HAVE_COPYSIGN 1
| #define HAVE_ERF 1
| #define HAVE_ERFC 1
| #define HAVE_EXPM1 1
| #define HAVE_FINITE 1
| #define HAVE_GAMMA 1
| #define HAVE_HYPOT 1
| #define HAVE_LGAMMA 1
| #define HAVE_LOG1P 1
| #define HAVE_LOG2 1
| #define HAVE_ROUND 1
| #define HAVE_TGAMMA 1
| #define HAVE_DECL_ISINF 1
| #define HAVE_DECL_ISNAN 1
| #define HAVE_DECL_ISFINITE 1
| #define POSIX_SEMAPHORES_NOT_ENABLED 1
| #define HAVE_BROKEN_SEM_GETVALUE 1
| #define HAVE_DECL_RTLD_LAZY 1
| #define HAVE_DECL_RTLD_NOW 1
| #define HAVE_DECL_RTLD_GLOBAL 1
| #define HAVE_DECL_RTLD_LOCAL 1
| #define HAVE_DECL_RTLD_NODELETE 1
| #define HAVE_DECL_RTLD_NOLOAD 1
| #define HAVE_DECL_RTLD_DEEPBIND 0
| #define HAVE_DECL_RTLD_MEMBER 0
| #define HAVE_WCHAR_H 1
| #define SIZEOF_WCHAR_T 4
| #define HAVE_USABLE_WCHAR_T 1
| #define HAVE_GETC_UNLOCKED 1
| #define HAVE_LIBREADLINE 1
| #define HAVE_RL_COMPLETION_APPEND_CHARACTER 1
| #define HAVE_RL_COMPLETION_SUPPRESS_APPEND 1
| #define HAVE_RL_PRE_INPUT_HOOK 1
| #define HAVE_RL_COMPLETION_DISPLAY_MATCHES_HOOK 1
| #define HAVE_RL_RESIZE_TERMINAL 1
| #define HAVE_RL_COMPLETION_MATCHES 1
| #define HAVE_RL_CATCH_SIGNAL 1
| #define HAVE_RL_APPEND_HISTORY 1
| #define HAVE_WORKING_TZSET 1
| #define HAVE_STAT_TV_NSEC 1
| #define HAVE_CURSES_H 1
| #define HAVE_NCURSES_H 1
| #define HAVE_TERM_H 1
| #define MVWDELCH_IS_EXPRESSION 1
| /* end confdefs.h.  */
| 
|   #define NCURSES_OPAQUE 0
|   #include <curses.h>
| 
| int
| main ()
| {
| 
|   WINDOW *w;
|   w->_flags = 0;
| 
|   ;
|   return 0;
| }
configure:16253: result: no
configure:16264: checking for is_pad
configure:16281: gcc -c -I/data/data/com.termux/files/usr/include  -I/usr/include/ncursesw conftest.c >&5
configure:16281: $? = 0
configure:16285: result: yes
configure:16294: checking for is_term_resized
configure:16307: gcc -c -I/data/data/com.termux/files/usr/include  -I/usr/include/ncursesw conftest.c >&5
configure:16307: $? = 0
configure:16311: result: yes
configure:16320: checking for resize_term
configure:16333: gcc -c -I/data/data/com.termux/files/usr/include  -I/usr/include/ncursesw conftest.c >&5
configure:16333: $? = 0
configure:16337: result: yes
configure:16346: checking for resizeterm
configure:16359: gcc -c -I/data/data/com.termux/files/usr/include  -I/usr/include/ncursesw conftest.c >&5
configure:16359: $? = 0
configure:16363: result: yes
configure:16372: checking for immedok
configure:16389: gcc -c -I/data/data/com.termux/files/usr/include  -I/usr/include/ncursesw conftest.c >&5
configure:16389: $? = 0
configure:16393: result: yes
configure:16402: checking for syncok
configure:16419: gcc -c -I/data/data/com.termux/files/usr/include  -I/usr/include/ncursesw conftest.c >&5
configure:16419: $? = 0
configure:16423: result: yes
configure:16432: checking for wchgat
configure:16449: gcc -c -I/data/data/com.termux/files/usr/include  -I/usr/include/ncursesw conftest.c >&5
configure:16449: $? = 0
configure:16453: result: yes
configure:16462: checking for filter
configure:16479: gcc -c -I/data/data/com.termux/files/usr/include  -I/usr/include/ncursesw conftest.c >&5
configure:16479: $? = 0
configure:16483: result: yes
configure:16492: checking for has_key
configure:16509: gcc -c -I/data/data/com.termux/files/usr/include  -I/usr/include/ncursesw conftest.c >&5
configure:16509: $? = 0
configure:16513: result: yes
configure:16522: checking for typeahead
configure:16539: gcc -c -I/data/data/com.termux/files/usr/include  -I/usr/include/ncursesw conftest.c >&5
configure:16539: $? = 0
configure:16543: result: yes
configure:16552: checking for use_env
configure:16569: gcc -c -I/data/data/com.termux/files/usr/include  -I/usr/include/ncursesw conftest.c >&5
configure:16569: $? = 0
configure:16573: result: yes
configure:16584: checking for device files
configure:16604: checking for /dev/ptmx
configure:16617: result: yes
configure:16628: checking for /dev/ptc
configure:16641: result: no
configure:16658: checking for %zd printf() format support
configure:16706: gcc -o conftest -I/data/data/com.termux/files/usr/include  -L/data/data/com.termux/files/usr/lib conftest.c -lcrypt -ldl  -lm >&5
configure:16706: $? = 0
configure:16706: ./conftest
configure:16706: $? = 0
configure:16716: result: yes
configure:16724: checking for socklen_t
configure:16724: gcc -c -I/data/data/com.termux/files/usr/include  conftest.c >&5
configure:16724: $? = 0
configure:16724: gcc -c -I/data/data/com.termux/files/usr/include  conftest.c >&5
conftest.c:400:24: error: expected expression
  400 | if (sizeof ((socklen_t)))
      |                        ^
1 error generated.
configure:16724: $? = 1
configure: failed program was:
| /* confdefs.h */
| #define _GNU_SOURCE 1
| #define _NETBSD_SOURCE 1
| #define __BSD_VISIBLE 1
| #define _DARWIN_C_SOURCE 1
| #define _PYTHONFRAMEWORK ""
| #define _XOPEN_SOURCE 700
| #define _XOPEN_SOURCE_EXTENDED 1
| #define _POSIX_C_SOURCE 200809L
| #define STDC_HEADERS 1
| #define HAVE_SYS_TYPES_H 1
| #define HAVE_SYS_STAT_H 1
| #define HAVE_STDLIB_H 1
| #define HAVE_STRING_H 1
| #define HAVE_MEMORY_H 1
| #define HAVE_STRINGS_H 1
| #define HAVE_INTTYPES_H 1
| #define HAVE_STDINT_H 1
| #define HAVE_UNISTD_H 1
| #define __EXTENSIONS__ 1
| #define _ALL_SOURCE 1
| #define _GNU_SOURCE 1
| #define _POSIX_PTHREAD_SEMANTICS 1
| #define _TANDEM_SOURCE 1
| #define ANDROID_API_LEVEL 24
| #define STDC_HEADERS 1
| #define HAVE_ASM_TYPES_H 1
| #define HAVE_CRYPT_H 1
| #define HAVE_DLFCN_H 1
| #define HAVE_ERRNO_H 1
| #define HAVE_FCNTL_H 1
| #define HAVE_GRP_H 1
| #define HAVE_LANGINFO_H 1
| #define HAVE_LIBINTL_H 1
| #define HAVE_PTHREAD_H 1
| #define HAVE_SCHED_H 1
| #define HAVE_SIGNAL_H 1
| #define HAVE_TERMIOS_H 1
| #define HAVE_UTIME_H 1
| #define HAVE_POLL_H 1
| #define HAVE_SYS_EPOLL_H 1
| #define HAVE_SYS_POLL_H 1
| #define HAVE_SYS_XATTR_H 1
| #define HAVE_SYS_FILE_H 1
| #define HAVE_SYS_IOCTL_H 1
| #define HAVE_SYS_PARAM_H 1
| #define HAVE_SYS_RANDOM_H 1
| #define HAVE_SYS_SELECT_H 1
| #define HAVE_SYS_SENDFILE_H 1
| #define HAVE_SYS_SOCKET_H 1
| #define HAVE_SYS_STATVFS_H 1
| #define HAVE_SYS_STAT_H 1
| #define HAVE_SYS_SYSCALL_H 1
| #define HAVE_SYS_TIME_H 1
| #define HAVE_SYS_TIMES_H 1
| #define HAVE_SYS_TYPES_H 1
| #define HAVE_SYS_UIO_H 1
| #define HAVE_SYS_UN_H 1
| #define HAVE_SYS_UTSNAME_H 1
| #define HAVE_SYS_WAIT_H 1
| #define HAVE_PTY_H 1
| #define HAVE_SYS_RESOURCE_H 1
| #define HAVE_NETPACKET_PACKET_H 1
| #define HAVE_SYSEXITS_H 1
| #define HAVE_LINUX_TIPC_H 1
| #define HAVE_LINUX_RANDOM_H 1
| #define HAVE_SPAWN_H 1
| #define HAVE_ALLOCA_H 1
| #define HAVE_ENDIAN_H 1
| #define HAVE_SYS_ENDIAN_H 1
| #define HAVE_SYS_SYSMACROS_H 1
| #define HAVE_LINUX_MEMFD_H 1
| #define HAVE_LINUX_WAIT_H 1
| #define HAVE_SYS_MMAN_H 1
| #define HAVE_DIRENT_H 1
| #define MAJOR_IN_SYSMACROS 1
| #define HAVE_NET_IF_H 1
| #define HAVE_LINUX_NETLINK_H 1
| #define HAVE_LINUX_QRTR_H 1
| #define HAVE_LINUX_VM_SOCKETS_H 1
| #define HAVE_LINUX_CAN_H 1
| #define HAVE_LINUX_CAN_BCM_H 1
| #define HAVE_LINUX_CAN_J1939_H 1
| #define HAVE_LINUX_CAN_RAW_H 1
| #define HAVE_MAKEDEV 1
| #define HAVE_HTOLE64 1
| #define _LARGEFILE_SOURCE 1
| #define _FILE_OFFSET_BITS 64
| #if defined(SCO_DS)
| #undef _OFF_T
| #endif
| #define RETSIGTYPE void
| #define HAVE_SSIZE_T 1
| #define HAVE_GCC_UINT128_T 1
| #define SIZEOF_INT 4
| #define SIZEOF_LONG 8
| #define SIZEOF_LONG_LONG 8
| #define SIZEOF_VOID_P 8
| #define SIZEOF_SHORT 2
| #define SIZEOF_FLOAT 4
| #define SIZEOF_DOUBLE 8
| #define SIZEOF_FPOS_T 8
| #define SIZEOF_SIZE_T 8
| #define SIZEOF_PID_T 4
| #define SIZEOF_UINTPTR_T 8
| #define HAVE_LONG_DOUBLE 1
| #define SIZEOF_LONG_DOUBLE 16
| #define SIZEOF__BOOL 1
| #define SIZEOF_OFF_T 8
| #define SIZEOF_TIME_T 8
| #define SIZEOF_PTHREAD_T 8
| #define SIZEOF_PTHREAD_KEY_T 4
| #define PTHREAD_KEY_T_IS_COMPATIBLE_WITH_INT 1
| #define HAVE_LIBDL 1
| #define HAVE_UUID_UUID_H 1
| #define HAVE_UUID_GENERATE_TIME_SAFE 1
| #define WITH_DECIMAL_CONTEXTVAR 1
| #define _REENTRANT 1
| #define HAVE_PTHREAD_SIGMASK 1
| #define HAVE_PTHREAD_GETCPUCLOCKID 1
| #define ENABLE_IPV6 1
| #define HAVE_LINUX_CAN_RAW_FD_FRAMES 1
| #define HAVE_LINUX_CAN_RAW_JOIN_FILTERS 1
| #define WITH_DOC_STRINGS 1
| #define WITH_PYMALLOC 1
| #define PY_COERCE_C_LOCALE 1
| #define HAVE_DLOPEN 1
| #define HAVE_DYNAMIC_LOADING 1
| #define HAVE_ALARM 1
| #define HAVE_ACCEPT4 1
| #define HAVE_SETITIMER 1
| #define HAVE_GETITIMER 1
| #define HAVE_CHOWN 1
| #define HAVE_CLOCK 1
| #define HAVE_CTERMID 1
| #define HAVE_DUP3 1
| #define HAVE_EXECV 1
| #define HAVE_FACCESSAT 1
| #define HAVE_FCHMOD 1
| #define HAVE_FCHMODAT 1
| #define HAVE_FCHOWN 1
| #define HAVE_FCHOWNAT 1
| #define HAVE_FEXECVE 1
| #define HAVE_FDOPENDIR 1
| #define HAVE_FORK 1
| #define HAVE_FPATHCONF 1
| #define HAVE_FSTATAT 1
| #define HAVE_FTRUNCATE 1
| #define HAVE_FUTIMESAT 1
| #define HAVE_FUTIMENS 1
| #define HAVE_FUTIMES 1
| #define HAVE_GAI_STRERROR 1
| #define HAVE_GETENTROPY 1
| #define HAVE_GETGRGID_R 1
| #define HAVE_GETGRNAM_R 1
| #define HAVE_GETGROUPLIST 1
| #define HAVE_GETGROUPS 1
| #define HAVE_GETLOGIN 1
| #define HAVE_GETLOADAVG 1
| #define HAVE_GETPEERNAME 1
| #define HAVE_GETPGID 1
| #define HAVE_GETPID 1
| #define HAVE_GETPRIORITY 1
| #define HAVE_GETRESUID 1
| #define HAVE_GETRESGID 1
| #define HAVE_GETPWENT 1
| #define HAVE_GETPWNAM_R 1
| #define HAVE_GETPWUID_R 1
| #define HAVE_GETSID 1
| #define HAVE_IF_NAMEINDEX 1
| #define HAVE_INITGROUPS 1
| #define HAVE_KILL 1
| #define HAVE_KILLPG 1
| #define HAVE_LCHOWN 1
| #define HAVE_LOCKF 1
| #define HAVE_LINKAT 1
| #define HAVE_LSTAT 1
| #define HAVE_LUTIMES 1
| #define HAVE_MMAP 1
| #define HAVE_MEMRCHR 1
| #define HAVE_MBRTOWC 1
| #define HAVE_MKDIRAT 1
| #define HAVE_MKFIFO 1
| #define HAVE_MADVISE 1
| #define HAVE_MKFIFOAT 1
| #define HAVE_MKNOD 1
| #define HAVE_MKNODAT 1
| #define HAVE_MKTIME 1
| #define HAVE_MREMAP 1
| #define HAVE_NICE 1
| #define HAVE_OPENAT 1
| #define HAVE_PATHCONF 1
| #define HAVE_PAUSE 1
| #define HAVE_PIPE2 1
| #define HAVE_POLL 1
| #define HAVE_POSIX_FALLOCATE 1
| #define HAVE_POSIX_FADVISE 1
| #define HAVE_POSIX_SPAWN 1
| #define HAVE_POSIX_SPAWNP 1
| #define HAVE_PREAD 1
| #define HAVE_PREADV 1
| #define HAVE_PREADV2 1
| #define HAVE_PTHREAD_CONDATTR_SETCLOCK 1
| #define HAVE_PTHREAD_KILL 1
| #define HAVE_PWRITE 1
| #define HAVE_PWRITEV 1
| #define HAVE_PWRITEV2 1
| #define HAVE_READLINK 1
| #define HAVE_READLINKAT 1
| #define HAVE_READV 1
| #define HAVE_REALPATH 1
| #define HAVE_RENAMEAT 1
| #define HAVE_SEM_OPEN 1
| #define HAVE_SEM_TIMEDWAIT 1
| #define HAVE_SEM_GETVALUE 1
| #define HAVE_SEM_UNLINK 1
| #define HAVE_SENDFILE 1
| #define HAVE_SETEGID 1
| #define HAVE_SETEUID 1
| #define HAVE_SETGID 1
| #define HAVE_SETHOSTNAME 1
| #define HAVE_SETLOCALE 1
| #define HAVE_SETREGID 1
| #define HAVE_SETREUID 1
| #define HAVE_SETRESUID 1
| #define HAVE_SETRESGID 1
| #define HAVE_SETSID 1
| #define HAVE_SETPGID 1
| #define HAVE_SETPGRP 1
| #define HAVE_SETPRIORITY 1
| #define HAVE_SETUID 1
| #define HAVE_SETVBUF 1
| #define HAVE_SCHED_GET_PRIORITY_MAX 1
| #define HAVE_SCHED_SETAFFINITY 1
| #define HAVE_SCHED_SETSCHEDULER 1
| #define HAVE_SCHED_SETPARAM 1
| #define HAVE_SCHED_RR_GET_INTERVAL 1
| #define HAVE_SIGACTION 1
| #define HAVE_SIGALTSTACK 1
| #define HAVE_SIGFILLSET 1
| #define HAVE_SIGINTERRUPT 1
| #define HAVE_SIGPENDING 1
| #define HAVE_SIGRELSE 1
| #define HAVE_SIGTIMEDWAIT 1
| #define HAVE_SIGWAIT 1
| #define HAVE_SIGWAITINFO 1
| #define HAVE_SNPRINTF 1
| #define HAVE_STRFTIME 1
| #define HAVE_STRLCPY 1
| #define HAVE_STRSIGNAL 1
| #define HAVE_SYMLINKAT 1
| #define HAVE_SYNC 1
| #define HAVE_SYSCONF 1
| #define HAVE_TCGETPGRP 1
| #define HAVE_TCSETPGRP 1
| #define HAVE_TEMPNAM 1
| #define HAVE_TIMEGM 1
| #define HAVE_TIMES 1
| #define HAVE_TMPFILE 1
| #define HAVE_TMPNAM 1
| #define HAVE_TRUNCATE 1
| #define HAVE_UNAME 1
| #define HAVE_UNLINKAT 1
| #define HAVE_UTIMENSAT 1
| #define HAVE_UTIMES 1
| #define HAVE_WAITID 1
| #define HAVE_WAITPID 1
| #define HAVE_WAIT4 1
| #define HAVE_WCSCOLL 1
| #define HAVE_WCSFTIME 1
| #define HAVE_WCSXFRM 1
| #define HAVE_WMEMCMP 1
| #define HAVE_WRITEV 1
| #define HAVE_DIRFD 1
| #define HAVE_CHROOT 1
| #define HAVE_LINK 1
| #define HAVE_SYMLINK 1
| #define HAVE_FCHDIR 1
| #define HAVE_FSYNC 1
| #define HAVE_FDATASYNC 1
| #define HAVE_EPOLL 1
| #define HAVE_EPOLL_CREATE1 1
| #define HAVE_PRLIMIT 1
| #define HAVE_FLOCK 1
| #define HAVE_GETPAGESIZE 1
| #define HAVE_ZLIB_COPY 1
| #define HAVE_HSTRERROR 1
| #define HAVE_INET_ATON 1
| #define HAVE_INET_PTON 1
| #define HAVE_SETGROUPS 1
| #define HAVE_OPENPTY 1
| #define HAVE_FORKPTY 1
| #define HAVE_FSEEKO 1
| #define HAVE_FSTATVFS 1
| #define HAVE_FTELLO 1
| #define HAVE_STATVFS 1
| #define HAVE_DUP2 1
| #define HAVE_STRDUP 1
| #define HAVE_GETPGRP 1
| #define HAVE_SETPGRP 1
| #define HAVE_CLOCK_GETTIME 1
| #define HAVE_CLOCK_GETRES 1
| #define HAVE_CLOCK_SETTIME 1
| #define HAVE_DEVICE_MACROS 1
| #define HAVE_GETADDRINFO 1
| #define HAVE_GETNAMEINFO 1
| #define TIME_WITH_SYS_TIME 1
| #define HAVE_STRUCT_TM_TM_ZONE 1
| #define HAVE_TM_ZONE 1
| #define HAVE_STRUCT_STAT_ST_RDEV 1
| #define HAVE_STRUCT_STAT_ST_BLKSIZE 1
| #define HAVE_STRUCT_STAT_ST_BLOCKS 1
| #define HAVE_STRUCT_PASSWD_PW_GECOS 1
| #define HAVE_STRUCT_PASSWD_PW_PASSWD 1
| #define HAVE_SIGINFO_T_SI_BAND 1
| #define SYS_SELECT_WITH_SYS_TIME 1
| #define HAVE_ADDRINFO 1
| #define HAVE_SOCKADDR_STORAGE 1
| #define HAVE_SOCKADDR_ALG 1
| #define HAVE_PROTOTYPES 1
| #define HAVE_STDARG_PROTOTYPES 1
| #define HAVE_SOCKETPAIR 1
| #define HAVE_GETHOSTBYNAME_R 1
| #define HAVE_GETHOSTBYNAME_R 1
| #define HAVE_GETHOSTBYNAME_R_6_ARG 1
| #define DOUBLE_IS_LITTLE_ENDIAN_IEEE754 1
| #define HAVE_ACOSH 1
| #define HAVE_ASINH 1
| #define HAVE_ATANH 1
| #define HAVE_COPYSIGN 1
| #define HAVE_ERF 1
| #define HAVE_ERFC 1
| #define HAVE_EXPM1 1
| #define HAVE_FINITE 1
| #define HAVE_GAMMA 1
| #define HAVE_HYPOT 1
| #define HAVE_LGAMMA 1
| #define HAVE_LOG1P 1
| #define HAVE_LOG2 1
| #define HAVE_ROUND 1
| #define HAVE_TGAMMA 1
| #define HAVE_DECL_ISINF 1
| #define HAVE_DECL_ISNAN 1
| #define HAVE_DECL_ISFINITE 1
| #define POSIX_SEMAPHORES_NOT_ENABLED 1
| #define HAVE_BROKEN_SEM_GETVALUE 1
| #define HAVE_DECL_RTLD_LAZY 1
| #define HAVE_DECL_RTLD_NOW 1
| #define HAVE_DECL_RTLD_GLOBAL 1
| #define HAVE_DECL_RTLD_LOCAL 1
| #define HAVE_DECL_RTLD_NODELETE 1
| #define HAVE_DECL_RTLD_NOLOAD 1
| #define HAVE_DECL_RTLD_DEEPBIND 0
| #define HAVE_DECL_RTLD_MEMBER 0
| #define HAVE_WCHAR_H 1
| #define SIZEOF_WCHAR_T 4
| #define HAVE_USABLE_WCHAR_T 1
| #define HAVE_GETC_UNLOCKED 1
| #define HAVE_LIBREADLINE 1
| #define HAVE_RL_COMPLETION_APPEND_CHARACTER 1
| #define HAVE_RL_COMPLETION_SUPPRESS_APPEND 1
| #define HAVE_RL_PRE_INPUT_HOOK 1
| #define HAVE_RL_COMPLETION_DISPLAY_MATCHES_HOOK 1
| #define HAVE_RL_RESIZE_TERMINAL 1
| #define HAVE_RL_COMPLETION_MATCHES 1
| #define HAVE_RL_CATCH_SIGNAL 1
| #define HAVE_RL_APPEND_HISTORY 1
| #define HAVE_WORKING_TZSET 1
| #define HAVE_STAT_TV_NSEC 1
| #define HAVE_CURSES_H 1
| #define HAVE_NCURSES_H 1
| #define HAVE_TERM_H 1
| #define MVWDELCH_IS_EXPRESSION 1
| #define HAVE_CURSES_IS_PAD 1
| #define HAVE_CURSES_IS_TERM_RESIZED 1
| #define HAVE_CURSES_RESIZE_TERM 1
| #define HAVE_CURSES_RESIZETERM 1
| #define HAVE_CURSES_IMMEDOK 1
| #define HAVE_CURSES_SYNCOK 1
| #define HAVE_CURSES_WCHGAT 1
| #define HAVE_CURSES_FILTER 1
| #define HAVE_CURSES_HAS_KEY 1
| #define HAVE_CURSES_TYPEAHEAD 1
| #define HAVE_CURSES_USE_ENV 1
| #define HAVE_DEV_PTMX 1
| #define PY_FORMAT_SIZE_T "z"
| /* end confdefs.h.  */
| 
| #ifdef HAVE_SYS_TYPES_H
| #include <sys/types.h>
| #endif
| #ifdef HAVE_SYS_SOCKET_H
| #include <sys/socket.h>
| #endif
| 
| 
| int
| main ()
| {
| if (sizeof ((socklen_t)))
| 	    return 0;
|   ;
|   return 0;
| }
configure:16724: result: yes
configure:16742: checking for broken mbstowcs
configure:16763: gcc -o conftest -I/data/data/com.termux/files/usr/include  -L/data/data/com.termux/files/usr/lib conftest.c -lcrypt -ldl  -lm >&5
configure:16763: $? = 0
configure:16763: ./conftest
configure:16763: $? = 0
configure:16774: result: no
configure:16784: checking for --with-computed-gotos
configure:16808: result: no value specified
configure:16813: checking whether gcc supports computed gotos
configure:16840: gcc -o conftest -I/data/data/com.termux/files/usr/include  -L/data/data/com.termux/files/usr/lib conftest.c -lcrypt -ldl  -lm >&5
configure:16840: $? = 0
configure:16840: ./conftest
configure:16840: $? = 0
configure:16851: result: yes
configure:16876: checking for build directories
configure:16883: result: done
configure:16887: checking for -O2
configure:16903: gcc -c -O2  conftest.c >&5
configure:16903: $? = 0
configure:16909: result: yes
configure:16915: checking for glibc _FORTIFY_SOURCE/memmove bug
configure:16944: gcc -o conftest -O2 -D_FORTIFY_SOURCE=2  -L/data/data/com.termux/files/usr/lib conftest.c -lcrypt -ldl  -lm >&5
configure:16944: $? = 0
configure:16944: ./conftest
configure:16944: $? = 0
configure:16954: result: no
configure:17017: checking for stdatomic.h
configure:17035: gcc -o conftest -I/data/data/com.termux/files/usr/include  -L/data/data/com.termux/files/usr/lib conftest.c -lcrypt -ldl  -lm >&5
configure:17035: $? = 0
configure:17043: result: yes
configure:17053: checking for GCC >= 4.7 __atomic builtins
configure:17067: gcc -o conftest -I/data/data/com.termux/files/usr/include  -L/data/data/com.termux/files/usr/lib conftest.c -lcrypt -ldl  -lm >&5
configure:17067: $? = 0
configure:17075: result: yes
configure:17085: checking for ensurepip
configure:17105: result: upgrade
configure:17110: checking if the dirent structure of a d_type field
configure:17125: gcc -o conftest -I/data/data/com.termux/files/usr/include  -L/data/data/com.termux/files/usr/lib conftest.c -lcrypt -ldl  -lm >&5
configure:17125: $? = 0
configure:17132: result: yes
configure:17142: checking for the Linux getrandom() syscall
configure:17163: gcc -o conftest -I/data/data/com.termux/files/usr/include  -L/data/data/com.termux/files/usr/lib conftest.c -lcrypt -ldl  -lm >&5
configure:17163: $? = 0
configure:17170: result: yes
configure:17181: checking for the getrandom() function
configure:17200: gcc -o conftest -I/data/data/com.termux/files/usr/include  -L/data/data/com.termux/files/usr/lib conftest.c -lcrypt -ldl  -lm >&5
conftest.c:402:15: error: call to undeclared function 'getrandom'; ISO C99 and later do not support implicit function declarations [-Wimplicit-function-declaration]
  402 |         (void)getrandom(buffer, buflen, flags);
      |               ^
1 error generated.
configure:17200: $? = 1
configure: failed program was:
| /* confdefs.h */
| #define _GNU_SOURCE 1
| #define _NETBSD_SOURCE 1
| #define __BSD_VISIBLE 1
| #define _DARWIN_C_SOURCE 1
| #define _PYTHONFRAMEWORK ""
| #define _XOPEN_SOURCE 700
| #define _XOPEN_SOURCE_EXTENDED 1
| #define _POSIX_C_SOURCE 200809L
| #define STDC_HEADERS 1
| #define HAVE_SYS_TYPES_H 1
| #define HAVE_SYS_STAT_H 1
| #define HAVE_STDLIB_H 1
| #define HAVE_STRING_H 1
| #define HAVE_MEMORY_H 1
| #define HAVE_STRINGS_H 1
| #define HAVE_INTTYPES_H 1
| #define HAVE_STDINT_H 1
| #define HAVE_UNISTD_H 1
| #define __EXTENSIONS__ 1
| #define _ALL_SOURCE 1
| #define _GNU_SOURCE 1
| #define _POSIX_PTHREAD_SEMANTICS 1
| #define _TANDEM_SOURCE 1
| #define ANDROID_API_LEVEL 24
| #define STDC_HEADERS 1
| #define HAVE_ASM_TYPES_H 1
| #define HAVE_CRYPT_H 1
| #define HAVE_DLFCN_H 1
| #define HAVE_ERRNO_H 1
| #define HAVE_FCNTL_H 1
| #define HAVE_GRP_H 1
| #define HAVE_LANGINFO_H 1
| #define HAVE_LIBINTL_H 1
| #define HAVE_PTHREAD_H 1
| #define HAVE_SCHED_H 1
| #define HAVE_SIGNAL_H 1
| #define HAVE_TERMIOS_H 1
| #define HAVE_UTIME_H 1
| #define HAVE_POLL_H 1
| #define HAVE_SYS_EPOLL_H 1
| #define HAVE_SYS_POLL_H 1
| #define HAVE_SYS_XATTR_H 1
| #define HAVE_SYS_FILE_H 1
| #define HAVE_SYS_IOCTL_H 1
| #define HAVE_SYS_PARAM_H 1
| #define HAVE_SYS_RANDOM_H 1
| #define HAVE_SYS_SELECT_H 1
| #define HAVE_SYS_SENDFILE_H 1
| #define HAVE_SYS_SOCKET_H 1
| #define HAVE_SYS_STATVFS_H 1
| #define HAVE_SYS_STAT_H 1
| #define HAVE_SYS_SYSCALL_H 1
| #define HAVE_SYS_TIME_H 1
| #define HAVE_SYS_TIMES_H 1
| #define HAVE_SYS_TYPES_H 1
| #define HAVE_SYS_UIO_H 1
| #define HAVE_SYS_UN_H 1
| #define HAVE_SYS_UTSNAME_H 1
| #define HAVE_SYS_WAIT_H 1
| #define HAVE_PTY_H 1
| #define HAVE_SYS_RESOURCE_H 1
| #define HAVE_NETPACKET_PACKET_H 1
| #define HAVE_SYSEXITS_H 1
| #define HAVE_LINUX_TIPC_H 1
| #define HAVE_LINUX_RANDOM_H 1
| #define HAVE_SPAWN_H 1
| #define HAVE_ALLOCA_H 1
| #define HAVE_ENDIAN_H 1
| #define HAVE_SYS_ENDIAN_H 1
| #define HAVE_SYS_SYSMACROS_H 1
| #define HAVE_LINUX_MEMFD_H 1
| #define HAVE_LINUX_WAIT_H 1
| #define HAVE_SYS_MMAN_H 1
| #define HAVE_DIRENT_H 1
| #define MAJOR_IN_SYSMACROS 1
| #define HAVE_NET_IF_H 1
| #define HAVE_LINUX_NETLINK_H 1
| #define HAVE_LINUX_QRTR_H 1
| #define HAVE_LINUX_VM_SOCKETS_H 1
| #define HAVE_LINUX_CAN_H 1
| #define HAVE_LINUX_CAN_BCM_H 1
| #define HAVE_LINUX_CAN_J1939_H 1
| #define HAVE_LINUX_CAN_RAW_H 1
| #define HAVE_MAKEDEV 1
| #define HAVE_HTOLE64 1
| #define _LARGEFILE_SOURCE 1
| #define _FILE_OFFSET_BITS 64
| #if defined(SCO_DS)
| #undef _OFF_T
| #endif
| #define RETSIGTYPE void
| #define HAVE_SSIZE_T 1
| #define HAVE_GCC_UINT128_T 1
| #define SIZEOF_INT 4
| #define SIZEOF_LONG 8
| #define SIZEOF_LONG_LONG 8
| #define SIZEOF_VOID_P 8
| #define SIZEOF_SHORT 2
| #define SIZEOF_FLOAT 4
| #define SIZEOF_DOUBLE 8
| #define SIZEOF_FPOS_T 8
| #define SIZEOF_SIZE_T 8
| #define SIZEOF_PID_T 4
| #define SIZEOF_UINTPTR_T 8
| #define HAVE_LONG_DOUBLE 1
| #define SIZEOF_LONG_DOUBLE 16
| #define SIZEOF__BOOL 1
| #define SIZEOF_OFF_T 8
| #define SIZEOF_TIME_T 8
| #define SIZEOF_PTHREAD_T 8
| #define SIZEOF_PTHREAD_KEY_T 4
| #define PTHREAD_KEY_T_IS_COMPATIBLE_WITH_INT 1
| #define HAVE_LIBDL 1
| #define HAVE_UUID_UUID_H 1
| #define HAVE_UUID_GENERATE_TIME_SAFE 1
| #define WITH_DECIMAL_CONTEXTVAR 1
| #define _REENTRANT 1
| #define HAVE_PTHREAD_SIGMASK 1
| #define HAVE_PTHREAD_GETCPUCLOCKID 1
| #define ENABLE_IPV6 1
| #define HAVE_LINUX_CAN_RAW_FD_FRAMES 1
| #define HAVE_LINUX_CAN_RAW_JOIN_FILTERS 1
| #define WITH_DOC_STRINGS 1
| #define WITH_PYMALLOC 1
| #define PY_COERCE_C_LOCALE 1
| #define HAVE_DLOPEN 1
| #define HAVE_DYNAMIC_LOADING 1
| #define HAVE_ALARM 1
| #define HAVE_ACCEPT4 1
| #define HAVE_SETITIMER 1
| #define HAVE_GETITIMER 1
| #define HAVE_CHOWN 1
| #define HAVE_CLOCK 1
| #define HAVE_CTERMID 1
| #define HAVE_DUP3 1
| #define HAVE_EXECV 1
| #define HAVE_FACCESSAT 1
| #define HAVE_FCHMOD 1
| #define HAVE_FCHMODAT 1
| #define HAVE_FCHOWN 1
| #define HAVE_FCHOWNAT 1
| #define HAVE_FEXECVE 1
| #define HAVE_FDOPENDIR 1
| #define HAVE_FORK 1
| #define HAVE_FPATHCONF 1
| #define HAVE_FSTATAT 1
| #define HAVE_FTRUNCATE 1
| #define HAVE_FUTIMESAT 1
| #define HAVE_FUTIMENS 1
| #define HAVE_FUTIMES 1
| #define HAVE_GAI_STRERROR 1
| #define HAVE_GETENTROPY 1
| #define HAVE_GETGRGID_R 1
| #define HAVE_GETGRNAM_R 1
| #define HAVE_GETGROUPLIST 1
| #define HAVE_GETGROUPS 1
| #define HAVE_GETLOGIN 1
| #define HAVE_GETLOADAVG 1
| #define HAVE_GETPEERNAME 1
| #define HAVE_GETPGID 1
| #define HAVE_GETPID 1
| #define HAVE_GETPRIORITY 1
| #define HAVE_GETRESUID 1
| #define HAVE_GETRESGID 1
| #define HAVE_GETPWENT 1
| #define HAVE_GETPWNAM_R 1
| #define HAVE_GETPWUID_R 1
| #define HAVE_GETSID 1
| #define HAVE_IF_NAMEINDEX 1
| #define HAVE_INITGROUPS 1
| #define HAVE_KILL 1
| #define HAVE_KILLPG 1
| #define HAVE_LCHOWN 1
| #define HAVE_LOCKF 1
| #define HAVE_LINKAT 1
| #define HAVE_LSTAT 1
| #define HAVE_LUTIMES 1
| #define HAVE_MMAP 1
| #define HAVE_MEMRCHR 1
| #define HAVE_MBRTOWC 1
| #define HAVE_MKDIRAT 1
| #define HAVE_MKFIFO 1
| #define HAVE_MADVISE 1
| #define HAVE_MKFIFOAT 1
| #define HAVE_MKNOD 1
| #define HAVE_MKNODAT 1
| #define HAVE_MKTIME 1
| #define HAVE_MREMAP 1
| #define HAVE_NICE 1
| #define HAVE_OPENAT 1
| #define HAVE_PATHCONF 1
| #define HAVE_PAUSE 1
| #define HAVE_PIPE2 1
| #define HAVE_POLL 1
| #define HAVE_POSIX_FALLOCATE 1
| #define HAVE_POSIX_FADVISE 1
| #define HAVE_POSIX_SPAWN 1
| #define HAVE_POSIX_SPAWNP 1
| #define HAVE_PREAD 1
| #define HAVE_PREADV 1
| #define HAVE_PREADV2 1
| #define HAVE_PTHREAD_CONDATTR_SETCLOCK 1
| #define HAVE_PTHREAD_KILL 1
| #define HAVE_PWRITE 1
| #define HAVE_PWRITEV 1
| #define HAVE_PWRITEV2 1
| #define HAVE_READLINK 1
| #define HAVE_READLINKAT 1
| #define HAVE_READV 1
| #define HAVE_REALPATH 1
| #define HAVE_RENAMEAT 1
| #define HAVE_SEM_OPEN 1
| #define HAVE_SEM_TIMEDWAIT 1
| #define HAVE_SEM_GETVALUE 1
| #define HAVE_SEM_UNLINK 1
| #define HAVE_SENDFILE 1
| #define HAVE_SETEGID 1
| #define HAVE_SETEUID 1
| #define HAVE_SETGID 1
| #define HAVE_SETHOSTNAME 1
| #define HAVE_SETLOCALE 1
| #define HAVE_SETREGID 1
| #define HAVE_SETREUID 1
| #define HAVE_SETRESUID 1
| #define HAVE_SETRESGID 1
| #define HAVE_SETSID 1
| #define HAVE_SETPGID 1
| #define HAVE_SETPGRP 1
| #define HAVE_SETPRIORITY 1
| #define HAVE_SETUID 1
| #define HAVE_SETVBUF 1
| #define HAVE_SCHED_GET_PRIORITY_MAX 1
| #define HAVE_SCHED_SETAFFINITY 1
| #define HAVE_SCHED_SETSCHEDULER 1
| #define HAVE_SCHED_SETPARAM 1
| #define HAVE_SCHED_RR_GET_INTERVAL 1
| #define HAVE_SIGACTION 1
| #define HAVE_SIGALTSTACK 1
| #define HAVE_SIGFILLSET 1
| #define HAVE_SIGINTERRUPT 1
| #define HAVE_SIGPENDING 1
| #define HAVE_SIGRELSE 1
| #define HAVE_SIGTIMEDWAIT 1
| #define HAVE_SIGWAIT 1
| #define HAVE_SIGWAITINFO 1
| #define HAVE_SNPRINTF 1
| #define HAVE_STRFTIME 1
| #define HAVE_STRLCPY 1
| #define HAVE_STRSIGNAL 1
| #define HAVE_SYMLINKAT 1
| #define HAVE_SYNC 1
| #define HAVE_SYSCONF 1
| #define HAVE_TCGETPGRP 1
| #define HAVE_TCSETPGRP 1
| #define HAVE_TEMPNAM 1
| #define HAVE_TIMEGM 1
| #define HAVE_TIMES 1
| #define HAVE_TMPFILE 1
| #define HAVE_TMPNAM 1
| #define HAVE_TRUNCATE 1
| #define HAVE_UNAME 1
| #define HAVE_UNLINKAT 1
| #define HAVE_UTIMENSAT 1
| #define HAVE_UTIMES 1
| #define HAVE_WAITID 1
| #define HAVE_WAITPID 1
| #define HAVE_WAIT4 1
| #define HAVE_WCSCOLL 1
| #define HAVE_WCSFTIME 1
| #define HAVE_WCSXFRM 1
| #define HAVE_WMEMCMP 1
| #define HAVE_WRITEV 1
| #define HAVE_DIRFD 1
| #define HAVE_CHROOT 1
| #define HAVE_LINK 1
| #define HAVE_SYMLINK 1
| #define HAVE_FCHDIR 1
| #define HAVE_FSYNC 1
| #define HAVE_FDATASYNC 1
| #define HAVE_EPOLL 1
| #define HAVE_EPOLL_CREATE1 1
| #define HAVE_PRLIMIT 1
| #define HAVE_FLOCK 1
| #define HAVE_GETPAGESIZE 1
| #define HAVE_ZLIB_COPY 1
| #define HAVE_HSTRERROR 1
| #define HAVE_INET_ATON 1
| #define HAVE_INET_PTON 1
| #define HAVE_SETGROUPS 1
| #define HAVE_OPENPTY 1
| #define HAVE_FORKPTY 1
| #define HAVE_FSEEKO 1
| #define HAVE_FSTATVFS 1
| #define HAVE_FTELLO 1
| #define HAVE_STATVFS 1
| #define HAVE_DUP2 1
| #define HAVE_STRDUP 1
| #define HAVE_GETPGRP 1
| #define HAVE_SETPGRP 1
| #define HAVE_CLOCK_GETTIME 1
| #define HAVE_CLOCK_GETRES 1
| #define HAVE_CLOCK_SETTIME 1
| #define HAVE_DEVICE_MACROS 1
| #define HAVE_GETADDRINFO 1
| #define HAVE_GETNAMEINFO 1
| #define TIME_WITH_SYS_TIME 1
| #define HAVE_STRUCT_TM_TM_ZONE 1
| #define HAVE_TM_ZONE 1
| #define HAVE_STRUCT_STAT_ST_RDEV 1
| #define HAVE_STRUCT_STAT_ST_BLKSIZE 1
| #define HAVE_STRUCT_STAT_ST_BLOCKS 1
| #define HAVE_STRUCT_PASSWD_PW_GECOS 1
| #define HAVE_STRUCT_PASSWD_PW_PASSWD 1
| #define HAVE_SIGINFO_T_SI_BAND 1
| #define SYS_SELECT_WITH_SYS_TIME 1
| #define HAVE_ADDRINFO 1
| #define HAVE_SOCKADDR_STORAGE 1
| #define HAVE_SOCKADDR_ALG 1
| #define HAVE_PROTOTYPES 1
| #define HAVE_STDARG_PROTOTYPES 1
| #define HAVE_SOCKETPAIR 1
| #define HAVE_GETHOSTBYNAME_R 1
| #define HAVE_GETHOSTBYNAME_R 1
| #define HAVE_GETHOSTBYNAME_R_6_ARG 1
| #define DOUBLE_IS_LITTLE_ENDIAN_IEEE754 1
| #define HAVE_ACOSH 1
| #define HAVE_ASINH 1
| #define HAVE_ATANH 1
| #define HAVE_COPYSIGN 1
| #define HAVE_ERF 1
| #define HAVE_ERFC 1
| #define HAVE_EXPM1 1
| #define HAVE_FINITE 1
| #define HAVE_GAMMA 1
| #define HAVE_HYPOT 1
| #define HAVE_LGAMMA 1
| #define HAVE_LOG1P 1
| #define HAVE_LOG2 1
| #define HAVE_ROUND 1
| #define HAVE_TGAMMA 1
| #define HAVE_DECL_ISINF 1
| #define HAVE_DECL_ISNAN 1
| #define HAVE_DECL_ISFINITE 1
| #define POSIX_SEMAPHORES_NOT_ENABLED 1
| #define HAVE_BROKEN_SEM_GETVALUE 1
| #define HAVE_DECL_RTLD_LAZY 1
| #define HAVE_DECL_RTLD_NOW 1
| #define HAVE_DECL_RTLD_GLOBAL 1
| #define HAVE_DECL_RTLD_LOCAL 1
| #define HAVE_DECL_RTLD_NODELETE 1
| #define HAVE_DECL_RTLD_NOLOAD 1
| #define HAVE_DECL_RTLD_DEEPBIND 0
| #define HAVE_DECL_RTLD_MEMBER 0
| #define HAVE_WCHAR_H 1
| #define SIZEOF_WCHAR_T 4
| #define HAVE_USABLE_WCHAR_T 1
| #define HAVE_GETC_UNLOCKED 1
| #define HAVE_LIBREADLINE 1
| #define HAVE_RL_COMPLETION_APPEND_CHARACTER 1
| #define HAVE_RL_COMPLETION_SUPPRESS_APPEND 1
| #define HAVE_RL_PRE_INPUT_HOOK 1
| #define HAVE_RL_COMPLETION_DISPLAY_MATCHES_HOOK 1
| #define HAVE_RL_RESIZE_TERMINAL 1
| #define HAVE_RL_COMPLETION_MATCHES 1
| #define HAVE_RL_CATCH_SIGNAL 1
| #define HAVE_RL_APPEND_HISTORY 1
| #define HAVE_WORKING_TZSET 1
| #define HAVE_STAT_TV_NSEC 1
| #define HAVE_CURSES_H 1
| #define HAVE_NCURSES_H 1
| #define HAVE_TERM_H 1
| #define MVWDELCH_IS_EXPRESSION 1
| #define HAVE_CURSES_IS_PAD 1
| #define HAVE_CURSES_IS_TERM_RESIZED 1
| #define HAVE_CURSES_RESIZE_TERM 1
| #define HAVE_CURSES_RESIZETERM 1
| #define HAVE_CURSES_IMMEDOK 1
| #define HAVE_CURSES_SYNCOK 1
| #define HAVE_CURSES_WCHGAT 1
| #define HAVE_CURSES_FILTER 1
| #define HAVE_CURSES_HAS_KEY 1
| #define HAVE_CURSES_TYPEAHEAD 1
| #define HAVE_CURSES_USE_ENV 1
| #define HAVE_DEV_PTMX 1
| #define PY_FORMAT_SIZE_T "z"
| #define HAVE_COMPUTED_GOTOS 1
| #define HAVE_STD_ATOMIC 1
| #define HAVE_BUILTIN_ATOMIC 1
| #define HAVE_DIRENT_D_TYPE 1
| #define HAVE_GETRANDOM_SYSCALL 1
| /* end confdefs.h.  */
| 
| 
|     #include <sys/random.h>
| 
|     int main() {
|         char buffer[1];
|         const size_t buflen = sizeof(buffer);
|         const int flags = 0;
|         /* ignore the result, Python checks for ENOSYS at runtime */
|         (void)getrandom(buffer, buflen, flags);
|         return 0;
|     }
| 
| 
configure:17207: result: no
configure:17220: checking for library containing shm_open
configure:17251: gcc -o conftest -I/data/data/com.termux/files/usr/include  -L/data/data/com.termux/files/usr/lib conftest.c -lcrypt -ldl  -lm >&5
ld.lld: error: undefined symbol: shm_open
>>> referenced by conftest.c
>>>               /data/data/com.termux/files/usr/tmp/conftest-ff837d.o:(main)
>>> did you mean: sem_open
>>> defined in: /system/lib64/libc.so
gcc: error: linker command failed with exit code 1 (use -v to see invocation)
configure:17251: $? = 1
configure: failed program was:
| /* confdefs.h */
| #define _GNU_SOURCE 1
| #define _NETBSD_SOURCE 1
| #define __BSD_VISIBLE 1
| #define _DARWIN_C_SOURCE 1
| #define _PYTHONFRAMEWORK ""
| #define _XOPEN_SOURCE 700
| #define _XOPEN_SOURCE_EXTENDED 1
| #define _POSIX_C_SOURCE 200809L
| #define STDC_HEADERS 1
| #define HAVE_SYS_TYPES_H 1
| #define HAVE_SYS_STAT_H 1
| #define HAVE_STDLIB_H 1
| #define HAVE_STRING_H 1
| #define HAVE_MEMORY_H 1
| #define HAVE_STRINGS_H 1
| #define HAVE_INTTYPES_H 1
| #define HAVE_STDINT_H 1
| #define HAVE_UNISTD_H 1
| #define __EXTENSIONS__ 1
| #define _ALL_SOURCE 1
| #define _GNU_SOURCE 1
| #define _POSIX_PTHREAD_SEMANTICS 1
| #define _TANDEM_SOURCE 1
| #define ANDROID_API_LEVEL 24
| #define STDC_HEADERS 1
| #define HAVE_ASM_TYPES_H 1
| #define HAVE_CRYPT_H 1
| #define HAVE_DLFCN_H 1
| #define HAVE_ERRNO_H 1
| #define HAVE_FCNTL_H 1
| #define HAVE_GRP_H 1
| #define HAVE_LANGINFO_H 1
| #define HAVE_LIBINTL_H 1
| #define HAVE_PTHREAD_H 1
| #define HAVE_SCHED_H 1
| #define HAVE_SIGNAL_H 1
| #define HAVE_TERMIOS_H 1
| #define HAVE_UTIME_H 1
| #define HAVE_POLL_H 1
| #define HAVE_SYS_EPOLL_H 1
| #define HAVE_SYS_POLL_H 1
| #define HAVE_SYS_XATTR_H 1
| #define HAVE_SYS_FILE_H 1
| #define HAVE_SYS_IOCTL_H 1
| #define HAVE_SYS_PARAM_H 1
| #define HAVE_SYS_RANDOM_H 1
| #define HAVE_SYS_SELECT_H 1
| #define HAVE_SYS_SENDFILE_H 1
| #define HAVE_SYS_SOCKET_H 1
| #define HAVE_SYS_STATVFS_H 1
| #define HAVE_SYS_STAT_H 1
| #define HAVE_SYS_SYSCALL_H 1
| #define HAVE_SYS_TIME_H 1
| #define HAVE_SYS_TIMES_H 1
| #define HAVE_SYS_TYPES_H 1
| #define HAVE_SYS_UIO_H 1
| #define HAVE_SYS_UN_H 1
| #define HAVE_SYS_UTSNAME_H 1
| #define HAVE_SYS_WAIT_H 1
| #define HAVE_PTY_H 1
| #define HAVE_SYS_RESOURCE_H 1
| #define HAVE_NETPACKET_PACKET_H 1
| #define HAVE_SYSEXITS_H 1
| #define HAVE_LINUX_TIPC_H 1
| #define HAVE_LINUX_RANDOM_H 1
| #define HAVE_SPAWN_H 1
| #define HAVE_ALLOCA_H 1
| #define HAVE_ENDIAN_H 1
| #define HAVE_SYS_ENDIAN_H 1
| #define HAVE_SYS_SYSMACROS_H 1
| #define HAVE_LINUX_MEMFD_H 1
| #define HAVE_LINUX_WAIT_H 1
| #define HAVE_SYS_MMAN_H 1
| #define HAVE_DIRENT_H 1
| #define MAJOR_IN_SYSMACROS 1
| #define HAVE_NET_IF_H 1
| #define HAVE_LINUX_NETLINK_H 1
| #define HAVE_LINUX_QRTR_H 1
| #define HAVE_LINUX_VM_SOCKETS_H 1
| #define HAVE_LINUX_CAN_H 1
| #define HAVE_LINUX_CAN_BCM_H 1
| #define HAVE_LINUX_CAN_J1939_H 1
| #define HAVE_LINUX_CAN_RAW_H 1
| #define HAVE_MAKEDEV 1
| #define HAVE_HTOLE64 1
| #define _LARGEFILE_SOURCE 1
| #define _FILE_OFFSET_BITS 64
| #if defined(SCO_DS)
| #undef _OFF_T
| #endif
| #define RETSIGTYPE void
| #define HAVE_SSIZE_T 1
| #define HAVE_GCC_UINT128_T 1
| #define SIZEOF_INT 4
| #define SIZEOF_LONG 8
| #define SIZEOF_LONG_LONG 8
| #define SIZEOF_VOID_P 8
| #define SIZEOF_SHORT 2
| #define SIZEOF_FLOAT 4
| #define SIZEOF_DOUBLE 8
| #define SIZEOF_FPOS_T 8
| #define SIZEOF_SIZE_T 8
| #define SIZEOF_PID_T 4
| #define SIZEOF_UINTPTR_T 8
| #define HAVE_LONG_DOUBLE 1
| #define SIZEOF_LONG_DOUBLE 16
| #define SIZEOF__BOOL 1
| #define SIZEOF_OFF_T 8
| #define SIZEOF_TIME_T 8
| #define SIZEOF_PTHREAD_T 8
| #define SIZEOF_PTHREAD_KEY_T 4
| #define PTHREAD_KEY_T_IS_COMPATIBLE_WITH_INT 1
| #define HAVE_LIBDL 1
| #define HAVE_UUID_UUID_H 1
| #define HAVE_UUID_GENERATE_TIME_SAFE 1
| #define WITH_DECIMAL_CONTEXTVAR 1
| #define _REENTRANT 1
| #define HAVE_PTHREAD_SIGMASK 1
| #define HAVE_PTHREAD_GETCPUCLOCKID 1
| #define ENABLE_IPV6 1
| #define HAVE_LINUX_CAN_RAW_FD_FRAMES 1
| #define HAVE_LINUX_CAN_RAW_JOIN_FILTERS 1
| #define WITH_DOC_STRINGS 1
| #define WITH_PYMALLOC 1
| #define PY_COERCE_C_LOCALE 1
| #define HAVE_DLOPEN 1
| #define HAVE_DYNAMIC_LOADING 1
| #define HAVE_ALARM 1
| #define HAVE_ACCEPT4 1
| #define HAVE_SETITIMER 1
| #define HAVE_GETITIMER 1
| #define HAVE_CHOWN 1
| #define HAVE_CLOCK 1
| #define HAVE_CTERMID 1
| #define HAVE_DUP3 1
| #define HAVE_EXECV 1
| #define HAVE_FACCESSAT 1
| #define HAVE_FCHMOD 1
| #define HAVE_FCHMODAT 1
| #define HAVE_FCHOWN 1
| #define HAVE_FCHOWNAT 1
| #define HAVE_FEXECVE 1
| #define HAVE_FDOPENDIR 1
| #define HAVE_FORK 1
| #define HAVE_FPATHCONF 1
| #define HAVE_FSTATAT 1
| #define HAVE_FTRUNCATE 1
| #define HAVE_FUTIMESAT 1
| #define HAVE_FUTIMENS 1
| #define HAVE_FUTIMES 1
| #define HAVE_GAI_STRERROR 1
| #define HAVE_GETENTROPY 1
| #define HAVE_GETGRGID_R 1
| #define HAVE_GETGRNAM_R 1
| #define HAVE_GETGROUPLIST 1
| #define HAVE_GETGROUPS 1
| #define HAVE_GETLOGIN 1
| #define HAVE_GETLOADAVG 1
| #define HAVE_GETPEERNAME 1
| #define HAVE_GETPGID 1
| #define HAVE_GETPID 1
| #define HAVE_GETPRIORITY 1
| #define HAVE_GETRESUID 1
| #define HAVE_GETRESGID 1
| #define HAVE_GETPWENT 1
| #define HAVE_GETPWNAM_R 1
| #define HAVE_GETPWUID_R 1
| #define HAVE_GETSID 1
| #define HAVE_IF_NAMEINDEX 1
| #define HAVE_INITGROUPS 1
| #define HAVE_KILL 1
| #define HAVE_KILLPG 1
| #define HAVE_LCHOWN 1
| #define HAVE_LOCKF 1
| #define HAVE_LINKAT 1
| #define HAVE_LSTAT 1
| #define HAVE_LUTIMES 1
| #define HAVE_MMAP 1
| #define HAVE_MEMRCHR 1
| #define HAVE_MBRTOWC 1
| #define HAVE_MKDIRAT 1
| #define HAVE_MKFIFO 1
| #define HAVE_MADVISE 1
| #define HAVE_MKFIFOAT 1
| #define HAVE_MKNOD 1
| #define HAVE_MKNODAT 1
| #define HAVE_MKTIME 1
| #define HAVE_MREMAP 1
| #define HAVE_NICE 1
| #define HAVE_OPENAT 1
| #define HAVE_PATHCONF 1
| #define HAVE_PAUSE 1
| #define HAVE_PIPE2 1
| #define HAVE_POLL 1
| #define HAVE_POSIX_FALLOCATE 1
| #define HAVE_POSIX_FADVISE 1
| #define HAVE_POSIX_SPAWN 1
| #define HAVE_POSIX_SPAWNP 1
| #define HAVE_PREAD 1
| #define HAVE_PREADV 1
| #define HAVE_PREADV2 1
| #define HAVE_PTHREAD_CONDATTR_SETCLOCK 1
| #define HAVE_PTHREAD_KILL 1
| #define HAVE_PWRITE 1
| #define HAVE_PWRITEV 1
| #define HAVE_PWRITEV2 1
| #define HAVE_READLINK 1
| #define HAVE_READLINKAT 1
| #define HAVE_READV 1
| #define HAVE_REALPATH 1
| #define HAVE_RENAMEAT 1
| #define HAVE_SEM_OPEN 1
| #define HAVE_SEM_TIMEDWAIT 1
| #define HAVE_SEM_GETVALUE 1
| #define HAVE_SEM_UNLINK 1
| #define HAVE_SENDFILE 1
| #define HAVE_SETEGID 1
| #define HAVE_SETEUID 1
| #define HAVE_SETGID 1
| #define HAVE_SETHOSTNAME 1
| #define HAVE_SETLOCALE 1
| #define HAVE_SETREGID 1
| #define HAVE_SETREUID 1
| #define HAVE_SETRESUID 1
| #define HAVE_SETRESGID 1
| #define HAVE_SETSID 1
| #define HAVE_SETPGID 1
| #define HAVE_SETPGRP 1
| #define HAVE_SETPRIORITY 1
| #define HAVE_SETUID 1
| #define HAVE_SETVBUF 1
| #define HAVE_SCHED_GET_PRIORITY_MAX 1
| #define HAVE_SCHED_SETAFFINITY 1
| #define HAVE_SCHED_SETSCHEDULER 1
| #define HAVE_SCHED_SETPARAM 1
| #define HAVE_SCHED_RR_GET_INTERVAL 1
| #define HAVE_SIGACTION 1
| #define HAVE_SIGALTSTACK 1
| #define HAVE_SIGFILLSET 1
| #define HAVE_SIGINTERRUPT 1
| #define HAVE_SIGPENDING 1
| #define HAVE_SIGRELSE 1
| #define HAVE_SIGTIMEDWAIT 1
| #define HAVE_SIGWAIT 1
| #define HAVE_SIGWAITINFO 1
| #define HAVE_SNPRINTF 1
| #define HAVE_STRFTIME 1
| #define HAVE_STRLCPY 1
| #define HAVE_STRSIGNAL 1
| #define HAVE_SYMLINKAT 1
| #define HAVE_SYNC 1
| #define HAVE_SYSCONF 1
| #define HAVE_TCGETPGRP 1
| #define HAVE_TCSETPGRP 1
| #define HAVE_TEMPNAM 1
| #define HAVE_TIMEGM 1
| #define HAVE_TIMES 1
| #define HAVE_TMPFILE 1
| #define HAVE_TMPNAM 1
| #define HAVE_TRUNCATE 1
| #define HAVE_UNAME 1
| #define HAVE_UNLINKAT 1
| #define HAVE_UTIMENSAT 1
| #define HAVE_UTIMES 1
| #define HAVE_WAITID 1
| #define HAVE_WAITPID 1
| #define HAVE_WAIT4 1
| #define HAVE_WCSCOLL 1
| #define HAVE_WCSFTIME 1
| #define HAVE_WCSXFRM 1
| #define HAVE_WMEMCMP 1
| #define HAVE_WRITEV 1
| #define HAVE_DIRFD 1
| #define HAVE_CHROOT 1
| #define HAVE_LINK 1
| #define HAVE_SYMLINK 1
| #define HAVE_FCHDIR 1
| #define HAVE_FSYNC 1
| #define HAVE_FDATASYNC 1
| #define HAVE_EPOLL 1
| #define HAVE_EPOLL_CREATE1 1
| #define HAVE_PRLIMIT 1
| #define HAVE_FLOCK 1
| #define HAVE_GETPAGESIZE 1
| #define HAVE_ZLIB_COPY 1
| #define HAVE_HSTRERROR 1
| #define HAVE_INET_ATON 1
| #define HAVE_INET_PTON 1
| #define HAVE_SETGROUPS 1
| #define HAVE_OPENPTY 1
| #define HAVE_FORKPTY 1
| #define HAVE_FSEEKO 1
| #define HAVE_FSTATVFS 1
| #define HAVE_FTELLO 1
| #define HAVE_STATVFS 1
| #define HAVE_DUP2 1
| #define HAVE_STRDUP 1
| #define HAVE_GETPGRP 1
| #define HAVE_SETPGRP 1
| #define HAVE_CLOCK_GETTIME 1
| #define HAVE_CLOCK_GETRES 1
| #define HAVE_CLOCK_SETTIME 1
| #define HAVE_DEVICE_MACROS 1
| #define HAVE_GETADDRINFO 1
| #define HAVE_GETNAMEINFO 1
| #define TIME_WITH_SYS_TIME 1
| #define HAVE_STRUCT_TM_TM_ZONE 1
| #define HAVE_TM_ZONE 1
| #define HAVE_STRUCT_STAT_ST_RDEV 1
| #define HAVE_STRUCT_STAT_ST_BLKSIZE 1
| #define HAVE_STRUCT_STAT_ST_BLOCKS 1
| #define HAVE_STRUCT_PASSWD_PW_GECOS 1
| #define HAVE_STRUCT_PASSWD_PW_PASSWD 1
| #define HAVE_SIGINFO_T_SI_BAND 1
| #define SYS_SELECT_WITH_SYS_TIME 1
| #define HAVE_ADDRINFO 1
| #define HAVE_SOCKADDR_STORAGE 1
| #define HAVE_SOCKADDR_ALG 1
| #define HAVE_PROTOTYPES 1
| #define HAVE_STDARG_PROTOTYPES 1
| #define HAVE_SOCKETPAIR 1
| #define HAVE_GETHOSTBYNAME_R 1
| #define HAVE_GETHOSTBYNAME_R 1
| #define HAVE_GETHOSTBYNAME_R_6_ARG 1
| #define DOUBLE_IS_LITTLE_ENDIAN_IEEE754 1
| #define HAVE_ACOSH 1
| #define HAVE_ASINH 1
| #define HAVE_ATANH 1
| #define HAVE_COPYSIGN 1
| #define HAVE_ERF 1
| #define HAVE_ERFC 1
| #define HAVE_EXPM1 1
| #define HAVE_FINITE 1
| #define HAVE_GAMMA 1
| #define HAVE_HYPOT 1
| #define HAVE_LGAMMA 1
| #define HAVE_LOG1P 1
| #define HAVE_LOG2 1
| #define HAVE_ROUND 1
| #define HAVE_TGAMMA 1
| #define HAVE_DECL_ISINF 1
| #define HAVE_DECL_ISNAN 1
| #define HAVE_DECL_ISFINITE 1
| #define POSIX_SEMAPHORES_NOT_ENABLED 1
| #define HAVE_BROKEN_SEM_GETVALUE 1
| #define HAVE_DECL_RTLD_LAZY 1
| #define HAVE_DECL_RTLD_NOW 1
| #define HAVE_DECL_RTLD_GLOBAL 1
| #define HAVE_DECL_RTLD_LOCAL 1
| #define HAVE_DECL_RTLD_NODELETE 1
| #define HAVE_DECL_RTLD_NOLOAD 1
| #define HAVE_DECL_RTLD_DEEPBIND 0
| #define HAVE_DECL_RTLD_MEMBER 0
| #define HAVE_WCHAR_H 1
| #define SIZEOF_WCHAR_T 4
| #define HAVE_USABLE_WCHAR_T 1
| #define HAVE_GETC_UNLOCKED 1
| #define HAVE_LIBREADLINE 1
| #define HAVE_RL_COMPLETION_APPEND_CHARACTER 1
| #define HAVE_RL_COMPLETION_SUPPRESS_APPEND 1
| #define HAVE_RL_PRE_INPUT_HOOK 1
| #define HAVE_RL_COMPLETION_DISPLAY_MATCHES_HOOK 1
| #define HAVE_RL_RESIZE_TERMINAL 1
| #define HAVE_RL_COMPLETION_MATCHES 1
| #define HAVE_RL_CATCH_SIGNAL 1
| #define HAVE_RL_APPEND_HISTORY 1
| #define HAVE_WORKING_TZSET 1
| #define HAVE_STAT_TV_NSEC 1
| #define HAVE_CURSES_H 1
| #define HAVE_NCURSES_H 1
| #define HAVE_TERM_H 1
| #define MVWDELCH_IS_EXPRESSION 1
| #define HAVE_CURSES_IS_PAD 1
| #define HAVE_CURSES_IS_TERM_RESIZED 1
| #define HAVE_CURSES_RESIZE_TERM 1
| #define HAVE_CURSES_RESIZETERM 1
| #define HAVE_CURSES_IMMEDOK 1
| #define HAVE_CURSES_SYNCOK 1
| #define HAVE_CURSES_WCHGAT 1
| #define HAVE_CURSES_FILTER 1
| #define HAVE_CURSES_HAS_KEY 1
| #define HAVE_CURSES_TYPEAHEAD 1
| #define HAVE_CURSES_USE_ENV 1
| #define HAVE_DEV_PTMX 1
| #define PY_FORMAT_SIZE_T "z"
| #define HAVE_COMPUTED_GOTOS 1
| #define HAVE_STD_ATOMIC 1
| #define HAVE_BUILTIN_ATOMIC 1
| #define HAVE_DIRENT_D_TYPE 1
| #define HAVE_GETRANDOM_SYSCALL 1
| /* end confdefs.h.  */
| 
| /* Override any GCC internal prototype to avoid an error.
|    Use char because int might match the return type of a GCC
|    builtin and then its argument prototype would still apply.  */
| #ifdef __cplusplus
| extern "C"
| #endif
| char shm_open ();
| int
| main ()
| {
| return shm_open ();
|   ;
|   return 0;
| }
configure:17251: gcc -o conftest -I/data/data/com.termux/files/usr/include  -L/data/data/com.termux/files/usr/lib conftest.c -lrt  -lcrypt -ldl  -lm >&5
ld.lld: error: undefined symbol: shm_open
>>> referenced by conftest.c
>>>               /data/data/com.termux/files/usr/tmp/conftest-58b37d.o:(main)
>>> did you mean: sem_open
>>> defined in: /system/lib64/libc.so
gcc: error: linker command failed with exit code 1 (use -v to see invocation)
configure:17251: $? = 1
configure: failed program was:
| /* confdefs.h */
| #define _GNU_SOURCE 1
| #define _NETBSD_SOURCE 1
| #define __BSD_VISIBLE 1
| #define _DARWIN_C_SOURCE 1
| #define _PYTHONFRAMEWORK ""
| #define _XOPEN_SOURCE 700
| #define _XOPEN_SOURCE_EXTENDED 1
| #define _POSIX_C_SOURCE 200809L
| #define STDC_HEADERS 1
| #define HAVE_SYS_TYPES_H 1
| #define HAVE_SYS_STAT_H 1
| #define HAVE_STDLIB_H 1
| #define HAVE_STRING_H 1
| #define HAVE_MEMORY_H 1
| #define HAVE_STRINGS_H 1
| #define HAVE_INTTYPES_H 1
| #define HAVE_STDINT_H 1
| #define HAVE_UNISTD_H 1
| #define __EXTENSIONS__ 1
| #define _ALL_SOURCE 1
| #define _GNU_SOURCE 1
| #define _POSIX_PTHREAD_SEMANTICS 1
| #define _TANDEM_SOURCE 1
| #define ANDROID_API_LEVEL 24
| #define STDC_HEADERS 1
| #define HAVE_ASM_TYPES_H 1
| #define HAVE_CRYPT_H 1
| #define HAVE_DLFCN_H 1
| #define HAVE_ERRNO_H 1
| #define HAVE_FCNTL_H 1
| #define HAVE_GRP_H 1
| #define HAVE_LANGINFO_H 1
| #define HAVE_LIBINTL_H 1
| #define HAVE_PTHREAD_H 1
| #define HAVE_SCHED_H 1
| #define HAVE_SIGNAL_H 1
| #define HAVE_TERMIOS_H 1
| #define HAVE_UTIME_H 1
| #define HAVE_POLL_H 1
| #define HAVE_SYS_EPOLL_H 1
| #define HAVE_SYS_POLL_H 1
| #define HAVE_SYS_XATTR_H 1
| #define HAVE_SYS_FILE_H 1
| #define HAVE_SYS_IOCTL_H 1
| #define HAVE_SYS_PARAM_H 1
| #define HAVE_SYS_RANDOM_H 1
| #define HAVE_SYS_SELECT_H 1
| #define HAVE_SYS_SENDFILE_H 1
| #define HAVE_SYS_SOCKET_H 1
| #define HAVE_SYS_STATVFS_H 1
| #define HAVE_SYS_STAT_H 1
| #define HAVE_SYS_SYSCALL_H 1
| #define HAVE_SYS_TIME_H 1
| #define HAVE_SYS_TIMES_H 1
| #define HAVE_SYS_TYPES_H 1
| #define HAVE_SYS_UIO_H 1
| #define HAVE_SYS_UN_H 1
| #define HAVE_SYS_UTSNAME_H 1
| #define HAVE_SYS_WAIT_H 1
| #define HAVE_PTY_H 1
| #define HAVE_SYS_RESOURCE_H 1
| #define HAVE_NETPACKET_PACKET_H 1
| #define HAVE_SYSEXITS_H 1
| #define HAVE_LINUX_TIPC_H 1
| #define HAVE_LINUX_RANDOM_H 1
| #define HAVE_SPAWN_H 1
| #define HAVE_ALLOCA_H 1
| #define HAVE_ENDIAN_H 1
| #define HAVE_SYS_ENDIAN_H 1
| #define HAVE_SYS_SYSMACROS_H 1
| #define HAVE_LINUX_MEMFD_H 1
| #define HAVE_LINUX_WAIT_H 1
| #define HAVE_SYS_MMAN_H 1
| #define HAVE_DIRENT_H 1
| #define MAJOR_IN_SYSMACROS 1
| #define HAVE_NET_IF_H 1
| #define HAVE_LINUX_NETLINK_H 1
| #define HAVE_LINUX_QRTR_H 1
| #define HAVE_LINUX_VM_SOCKETS_H 1
| #define HAVE_LINUX_CAN_H 1
| #define HAVE_LINUX_CAN_BCM_H 1
| #define HAVE_LINUX_CAN_J1939_H 1
| #define HAVE_LINUX_CAN_RAW_H 1
| #define HAVE_MAKEDEV 1
| #define HAVE_HTOLE64 1
| #define _LARGEFILE_SOURCE 1
| #define _FILE_OFFSET_BITS 64
| #if defined(SCO_DS)
| #undef _OFF_T
| #endif
| #define RETSIGTYPE void
| #define HAVE_SSIZE_T 1
| #define HAVE_GCC_UINT128_T 1
| #define SIZEOF_INT 4
| #define SIZEOF_LONG 8
| #define SIZEOF_LONG_LONG 8
| #define SIZEOF_VOID_P 8
| #define SIZEOF_SHORT 2
| #define SIZEOF_FLOAT 4
| #define SIZEOF_DOUBLE 8
| #define SIZEOF_FPOS_T 8
| #define SIZEOF_SIZE_T 8
| #define SIZEOF_PID_T 4
| #define SIZEOF_UINTPTR_T 8
| #define HAVE_LONG_DOUBLE 1
| #define SIZEOF_LONG_DOUBLE 16
| #define SIZEOF__BOOL 1
| #define SIZEOF_OFF_T 8
| #define SIZEOF_TIME_T 8
| #define SIZEOF_PTHREAD_T 8
| #define SIZEOF_PTHREAD_KEY_T 4
| #define PTHREAD_KEY_T_IS_COMPATIBLE_WITH_INT 1
| #define HAVE_LIBDL 1
| #define HAVE_UUID_UUID_H 1
| #define HAVE_UUID_GENERATE_TIME_SAFE 1
| #define WITH_DECIMAL_CONTEXTVAR 1
| #define _REENTRANT 1
| #define HAVE_PTHREAD_SIGMASK 1
| #define HAVE_PTHREAD_GETCPUCLOCKID 1
| #define ENABLE_IPV6 1
| #define HAVE_LINUX_CAN_RAW_FD_FRAMES 1
| #define HAVE_LINUX_CAN_RAW_JOIN_FILTERS 1
| #define WITH_DOC_STRINGS 1
| #define WITH_PYMALLOC 1
| #define PY_COERCE_C_LOCALE 1
| #define HAVE_DLOPEN 1
| #define HAVE_DYNAMIC_LOADING 1
| #define HAVE_ALARM 1
| #define HAVE_ACCEPT4 1
| #define HAVE_SETITIMER 1
| #define HAVE_GETITIMER 1
| #define HAVE_CHOWN 1
| #define HAVE_CLOCK 1
| #define HAVE_CTERMID 1
| #define HAVE_DUP3 1
| #define HAVE_EXECV 1
| #define HAVE_FACCESSAT 1
| #define HAVE_FCHMOD 1
| #define HAVE_FCHMODAT 1
| #define HAVE_FCHOWN 1
| #define HAVE_FCHOWNAT 1
| #define HAVE_FEXECVE 1
| #define HAVE_FDOPENDIR 1
| #define HAVE_FORK 1
| #define HAVE_FPATHCONF 1
| #define HAVE_FSTATAT 1
| #define HAVE_FTRUNCATE 1
| #define HAVE_FUTIMESAT 1
| #define HAVE_FUTIMENS 1
| #define HAVE_FUTIMES 1
| #define HAVE_GAI_STRERROR 1
| #define HAVE_GETENTROPY 1
| #define HAVE_GETGRGID_R 1
| #define HAVE_GETGRNAM_R 1
| #define HAVE_GETGROUPLIST 1
| #define HAVE_GETGROUPS 1
| #define HAVE_GETLOGIN 1
| #define HAVE_GETLOADAVG 1
| #define HAVE_GETPEERNAME 1
| #define HAVE_GETPGID 1
| #define HAVE_GETPID 1
| #define HAVE_GETPRIORITY 1
| #define HAVE_GETRESUID 1
| #define HAVE_GETRESGID 1
| #define HAVE_GETPWENT 1
| #define HAVE_GETPWNAM_R 1
| #define HAVE_GETPWUID_R 1
| #define HAVE_GETSID 1
| #define HAVE_IF_NAMEINDEX 1
| #define HAVE_INITGROUPS 1
| #define HAVE_KILL 1
| #define HAVE_KILLPG 1
| #define HAVE_LCHOWN 1
| #define HAVE_LOCKF 1
| #define HAVE_LINKAT 1
| #define HAVE_LSTAT 1
| #define HAVE_LUTIMES 1
| #define HAVE_MMAP 1
| #define HAVE_MEMRCHR 1
| #define HAVE_MBRTOWC 1
| #define HAVE_MKDIRAT 1
| #define HAVE_MKFIFO 1
| #define HAVE_MADVISE 1
| #define HAVE_MKFIFOAT 1
| #define HAVE_MKNOD 1
| #define HAVE_MKNODAT 1
| #define HAVE_MKTIME 1
| #define HAVE_MREMAP 1
| #define HAVE_NICE 1
| #define HAVE_OPENAT 1
| #define HAVE_PATHCONF 1
| #define HAVE_PAUSE 1
| #define HAVE_PIPE2 1
| #define HAVE_POLL 1
| #define HAVE_POSIX_FALLOCATE 1
| #define HAVE_POSIX_FADVISE 1
| #define HAVE_POSIX_SPAWN 1
| #define HAVE_POSIX_SPAWNP 1
| #define HAVE_PREAD 1
| #define HAVE_PREADV 1
| #define HAVE_PREADV2 1
| #define HAVE_PTHREAD_CONDATTR_SETCLOCK 1
| #define HAVE_PTHREAD_KILL 1
| #define HAVE_PWRITE 1
| #define HAVE_PWRITEV 1
| #define HAVE_PWRITEV2 1
| #define HAVE_READLINK 1
| #define HAVE_READLINKAT 1
| #define HAVE_READV 1
| #define HAVE_REALPATH 1
| #define HAVE_RENAMEAT 1
| #define HAVE_SEM_OPEN 1
| #define HAVE_SEM_TIMEDWAIT 1
| #define HAVE_SEM_GETVALUE 1
| #define HAVE_SEM_UNLINK 1
| #define HAVE_SENDFILE 1
| #define HAVE_SETEGID 1
| #define HAVE_SETEUID 1
| #define HAVE_SETGID 1
| #define HAVE_SETHOSTNAME 1
| #define HAVE_SETLOCALE 1
| #define HAVE_SETREGID 1
| #define HAVE_SETREUID 1
| #define HAVE_SETRESUID 1
| #define HAVE_SETRESGID 1
| #define HAVE_SETSID 1
| #define HAVE_SETPGID 1
| #define HAVE_SETPGRP 1
| #define HAVE_SETPRIORITY 1
| #define HAVE_SETUID 1
| #define HAVE_SETVBUF 1
| #define HAVE_SCHED_GET_PRIORITY_MAX 1
| #define HAVE_SCHED_SETAFFINITY 1
| #define HAVE_SCHED_SETSCHEDULER 1
| #define HAVE_SCHED_SETPARAM 1
| #define HAVE_SCHED_RR_GET_INTERVAL 1
| #define HAVE_SIGACTION 1
| #define HAVE_SIGALTSTACK 1
| #define HAVE_SIGFILLSET 1
| #define HAVE_SIGINTERRUPT 1
| #define HAVE_SIGPENDING 1
| #define HAVE_SIGRELSE 1
| #define HAVE_SIGTIMEDWAIT 1
| #define HAVE_SIGWAIT 1
| #define HAVE_SIGWAITINFO 1
| #define HAVE_SNPRINTF 1
| #define HAVE_STRFTIME 1
| #define HAVE_STRLCPY 1
| #define HAVE_STRSIGNAL 1
| #define HAVE_SYMLINKAT 1
| #define HAVE_SYNC 1
| #define HAVE_SYSCONF 1
| #define HAVE_TCGETPGRP 1
| #define HAVE_TCSETPGRP 1
| #define HAVE_TEMPNAM 1
| #define HAVE_TIMEGM 1
| #define HAVE_TIMES 1
| #define HAVE_TMPFILE 1
| #define HAVE_TMPNAM 1
| #define HAVE_TRUNCATE 1
| #define HAVE_UNAME 1
| #define HAVE_UNLINKAT 1
| #define HAVE_UTIMENSAT 1
| #define HAVE_UTIMES 1
| #define HAVE_WAITID 1
| #define HAVE_WAITPID 1
| #define HAVE_WAIT4 1
| #define HAVE_WCSCOLL 1
| #define HAVE_WCSFTIME 1
| #define HAVE_WCSXFRM 1
| #define HAVE_WMEMCMP 1
| #define HAVE_WRITEV 1
| #define HAVE_DIRFD 1
| #define HAVE_CHROOT 1
| #define HAVE_LINK 1
| #define HAVE_SYMLINK 1
| #define HAVE_FCHDIR 1
| #define HAVE_FSYNC 1
| #define HAVE_FDATASYNC 1
| #define HAVE_EPOLL 1
| #define HAVE_EPOLL_CREATE1 1
| #define HAVE_PRLIMIT 1
| #define HAVE_FLOCK 1
| #define HAVE_GETPAGESIZE 1
| #define HAVE_ZLIB_COPY 1
| #define HAVE_HSTRERROR 1
| #define HAVE_INET_ATON 1
| #define HAVE_INET_PTON 1
| #define HAVE_SETGROUPS 1
| #define HAVE_OPENPTY 1
| #define HAVE_FORKPTY 1
| #define HAVE_FSEEKO 1
| #define HAVE_FSTATVFS 1
| #define HAVE_FTELLO 1
| #define HAVE_STATVFS 1
| #define HAVE_DUP2 1
| #define HAVE_STRDUP 1
| #define HAVE_GETPGRP 1
| #define HAVE_SETPGRP 1
| #define HAVE_CLOCK_GETTIME 1
| #define HAVE_CLOCK_GETRES 1
| #define HAVE_CLOCK_SETTIME 1
| #define HAVE_DEVICE_MACROS 1
| #define HAVE_GETADDRINFO 1
| #define HAVE_GETNAMEINFO 1
| #define TIME_WITH_SYS_TIME 1
| #define HAVE_STRUCT_TM_TM_ZONE 1
| #define HAVE_TM_ZONE 1
| #define HAVE_STRUCT_STAT_ST_RDEV 1
| #define HAVE_STRUCT_STAT_ST_BLKSIZE 1
| #define HAVE_STRUCT_STAT_ST_BLOCKS 1
| #define HAVE_STRUCT_PASSWD_PW_GECOS 1
| #define HAVE_STRUCT_PASSWD_PW_PASSWD 1
| #define HAVE_SIGINFO_T_SI_BAND 1
| #define SYS_SELECT_WITH_SYS_TIME 1
| #define HAVE_ADDRINFO 1
| #define HAVE_SOCKADDR_STORAGE 1
| #define HAVE_SOCKADDR_ALG 1
| #define HAVE_PROTOTYPES 1
| #define HAVE_STDARG_PROTOTYPES 1
| #define HAVE_SOCKETPAIR 1
| #define HAVE_GETHOSTBYNAME_R 1
| #define HAVE_GETHOSTBYNAME_R 1
| #define HAVE_GETHOSTBYNAME_R_6_ARG 1
| #define DOUBLE_IS_LITTLE_ENDIAN_IEEE754 1
| #define HAVE_ACOSH 1
| #define HAVE_ASINH 1
| #define HAVE_ATANH 1
| #define HAVE_COPYSIGN 1
| #define HAVE_ERF 1
| #define HAVE_ERFC 1
| #define HAVE_EXPM1 1
| #define HAVE_FINITE 1
| #define HAVE_GAMMA 1
| #define HAVE_HYPOT 1
| #define HAVE_LGAMMA 1
| #define HAVE_LOG1P 1
| #define HAVE_LOG2 1
| #define HAVE_ROUND 1
| #define HAVE_TGAMMA 1
| #define HAVE_DECL_ISINF 1
| #define HAVE_DECL_ISNAN 1
| #define HAVE_DECL_ISFINITE 1
| #define POSIX_SEMAPHORES_NOT_ENABLED 1
| #define HAVE_BROKEN_SEM_GETVALUE 1
| #define HAVE_DECL_RTLD_LAZY 1
| #define HAVE_DECL_RTLD_NOW 1
| #define HAVE_DECL_RTLD_GLOBAL 1
| #define HAVE_DECL_RTLD_LOCAL 1
| #define HAVE_DECL_RTLD_NODELETE 1
| #define HAVE_DECL_RTLD_NOLOAD 1
| #define HAVE_DECL_RTLD_DEEPBIND 0
| #define HAVE_DECL_RTLD_MEMBER 0
| #define HAVE_WCHAR_H 1
| #define SIZEOF_WCHAR_T 4
| #define HAVE_USABLE_WCHAR_T 1
| #define HAVE_GETC_UNLOCKED 1
| #define HAVE_LIBREADLINE 1
| #define HAVE_RL_COMPLETION_APPEND_CHARACTER 1
| #define HAVE_RL_COMPLETION_SUPPRESS_APPEND 1
| #define HAVE_RL_PRE_INPUT_HOOK 1
| #define HAVE_RL_COMPLETION_DISPLAY_MATCHES_HOOK 1
| #define HAVE_RL_RESIZE_TERMINAL 1
| #define HAVE_RL_COMPLETION_MATCHES 1
| #define HAVE_RL_CATCH_SIGNAL 1
| #define HAVE_RL_APPEND_HISTORY 1
| #define HAVE_WORKING_TZSET 1
| #define HAVE_STAT_TV_NSEC 1
| #define HAVE_CURSES_H 1
| #define HAVE_NCURSES_H 1
| #define HAVE_TERM_H 1
| #define MVWDELCH_IS_EXPRESSION 1
| #define HAVE_CURSES_IS_PAD 1
| #define HAVE_CURSES_IS_TERM_RESIZED 1
| #define HAVE_CURSES_RESIZE_TERM 1
| #define HAVE_CURSES_RESIZETERM 1
| #define HAVE_CURSES_IMMEDOK 1
| #define HAVE_CURSES_SYNCOK 1
| #define HAVE_CURSES_WCHGAT 1
| #define HAVE_CURSES_FILTER 1
| #define HAVE_CURSES_HAS_KEY 1
| #define HAVE_CURSES_TYPEAHEAD 1
| #define HAVE_CURSES_USE_ENV 1
| #define HAVE_DEV_PTMX 1
| #define PY_FORMAT_SIZE_T "z"
| #define HAVE_COMPUTED_GOTOS 1
| #define HAVE_STD_ATOMIC 1
| #define HAVE_BUILTIN_ATOMIC 1
| #define HAVE_DIRENT_D_TYPE 1
| #define HAVE_GETRANDOM_SYSCALL 1
| /* end confdefs.h.  */
| 
| /* Override any GCC internal prototype to avoid an error.
|    Use char because int might match the return type of a GCC
|    builtin and then its argument prototype would still apply.  */
| #ifdef __cplusplus
| extern "C"
| #endif
| char shm_open ();
| int
| main ()
| {
| return shm_open ();
|   ;
|   return 0;
| }
configure:17268: result: no
configure:17283: checking for sys/mman.h
configure:17283: result: yes
configure:17305: checking for shm_open
configure:17305: gcc -o conftest -I/data/data/com.termux/files/usr/include  -L/data/data/com.termux/files/usr/lib conftest.c -lcrypt -ldl  -lm >&5
ld.lld: error: undefined symbol: shm_open
>>> referenced by conftest.c
>>>               /data/data/com.termux/files/usr/tmp/conftest-5bfdc0.o:(main)
>>> did you mean: sem_open
>>> defined in: /system/lib64/libc.so
gcc: error: linker command failed with exit code 1 (use -v to see invocation)
configure:17305: $? = 1
configure: failed program was:
| /* confdefs.h */
| #define _GNU_SOURCE 1
| #define _NETBSD_SOURCE 1
| #define __BSD_VISIBLE 1
| #define _DARWIN_C_SOURCE 1
| #define _PYTHONFRAMEWORK ""
| #define _XOPEN_SOURCE 700
| #define _XOPEN_SOURCE_EXTENDED 1
| #define _POSIX_C_SOURCE 200809L
| #define STDC_HEADERS 1
| #define HAVE_SYS_TYPES_H 1
| #define HAVE_SYS_STAT_H 1
| #define HAVE_STDLIB_H 1
| #define HAVE_STRING_H 1
| #define HAVE_MEMORY_H 1
| #define HAVE_STRINGS_H 1
| #define HAVE_INTTYPES_H 1
| #define HAVE_STDINT_H 1
| #define HAVE_UNISTD_H 1
| #define __EXTENSIONS__ 1
| #define _ALL_SOURCE 1
| #define _GNU_SOURCE 1
| #define _POSIX_PTHREAD_SEMANTICS 1
| #define _TANDEM_SOURCE 1
| #define ANDROID_API_LEVEL 24
| #define STDC_HEADERS 1
| #define HAVE_ASM_TYPES_H 1
| #define HAVE_CRYPT_H 1
| #define HAVE_DLFCN_H 1
| #define HAVE_ERRNO_H 1
| #define HAVE_FCNTL_H 1
| #define HAVE_GRP_H 1
| #define HAVE_LANGINFO_H 1
| #define HAVE_LIBINTL_H 1
| #define HAVE_PTHREAD_H 1
| #define HAVE_SCHED_H 1
| #define HAVE_SIGNAL_H 1
| #define HAVE_TERMIOS_H 1
| #define HAVE_UTIME_H 1
| #define HAVE_POLL_H 1
| #define HAVE_SYS_EPOLL_H 1
| #define HAVE_SYS_POLL_H 1
| #define HAVE_SYS_XATTR_H 1
| #define HAVE_SYS_FILE_H 1
| #define HAVE_SYS_IOCTL_H 1
| #define HAVE_SYS_PARAM_H 1
| #define HAVE_SYS_RANDOM_H 1
| #define HAVE_SYS_SELECT_H 1
| #define HAVE_SYS_SENDFILE_H 1
| #define HAVE_SYS_SOCKET_H 1
| #define HAVE_SYS_STATVFS_H 1
| #define HAVE_SYS_STAT_H 1
| #define HAVE_SYS_SYSCALL_H 1
| #define HAVE_SYS_TIME_H 1
| #define HAVE_SYS_TIMES_H 1
| #define HAVE_SYS_TYPES_H 1
| #define HAVE_SYS_UIO_H 1
| #define HAVE_SYS_UN_H 1
| #define HAVE_SYS_UTSNAME_H 1
| #define HAVE_SYS_WAIT_H 1
| #define HAVE_PTY_H 1
| #define HAVE_SYS_RESOURCE_H 1
| #define HAVE_NETPACKET_PACKET_H 1
| #define HAVE_SYSEXITS_H 1
| #define HAVE_LINUX_TIPC_H 1
| #define HAVE_LINUX_RANDOM_H 1
| #define HAVE_SPAWN_H 1
| #define HAVE_ALLOCA_H 1
| #define HAVE_ENDIAN_H 1
| #define HAVE_SYS_ENDIAN_H 1
| #define HAVE_SYS_SYSMACROS_H 1
| #define HAVE_LINUX_MEMFD_H 1
| #define HAVE_LINUX_WAIT_H 1
| #define HAVE_SYS_MMAN_H 1
| #define HAVE_DIRENT_H 1
| #define MAJOR_IN_SYSMACROS 1
| #define HAVE_NET_IF_H 1
| #define HAVE_LINUX_NETLINK_H 1
| #define HAVE_LINUX_QRTR_H 1
| #define HAVE_LINUX_VM_SOCKETS_H 1
| #define HAVE_LINUX_CAN_H 1
| #define HAVE_LINUX_CAN_BCM_H 1
| #define HAVE_LINUX_CAN_J1939_H 1
| #define HAVE_LINUX_CAN_RAW_H 1
| #define HAVE_MAKEDEV 1
| #define HAVE_HTOLE64 1
| #define _LARGEFILE_SOURCE 1
| #define _FILE_OFFSET_BITS 64
| #if defined(SCO_DS)
| #undef _OFF_T
| #endif
| #define RETSIGTYPE void
| #define HAVE_SSIZE_T 1
| #define HAVE_GCC_UINT128_T 1
| #define SIZEOF_INT 4
| #define SIZEOF_LONG 8
| #define SIZEOF_LONG_LONG 8
| #define SIZEOF_VOID_P 8
| #define SIZEOF_SHORT 2
| #define SIZEOF_FLOAT 4
| #define SIZEOF_DOUBLE 8
| #define SIZEOF_FPOS_T 8
| #define SIZEOF_SIZE_T 8
| #define SIZEOF_PID_T 4
| #define SIZEOF_UINTPTR_T 8
| #define HAVE_LONG_DOUBLE 1
| #define SIZEOF_LONG_DOUBLE 16
| #define SIZEOF__BOOL 1
| #define SIZEOF_OFF_T 8
| #define SIZEOF_TIME_T 8
| #define SIZEOF_PTHREAD_T 8
| #define SIZEOF_PTHREAD_KEY_T 4
| #define PTHREAD_KEY_T_IS_COMPATIBLE_WITH_INT 1
| #define HAVE_LIBDL 1
| #define HAVE_UUID_UUID_H 1
| #define HAVE_UUID_GENERATE_TIME_SAFE 1
| #define WITH_DECIMAL_CONTEXTVAR 1
| #define _REENTRANT 1
| #define HAVE_PTHREAD_SIGMASK 1
| #define HAVE_PTHREAD_GETCPUCLOCKID 1
| #define ENABLE_IPV6 1
| #define HAVE_LINUX_CAN_RAW_FD_FRAMES 1
| #define HAVE_LINUX_CAN_RAW_JOIN_FILTERS 1
| #define WITH_DOC_STRINGS 1
| #define WITH_PYMALLOC 1
| #define PY_COERCE_C_LOCALE 1
| #define HAVE_DLOPEN 1
| #define HAVE_DYNAMIC_LOADING 1
| #define HAVE_ALARM 1
| #define HAVE_ACCEPT4 1
| #define HAVE_SETITIMER 1
| #define HAVE_GETITIMER 1
| #define HAVE_CHOWN 1
| #define HAVE_CLOCK 1
| #define HAVE_CTERMID 1
| #define HAVE_DUP3 1
| #define HAVE_EXECV 1
| #define HAVE_FACCESSAT 1
| #define HAVE_FCHMOD 1
| #define HAVE_FCHMODAT 1
| #define HAVE_FCHOWN 1
| #define HAVE_FCHOWNAT 1
| #define HAVE_FEXECVE 1
| #define HAVE_FDOPENDIR 1
| #define HAVE_FORK 1
| #define HAVE_FPATHCONF 1
| #define HAVE_FSTATAT 1
| #define HAVE_FTRUNCATE 1
| #define HAVE_FUTIMESAT 1
| #define HAVE_FUTIMENS 1
| #define HAVE_FUTIMES 1
| #define HAVE_GAI_STRERROR 1
| #define HAVE_GETENTROPY 1
| #define HAVE_GETGRGID_R 1
| #define HAVE_GETGRNAM_R 1
| #define HAVE_GETGROUPLIST 1
| #define HAVE_GETGROUPS 1
| #define HAVE_GETLOGIN 1
| #define HAVE_GETLOADAVG 1
| #define HAVE_GETPEERNAME 1
| #define HAVE_GETPGID 1
| #define HAVE_GETPID 1
| #define HAVE_GETPRIORITY 1
| #define HAVE_GETRESUID 1
| #define HAVE_GETRESGID 1
| #define HAVE_GETPWENT 1
| #define HAVE_GETPWNAM_R 1
| #define HAVE_GETPWUID_R 1
| #define HAVE_GETSID 1
| #define HAVE_IF_NAMEINDEX 1
| #define HAVE_INITGROUPS 1
| #define HAVE_KILL 1
| #define HAVE_KILLPG 1
| #define HAVE_LCHOWN 1
| #define HAVE_LOCKF 1
| #define HAVE_LINKAT 1
| #define HAVE_LSTAT 1
| #define HAVE_LUTIMES 1
| #define HAVE_MMAP 1
| #define HAVE_MEMRCHR 1
| #define HAVE_MBRTOWC 1
| #define HAVE_MKDIRAT 1
| #define HAVE_MKFIFO 1
| #define HAVE_MADVISE 1
| #define HAVE_MKFIFOAT 1
| #define HAVE_MKNOD 1
| #define HAVE_MKNODAT 1
| #define HAVE_MKTIME 1
| #define HAVE_MREMAP 1
| #define HAVE_NICE 1
| #define HAVE_OPENAT 1
| #define HAVE_PATHCONF 1
| #define HAVE_PAUSE 1
| #define HAVE_PIPE2 1
| #define HAVE_POLL 1
| #define HAVE_POSIX_FALLOCATE 1
| #define HAVE_POSIX_FADVISE 1
| #define HAVE_POSIX_SPAWN 1
| #define HAVE_POSIX_SPAWNP 1
| #define HAVE_PREAD 1
| #define HAVE_PREADV 1
| #define HAVE_PREADV2 1
| #define HAVE_PTHREAD_CONDATTR_SETCLOCK 1
| #define HAVE_PTHREAD_KILL 1
| #define HAVE_PWRITE 1
| #define HAVE_PWRITEV 1
| #define HAVE_PWRITEV2 1
| #define HAVE_READLINK 1
| #define HAVE_READLINKAT 1
| #define HAVE_READV 1
| #define HAVE_REALPATH 1
| #define HAVE_RENAMEAT 1
| #define HAVE_SEM_OPEN 1
| #define HAVE_SEM_TIMEDWAIT 1
| #define HAVE_SEM_GETVALUE 1
| #define HAVE_SEM_UNLINK 1
| #define HAVE_SENDFILE 1
| #define HAVE_SETEGID 1
| #define HAVE_SETEUID 1
| #define HAVE_SETGID 1
| #define HAVE_SETHOSTNAME 1
| #define HAVE_SETLOCALE 1
| #define HAVE_SETREGID 1
| #define HAVE_SETREUID 1
| #define HAVE_SETRESUID 1
| #define HAVE_SETRESGID 1
| #define HAVE_SETSID 1
| #define HAVE_SETPGID 1
| #define HAVE_SETPGRP 1
| #define HAVE_SETPRIORITY 1
| #define HAVE_SETUID 1
| #define HAVE_SETVBUF 1
| #define HAVE_SCHED_GET_PRIORITY_MAX 1
| #define HAVE_SCHED_SETAFFINITY 1
| #define HAVE_SCHED_SETSCHEDULER 1
| #define HAVE_SCHED_SETPARAM 1
| #define HAVE_SCHED_RR_GET_INTERVAL 1
| #define HAVE_SIGACTION 1
| #define HAVE_SIGALTSTACK 1
| #define HAVE_SIGFILLSET 1
| #define HAVE_SIGINTERRUPT 1
| #define HAVE_SIGPENDING 1
| #define HAVE_SIGRELSE 1
| #define HAVE_SIGTIMEDWAIT 1
| #define HAVE_SIGWAIT 1
| #define HAVE_SIGWAITINFO 1
| #define HAVE_SNPRINTF 1
| #define HAVE_STRFTIME 1
| #define HAVE_STRLCPY 1
| #define HAVE_STRSIGNAL 1
| #define HAVE_SYMLINKAT 1
| #define HAVE_SYNC 1
| #define HAVE_SYSCONF 1
| #define HAVE_TCGETPGRP 1
| #define HAVE_TCSETPGRP 1
| #define HAVE_TEMPNAM 1
| #define HAVE_TIMEGM 1
| #define HAVE_TIMES 1
| #define HAVE_TMPFILE 1
| #define HAVE_TMPNAM 1
| #define HAVE_TRUNCATE 1
| #define HAVE_UNAME 1
| #define HAVE_UNLINKAT 1
| #define HAVE_UTIMENSAT 1
| #define HAVE_UTIMES 1
| #define HAVE_WAITID 1
| #define HAVE_WAITPID 1
| #define HAVE_WAIT4 1
| #define HAVE_WCSCOLL 1
| #define HAVE_WCSFTIME 1
| #define HAVE_WCSXFRM 1
| #define HAVE_WMEMCMP 1
| #define HAVE_WRITEV 1
| #define HAVE_DIRFD 1
| #define HAVE_CHROOT 1
| #define HAVE_LINK 1
| #define HAVE_SYMLINK 1
| #define HAVE_FCHDIR 1
| #define HAVE_FSYNC 1
| #define HAVE_FDATASYNC 1
| #define HAVE_EPOLL 1
| #define HAVE_EPOLL_CREATE1 1
| #define HAVE_PRLIMIT 1
| #define HAVE_FLOCK 1
| #define HAVE_GETPAGESIZE 1
| #define HAVE_ZLIB_COPY 1
| #define HAVE_HSTRERROR 1
| #define HAVE_INET_ATON 1
| #define HAVE_INET_PTON 1
| #define HAVE_SETGROUPS 1
| #define HAVE_OPENPTY 1
| #define HAVE_FORKPTY 1
| #define HAVE_FSEEKO 1
| #define HAVE_FSTATVFS 1
| #define HAVE_FTELLO 1
| #define HAVE_STATVFS 1
| #define HAVE_DUP2 1
| #define HAVE_STRDUP 1
| #define HAVE_GETPGRP 1
| #define HAVE_SETPGRP 1
| #define HAVE_CLOCK_GETTIME 1
| #define HAVE_CLOCK_GETRES 1
| #define HAVE_CLOCK_SETTIME 1
| #define HAVE_DEVICE_MACROS 1
| #define HAVE_GETADDRINFO 1
| #define HAVE_GETNAMEINFO 1
| #define TIME_WITH_SYS_TIME 1
| #define HAVE_STRUCT_TM_TM_ZONE 1
| #define HAVE_TM_ZONE 1
| #define HAVE_STRUCT_STAT_ST_RDEV 1
| #define HAVE_STRUCT_STAT_ST_BLKSIZE 1
| #define HAVE_STRUCT_STAT_ST_BLOCKS 1
| #define HAVE_STRUCT_PASSWD_PW_GECOS 1
| #define HAVE_STRUCT_PASSWD_PW_PASSWD 1
| #define HAVE_SIGINFO_T_SI_BAND 1
| #define SYS_SELECT_WITH_SYS_TIME 1
| #define HAVE_ADDRINFO 1
| #define HAVE_SOCKADDR_STORAGE 1
| #define HAVE_SOCKADDR_ALG 1
| #define HAVE_PROTOTYPES 1
| #define HAVE_STDARG_PROTOTYPES 1
| #define HAVE_SOCKETPAIR 1
| #define HAVE_GETHOSTBYNAME_R 1
| #define HAVE_GETHOSTBYNAME_R 1
| #define HAVE_GETHOSTBYNAME_R_6_ARG 1
| #define DOUBLE_IS_LITTLE_ENDIAN_IEEE754 1
| #define HAVE_ACOSH 1
| #define HAVE_ASINH 1
| #define HAVE_ATANH 1
| #define HAVE_COPYSIGN 1
| #define HAVE_ERF 1
| #define HAVE_ERFC 1
| #define HAVE_EXPM1 1
| #define HAVE_FINITE 1
| #define HAVE_GAMMA 1
| #define HAVE_HYPOT 1
| #define HAVE_LGAMMA 1
| #define HAVE_LOG1P 1
| #define HAVE_LOG2 1
| #define HAVE_ROUND 1
| #define HAVE_TGAMMA 1
| #define HAVE_DECL_ISINF 1
| #define HAVE_DECL_ISNAN 1
| #define HAVE_DECL_ISFINITE 1
| #define POSIX_SEMAPHORES_NOT_ENABLED 1
| #define HAVE_BROKEN_SEM_GETVALUE 1
| #define HAVE_DECL_RTLD_LAZY 1
| #define HAVE_DECL_RTLD_NOW 1
| #define HAVE_DECL_RTLD_GLOBAL 1
| #define HAVE_DECL_RTLD_LOCAL 1
| #define HAVE_DECL_RTLD_NODELETE 1
| #define HAVE_DECL_RTLD_NOLOAD 1
| #define HAVE_DECL_RTLD_DEEPBIND 0
| #define HAVE_DECL_RTLD_MEMBER 0
| #define HAVE_WCHAR_H 1
| #define SIZEOF_WCHAR_T 4
| #define HAVE_USABLE_WCHAR_T 1
| #define HAVE_GETC_UNLOCKED 1
| #define HAVE_LIBREADLINE 1
| #define HAVE_RL_COMPLETION_APPEND_CHARACTER 1
| #define HAVE_RL_COMPLETION_SUPPRESS_APPEND 1
| #define HAVE_RL_PRE_INPUT_HOOK 1
| #define HAVE_RL_COMPLETION_DISPLAY_MATCHES_HOOK 1
| #define HAVE_RL_RESIZE_TERMINAL 1
| #define HAVE_RL_COMPLETION_MATCHES 1
| #define HAVE_RL_CATCH_SIGNAL 1
| #define HAVE_RL_APPEND_HISTORY 1
| #define HAVE_WORKING_TZSET 1
| #define HAVE_STAT_TV_NSEC 1
| #define HAVE_CURSES_H 1
| #define HAVE_NCURSES_H 1
| #define HAVE_TERM_H 1
| #define MVWDELCH_IS_EXPRESSION 1
| #define HAVE_CURSES_IS_PAD 1
| #define HAVE_CURSES_IS_TERM_RESIZED 1
| #define HAVE_CURSES_RESIZE_TERM 1
| #define HAVE_CURSES_RESIZETERM 1
| #define HAVE_CURSES_IMMEDOK 1
| #define HAVE_CURSES_SYNCOK 1
| #define HAVE_CURSES_WCHGAT 1
| #define HAVE_CURSES_FILTER 1
| #define HAVE_CURSES_HAS_KEY 1
| #define HAVE_CURSES_TYPEAHEAD 1
| #define HAVE_CURSES_USE_ENV 1
| #define HAVE_DEV_PTMX 1
| #define PY_FORMAT_SIZE_T "z"
| #define HAVE_COMPUTED_GOTOS 1
| #define HAVE_STD_ATOMIC 1
| #define HAVE_BUILTIN_ATOMIC 1
| #define HAVE_DIRENT_D_TYPE 1
| #define HAVE_GETRANDOM_SYSCALL 1
| #define HAVE_SYS_MMAN_H 1
| /* end confdefs.h.  */
| /* Define shm_open to an innocuous variant, in case <limits.h> declares shm_open.
|    For example, HP-UX 11i <limits.h> declares gettimeofday.  */
| #define shm_open innocuous_shm_open
| 
| /* System header to define __stub macros and hopefully few prototypes,
|     which can conflict with char shm_open (); below.
|     Prefer <limits.h> to <assert.h> if __STDC__ is defined, since
|     <limits.h> exists even on freestanding compilers.  */
| 
| #ifdef __STDC__
| # include <limits.h>
| #else
| # include <assert.h>
| #endif
| 
| #undef shm_open
| 
| /* Override any GCC internal prototype to avoid an error.
|    Use char because int might match the return type of a GCC
|    builtin and then its argument prototype would still apply.  */
| #ifdef __cplusplus
| extern "C"
| #endif
| char shm_open ();
| /* The GNU C library defines this for functions which it implements
|     to always fail with ENOSYS.  Some functions are actually named
|     something starting with __ and the normal name is an alias.  */
| #if defined __stub_shm_open || defined __stub___shm_open
| choke me
| #endif
| 
| int
| main ()
| {
| return shm_open ();
|   ;
|   return 0;
| }
configure:17305: result: no
configure:17305: checking for shm_unlink
configure:17305: gcc -o conftest -I/data/data/com.termux/files/usr/include  -L/data/data/com.termux/files/usr/lib conftest.c -lcrypt -ldl  -lm >&5
ld.lld: error: undefined symbol: shm_unlink
>>> referenced by conftest.c
>>>               /data/data/com.termux/files/usr/tmp/conftest-d41525.o:(main)
>>> did you mean: sem_unlink
>>> defined in: /system/lib64/libc.so
gcc: error: linker command failed with exit code 1 (use -v to see invocation)
configure:17305: $? = 1
configure: failed program was:
| /* confdefs.h */
| #define _GNU_SOURCE 1
| #define _NETBSD_SOURCE 1
| #define __BSD_VISIBLE 1
| #define _DARWIN_C_SOURCE 1
| #define _PYTHONFRAMEWORK ""
| #define _XOPEN_SOURCE 700
| #define _XOPEN_SOURCE_EXTENDED 1
| #define _POSIX_C_SOURCE 200809L
| #define STDC_HEADERS 1
| #define HAVE_SYS_TYPES_H 1
| #define HAVE_SYS_STAT_H 1
| #define HAVE_STDLIB_H 1
| #define HAVE_STRING_H 1
| #define HAVE_MEMORY_H 1
| #define HAVE_STRINGS_H 1
| #define HAVE_INTTYPES_H 1
| #define HAVE_STDINT_H 1
| #define HAVE_UNISTD_H 1
| #define __EXTENSIONS__ 1
| #define _ALL_SOURCE 1
| #define _GNU_SOURCE 1
| #define _POSIX_PTHREAD_SEMANTICS 1
| #define _TANDEM_SOURCE 1
| #define ANDROID_API_LEVEL 24
| #define STDC_HEADERS 1
| #define HAVE_ASM_TYPES_H 1
| #define HAVE_CRYPT_H 1
| #define HAVE_DLFCN_H 1
| #define HAVE_ERRNO_H 1
| #define HAVE_FCNTL_H 1
| #define HAVE_GRP_H 1
| #define HAVE_LANGINFO_H 1
| #define HAVE_LIBINTL_H 1
| #define HAVE_PTHREAD_H 1
| #define HAVE_SCHED_H 1
| #define HAVE_SIGNAL_H 1
| #define HAVE_TERMIOS_H 1
| #define HAVE_UTIME_H 1
| #define HAVE_POLL_H 1
| #define HAVE_SYS_EPOLL_H 1
| #define HAVE_SYS_POLL_H 1
| #define HAVE_SYS_XATTR_H 1
| #define HAVE_SYS_FILE_H 1
| #define HAVE_SYS_IOCTL_H 1
| #define HAVE_SYS_PARAM_H 1
| #define HAVE_SYS_RANDOM_H 1
| #define HAVE_SYS_SELECT_H 1
| #define HAVE_SYS_SENDFILE_H 1
| #define HAVE_SYS_SOCKET_H 1
| #define HAVE_SYS_STATVFS_H 1
| #define HAVE_SYS_STAT_H 1
| #define HAVE_SYS_SYSCALL_H 1
| #define HAVE_SYS_TIME_H 1
| #define HAVE_SYS_TIMES_H 1
| #define HAVE_SYS_TYPES_H 1
| #define HAVE_SYS_UIO_H 1
| #define HAVE_SYS_UN_H 1
| #define HAVE_SYS_UTSNAME_H 1
| #define HAVE_SYS_WAIT_H 1
| #define HAVE_PTY_H 1
| #define HAVE_SYS_RESOURCE_H 1
| #define HAVE_NETPACKET_PACKET_H 1
| #define HAVE_SYSEXITS_H 1
| #define HAVE_LINUX_TIPC_H 1
| #define HAVE_LINUX_RANDOM_H 1
| #define HAVE_SPAWN_H 1
| #define HAVE_ALLOCA_H 1
| #define HAVE_ENDIAN_H 1
| #define HAVE_SYS_ENDIAN_H 1
| #define HAVE_SYS_SYSMACROS_H 1
| #define HAVE_LINUX_MEMFD_H 1
| #define HAVE_LINUX_WAIT_H 1
| #define HAVE_SYS_MMAN_H 1
| #define HAVE_DIRENT_H 1
| #define MAJOR_IN_SYSMACROS 1
| #define HAVE_NET_IF_H 1
| #define HAVE_LINUX_NETLINK_H 1
| #define HAVE_LINUX_QRTR_H 1
| #define HAVE_LINUX_VM_SOCKETS_H 1
| #define HAVE_LINUX_CAN_H 1
| #define HAVE_LINUX_CAN_BCM_H 1
| #define HAVE_LINUX_CAN_J1939_H 1
| #define HAVE_LINUX_CAN_RAW_H 1
| #define HAVE_MAKEDEV 1
| #define HAVE_HTOLE64 1
| #define _LARGEFILE_SOURCE 1
| #define _FILE_OFFSET_BITS 64
| #if defined(SCO_DS)
| #undef _OFF_T
| #endif
| #define RETSIGTYPE void
| #define HAVE_SSIZE_T 1
| #define HAVE_GCC_UINT128_T 1
| #define SIZEOF_INT 4
| #define SIZEOF_LONG 8
| #define SIZEOF_LONG_LONG 8
| #define SIZEOF_VOID_P 8
| #define SIZEOF_SHORT 2
| #define SIZEOF_FLOAT 4
| #define SIZEOF_DOUBLE 8
| #define SIZEOF_FPOS_T 8
| #define SIZEOF_SIZE_T 8
| #define SIZEOF_PID_T 4
| #define SIZEOF_UINTPTR_T 8
| #define HAVE_LONG_DOUBLE 1
| #define SIZEOF_LONG_DOUBLE 16
| #define SIZEOF__BOOL 1
| #define SIZEOF_OFF_T 8
| #define SIZEOF_TIME_T 8
| #define SIZEOF_PTHREAD_T 8
| #define SIZEOF_PTHREAD_KEY_T 4
| #define PTHREAD_KEY_T_IS_COMPATIBLE_WITH_INT 1
| #define HAVE_LIBDL 1
| #define HAVE_UUID_UUID_H 1
| #define HAVE_UUID_GENERATE_TIME_SAFE 1
| #define WITH_DECIMAL_CONTEXTVAR 1
| #define _REENTRANT 1
| #define HAVE_PTHREAD_SIGMASK 1
| #define HAVE_PTHREAD_GETCPUCLOCKID 1
| #define ENABLE_IPV6 1
| #define HAVE_LINUX_CAN_RAW_FD_FRAMES 1
| #define HAVE_LINUX_CAN_RAW_JOIN_FILTERS 1
| #define WITH_DOC_STRINGS 1
| #define WITH_PYMALLOC 1
| #define PY_COERCE_C_LOCALE 1
| #define HAVE_DLOPEN 1
| #define HAVE_DYNAMIC_LOADING 1
| #define HAVE_ALARM 1
| #define HAVE_ACCEPT4 1
| #define HAVE_SETITIMER 1
| #define HAVE_GETITIMER 1
| #define HAVE_CHOWN 1
| #define HAVE_CLOCK 1
| #define HAVE_CTERMID 1
| #define HAVE_DUP3 1
| #define HAVE_EXECV 1
| #define HAVE_FACCESSAT 1
| #define HAVE_FCHMOD 1
| #define HAVE_FCHMODAT 1
| #define HAVE_FCHOWN 1
| #define HAVE_FCHOWNAT 1
| #define HAVE_FEXECVE 1
| #define HAVE_FDOPENDIR 1
| #define HAVE_FORK 1
| #define HAVE_FPATHCONF 1
| #define HAVE_FSTATAT 1
| #define HAVE_FTRUNCATE 1
| #define HAVE_FUTIMESAT 1
| #define HAVE_FUTIMENS 1
| #define HAVE_FUTIMES 1
| #define HAVE_GAI_STRERROR 1
| #define HAVE_GETENTROPY 1
| #define HAVE_GETGRGID_R 1
| #define HAVE_GETGRNAM_R 1
| #define HAVE_GETGROUPLIST 1
| #define HAVE_GETGROUPS 1
| #define HAVE_GETLOGIN 1
| #define HAVE_GETLOADAVG 1
| #define HAVE_GETPEERNAME 1
| #define HAVE_GETPGID 1
| #define HAVE_GETPID 1
| #define HAVE_GETPRIORITY 1
| #define HAVE_GETRESUID 1
| #define HAVE_GETRESGID 1
| #define HAVE_GETPWENT 1
| #define HAVE_GETPWNAM_R 1
| #define HAVE_GETPWUID_R 1
| #define HAVE_GETSID 1
| #define HAVE_IF_NAMEINDEX 1
| #define HAVE_INITGROUPS 1
| #define HAVE_KILL 1
| #define HAVE_KILLPG 1
| #define HAVE_LCHOWN 1
| #define HAVE_LOCKF 1
| #define HAVE_LINKAT 1
| #define HAVE_LSTAT 1
| #define HAVE_LUTIMES 1
| #define HAVE_MMAP 1
| #define HAVE_MEMRCHR 1
| #define HAVE_MBRTOWC 1
| #define HAVE_MKDIRAT 1
| #define HAVE_MKFIFO 1
| #define HAVE_MADVISE 1
| #define HAVE_MKFIFOAT 1
| #define HAVE_MKNOD 1
| #define HAVE_MKNODAT 1
| #define HAVE_MKTIME 1
| #define HAVE_MREMAP 1
| #define HAVE_NICE 1
| #define HAVE_OPENAT 1
| #define HAVE_PATHCONF 1
| #define HAVE_PAUSE 1
| #define HAVE_PIPE2 1
| #define HAVE_POLL 1
| #define HAVE_POSIX_FALLOCATE 1
| #define HAVE_POSIX_FADVISE 1
| #define HAVE_POSIX_SPAWN 1
| #define HAVE_POSIX_SPAWNP 1
| #define HAVE_PREAD 1
| #define HAVE_PREADV 1
| #define HAVE_PREADV2 1
| #define HAVE_PTHREAD_CONDATTR_SETCLOCK 1
| #define HAVE_PTHREAD_KILL 1
| #define HAVE_PWRITE 1
| #define HAVE_PWRITEV 1
| #define HAVE_PWRITEV2 1
| #define HAVE_READLINK 1
| #define HAVE_READLINKAT 1
| #define HAVE_READV 1
| #define HAVE_REALPATH 1
| #define HAVE_RENAMEAT 1
| #define HAVE_SEM_OPEN 1
| #define HAVE_SEM_TIMEDWAIT 1
| #define HAVE_SEM_GETVALUE 1
| #define HAVE_SEM_UNLINK 1
| #define HAVE_SENDFILE 1
| #define HAVE_SETEGID 1
| #define HAVE_SETEUID 1
| #define HAVE_SETGID 1
| #define HAVE_SETHOSTNAME 1
| #define HAVE_SETLOCALE 1
| #define HAVE_SETREGID 1
| #define HAVE_SETREUID 1
| #define HAVE_SETRESUID 1
| #define HAVE_SETRESGID 1
| #define HAVE_SETSID 1
| #define HAVE_SETPGID 1
| #define HAVE_SETPGRP 1
| #define HAVE_SETPRIORITY 1
| #define HAVE_SETUID 1
| #define HAVE_SETVBUF 1
| #define HAVE_SCHED_GET_PRIORITY_MAX 1
| #define HAVE_SCHED_SETAFFINITY 1
| #define HAVE_SCHED_SETSCHEDULER 1
| #define HAVE_SCHED_SETPARAM 1
| #define HAVE_SCHED_RR_GET_INTERVAL 1
| #define HAVE_SIGACTION 1
| #define HAVE_SIGALTSTACK 1
| #define HAVE_SIGFILLSET 1
| #define HAVE_SIGINTERRUPT 1
| #define HAVE_SIGPENDING 1
| #define HAVE_SIGRELSE 1
| #define HAVE_SIGTIMEDWAIT 1
| #define HAVE_SIGWAIT 1
| #define HAVE_SIGWAITINFO 1
| #define HAVE_SNPRINTF 1
| #define HAVE_STRFTIME 1
| #define HAVE_STRLCPY 1
| #define HAVE_STRSIGNAL 1
| #define HAVE_SYMLINKAT 1
| #define HAVE_SYNC 1
| #define HAVE_SYSCONF 1
| #define HAVE_TCGETPGRP 1
| #define HAVE_TCSETPGRP 1
| #define HAVE_TEMPNAM 1
| #define HAVE_TIMEGM 1
| #define HAVE_TIMES 1
| #define HAVE_TMPFILE 1
| #define HAVE_TMPNAM 1
| #define HAVE_TRUNCATE 1
| #define HAVE_UNAME 1
| #define HAVE_UNLINKAT 1
| #define HAVE_UTIMENSAT 1
| #define HAVE_UTIMES 1
| #define HAVE_WAITID 1
| #define HAVE_WAITPID 1
| #define HAVE_WAIT4 1
| #define HAVE_WCSCOLL 1
| #define HAVE_WCSFTIME 1
| #define HAVE_WCSXFRM 1
| #define HAVE_WMEMCMP 1
| #define HAVE_WRITEV 1
| #define HAVE_DIRFD 1
| #define HAVE_CHROOT 1
| #define HAVE_LINK 1
| #define HAVE_SYMLINK 1
| #define HAVE_FCHDIR 1
| #define HAVE_FSYNC 1
| #define HAVE_FDATASYNC 1
| #define HAVE_EPOLL 1
| #define HAVE_EPOLL_CREATE1 1
| #define HAVE_PRLIMIT 1
| #define HAVE_FLOCK 1
| #define HAVE_GETPAGESIZE 1
| #define HAVE_ZLIB_COPY 1
| #define HAVE_HSTRERROR 1
| #define HAVE_INET_ATON 1
| #define HAVE_INET_PTON 1
| #define HAVE_SETGROUPS 1
| #define HAVE_OPENPTY 1
| #define HAVE_FORKPTY 1
| #define HAVE_FSEEKO 1
| #define HAVE_FSTATVFS 1
| #define HAVE_FTELLO 1
| #define HAVE_STATVFS 1
| #define HAVE_DUP2 1
| #define HAVE_STRDUP 1
| #define HAVE_GETPGRP 1
| #define HAVE_SETPGRP 1
| #define HAVE_CLOCK_GETTIME 1
| #define HAVE_CLOCK_GETRES 1
| #define HAVE_CLOCK_SETTIME 1
| #define HAVE_DEVICE_MACROS 1
| #define HAVE_GETADDRINFO 1
| #define HAVE_GETNAMEINFO 1
| #define TIME_WITH_SYS_TIME 1
| #define HAVE_STRUCT_TM_TM_ZONE 1
| #define HAVE_TM_ZONE 1
| #define HAVE_STRUCT_STAT_ST_RDEV 1
| #define HAVE_STRUCT_STAT_ST_BLKSIZE 1
| #define HAVE_STRUCT_STAT_ST_BLOCKS 1
| #define HAVE_STRUCT_PASSWD_PW_GECOS 1
| #define HAVE_STRUCT_PASSWD_PW_PASSWD 1
| #define HAVE_SIGINFO_T_SI_BAND 1
| #define SYS_SELECT_WITH_SYS_TIME 1
| #define HAVE_ADDRINFO 1
| #define HAVE_SOCKADDR_STORAGE 1
| #define HAVE_SOCKADDR_ALG 1
| #define HAVE_PROTOTYPES 1
| #define HAVE_STDARG_PROTOTYPES 1
| #define HAVE_SOCKETPAIR 1
| #define HAVE_GETHOSTBYNAME_R 1
| #define HAVE_GETHOSTBYNAME_R 1
| #define HAVE_GETHOSTBYNAME_R_6_ARG 1
| #define DOUBLE_IS_LITTLE_ENDIAN_IEEE754 1
| #define HAVE_ACOSH 1
| #define HAVE_ASINH 1
| #define HAVE_ATANH 1
| #define HAVE_COPYSIGN 1
| #define HAVE_ERF 1
| #define HAVE_ERFC 1
| #define HAVE_EXPM1 1
| #define HAVE_FINITE 1
| #define HAVE_GAMMA 1
| #define HAVE_HYPOT 1
| #define HAVE_LGAMMA 1
| #define HAVE_LOG1P 1
| #define HAVE_LOG2 1
| #define HAVE_ROUND 1
| #define HAVE_TGAMMA 1
| #define HAVE_DECL_ISINF 1
| #define HAVE_DECL_ISNAN 1
| #define HAVE_DECL_ISFINITE 1
| #define POSIX_SEMAPHORES_NOT_ENABLED 1
| #define HAVE_BROKEN_SEM_GETVALUE 1
| #define HAVE_DECL_RTLD_LAZY 1
| #define HAVE_DECL_RTLD_NOW 1
| #define HAVE_DECL_RTLD_GLOBAL 1
| #define HAVE_DECL_RTLD_LOCAL 1
| #define HAVE_DECL_RTLD_NODELETE 1
| #define HAVE_DECL_RTLD_NOLOAD 1
| #define HAVE_DECL_RTLD_DEEPBIND 0
| #define HAVE_DECL_RTLD_MEMBER 0
| #define HAVE_WCHAR_H 1
| #define SIZEOF_WCHAR_T 4
| #define HAVE_USABLE_WCHAR_T 1
| #define HAVE_GETC_UNLOCKED 1
| #define HAVE_LIBREADLINE 1
| #define HAVE_RL_COMPLETION_APPEND_CHARACTER 1
| #define HAVE_RL_COMPLETION_SUPPRESS_APPEND 1
| #define HAVE_RL_PRE_INPUT_HOOK 1
| #define HAVE_RL_COMPLETION_DISPLAY_MATCHES_HOOK 1
| #define HAVE_RL_RESIZE_TERMINAL 1
| #define HAVE_RL_COMPLETION_MATCHES 1
| #define HAVE_RL_CATCH_SIGNAL 1
| #define HAVE_RL_APPEND_HISTORY 1
| #define HAVE_WORKING_TZSET 1
| #define HAVE_STAT_TV_NSEC 1
| #define HAVE_CURSES_H 1
| #define HAVE_NCURSES_H 1
| #define HAVE_TERM_H 1
| #define MVWDELCH_IS_EXPRESSION 1
| #define HAVE_CURSES_IS_PAD 1
| #define HAVE_CURSES_IS_TERM_RESIZED 1
| #define HAVE_CURSES_RESIZE_TERM 1
| #define HAVE_CURSES_RESIZETERM 1
| #define HAVE_CURSES_IMMEDOK 1
| #define HAVE_CURSES_SYNCOK 1
| #define HAVE_CURSES_WCHGAT 1
| #define HAVE_CURSES_FILTER 1
| #define HAVE_CURSES_HAS_KEY 1
| #define HAVE_CURSES_TYPEAHEAD 1
| #define HAVE_CURSES_USE_ENV 1
| #define HAVE_DEV_PTMX 1
| #define PY_FORMAT_SIZE_T "z"
| #define HAVE_COMPUTED_GOTOS 1
| #define HAVE_STD_ATOMIC 1
| #define HAVE_BUILTIN_ATOMIC 1
| #define HAVE_DIRENT_D_TYPE 1
| #define HAVE_GETRANDOM_SYSCALL 1
| #define HAVE_SYS_MMAN_H 1
| /* end confdefs.h.  */
| /* Define shm_unlink to an innocuous variant, in case <limits.h> declares shm_unlink.
|    For example, HP-UX 11i <limits.h> declares gettimeofday.  */
| #define shm_unlink innocuous_shm_unlink
| 
| /* System header to define __stub macros and hopefully few prototypes,
|     which can conflict with char shm_unlink (); below.
|     Prefer <limits.h> to <assert.h> if __STDC__ is defined, since
|     <limits.h> exists even on freestanding compilers.  */
| 
| #ifdef __STDC__
| # include <limits.h>
| #else
| # include <assert.h>
| #endif
| 
| #undef shm_unlink
| 
| /* Override any GCC internal prototype to avoid an error.
|    Use char because int might match the return type of a GCC
|    builtin and then its argument prototype would still apply.  */
| #ifdef __cplusplus
| extern "C"
| #endif
| char shm_unlink ();
| /* The GNU C library defines this for functions which it implements
|     to always fail with ENOSYS.  Some functions are actually named
|     something starting with __ and the normal name is an alias.  */
| #if defined __stub_shm_unlink || defined __stub___shm_unlink
| choke me
| #endif
| 
| int
| main ()
| {
| return shm_unlink ();
|   ;
|   return 0;
| }
configure:17305: result: no
configure:17380: checking for pkg-config
configure:17407: result: /data/data/com.termux/files/usr/bin/pkg-config
configure:17477: checking whether compiling and linking against OpenSSL works
Trying link with OPENSSL_LDFLAGS=-L/data/data/com.termux/files/usr/lib; OPENSSL_LIBS=-lssl -lcrypto; OPENSSL_INCLUDES=-I/data/data/com.termux/files/usr/include
configure:17499: gcc -o conftest -I/data/data/com.termux/files/usr/include -I/data/data/com.termux/files/usr/include  -L/data/data/com.termux/files/usr/lib -L/data/data/com.termux/files/usr/lib conftest.c -lssl -lcrypto -lcrypt -ldl  -lm >&5
configure:17499: $? = 0
configure:17501: result: yes
configure:17524: checking for X509_VERIFY_PARAM_set1_host in libssl
configure:17553: gcc -o conftest -I/data/data/com.termux/files/usr/include -I/data/data/com.termux/files/usr/include  -L/data/data/com.termux/files/usr/lib -L/data/data/com.termux/files/usr/lib conftest.c -lssl -lcrypto -lcrypt -ldl  -lm >&5
configure:17553: $? = 0
configure:17564: result: yes
configure:17581: checking for --with-ssl-default-suites
configure:17610: result: python
configure:17623: checking for --with-builtin-hashlib-hashes
configure:17646: result: md5,sha1,sha256,sha512,sha3,blake2
configure:17776: creating ./config.status

## ---------------------- ##
## Running config.status. ##
## ---------------------- ##

This file was extended by python config.status 3.9, which was
generated by GNU Autoconf 2.69.  Invocation command line was

  CONFIG_FILES    = 
  CONFIG_HEADERS  = 
  CONFIG_LINKS    = 
  CONFIG_COMMANDS = 
  $ ./config.status 

on localhost

config.status:1317: creating Makefile.pre
config.status:1317: creating Misc/python.pc
config.status:1317: creating Misc/python-embed.pc
config.status:1317: creating Misc/python-config.sh
config.status:1317: creating Modules/ld_so_aix
config.status:1317: creating pyconfig.h

## ---------------- ##
## Cache variables. ##
## ---------------- ##

ac_cv_aligned_required='no'
ac_cv_broken_mbstowcs='no'
ac_cv_broken_nice='no'
ac_cv_broken_poll='no'
ac_cv_broken_sem_getvalue='yes'
ac_cv_buggy_getaddrinfo='no'
ac_cv_build='aarch64-unknown-linux-gnu'
ac_cv_c_bigendian='no'
ac_cv_c_char_unsigned='yes'
ac_cv_c_compiler_gnu='yes'
ac_cv_c_const='yes'
ac_cv_computed_gotos='yes'
ac_cv_cxx_thread='no'
ac_cv_disable_missing_field_initializers='yes'
ac_cv_disable_unused_parameter_warning='yes'
ac_cv_disable_unused_result_warning='yes'
ac_cv_enable_implicit_function_declaration_error='yes'
ac_cv_enable_sign_compare_warning='yes'
ac_cv_enable_strict_prototypes_warning='no'
ac_cv_enable_unreachable_code_warning='yes'
ac_cv_enable_visibility='yes'
ac_cv_env_CC_set=''
ac_cv_env_CC_value=''
ac_cv_env_CFLAGS_set='set'
ac_cv_env_CFLAGS_value='-I/data/data/com.termux/files/usr/include'
ac_cv_env_CPPFLAGS_set=''
ac_cv_env_CPPFLAGS_value=''
ac_cv_env_CPP_set=''
ac_cv_env_CPP_value=''
ac_cv_env_LDFLAGS_set='set'
ac_cv_env_LDFLAGS_value='-L/data/data/com.termux/files/usr/lib'
ac_cv_env_LIBS_set=''
ac_cv_env_LIBS_value=''
ac_cv_env_MACHDEP_set=''
ac_cv_env_MACHDEP_value=''
ac_cv_env_PKG_CONFIG_LIBDIR_set=''
ac_cv_env_PKG_CONFIG_LIBDIR_value=''
ac_cv_env_PKG_CONFIG_PATH_set=''
ac_cv_env_PKG_CONFIG_PATH_value=''
ac_cv_env_PKG_CONFIG_set=''
ac_cv_env_PKG_CONFIG_value=''
ac_cv_env_PROFILE_TASK_set=''
ac_cv_env_PROFILE_TASK_value=''
ac_cv_env_build_alias_set=''
ac_cv_env_build_alias_value=''
ac_cv_env_host_alias_set=''
ac_cv_env_host_alias_value=''
ac_cv_env_target_alias_set=''
ac_cv_env_target_alias_value=''
ac_cv_extra_warnings='yes'
ac_cv_file__dev_ptc='no'
ac_cv_file__dev_ptmx='yes'
ac_cv_flock_decl='yes'
ac_cv_func___fpu_control='no'
ac_cv_func__getpty='no'
ac_cv_func_accept4='yes'
ac_cv_func_acosh='yes'
ac_cv_func_alarm='yes'
ac_cv_func_asinh='yes'
ac_cv_func_atanh='yes'
ac_cv_func_bind_textdomain_codeset='no'
ac_cv_func_chown='yes'
ac_cv_func_clock='yes'
ac_cv_func_clock_getres='yes'
ac_cv_func_clock_gettime='yes'
ac_cv_func_clock_settime='yes'
ac_cv_func_confstr='no'
ac_cv_func_copy_file_range='no'
ac_cv_func_copysign='yes'
ac_cv_func_crypt_r='no'
ac_cv_func_ctermid='yes'
ac_cv_func_dlopen='yes'
ac_cv_func_dup2='yes'
ac_cv_func_dup3='yes'
ac_cv_func_erf='yes'
ac_cv_func_erfc='yes'
ac_cv_func_execv='yes'
ac_cv_func_explicit_bzero='no'
ac_cv_func_explicit_memset='no'
ac_cv_func_expm1='yes'
ac_cv_func_faccessat='yes'
ac_cv_func_fchmod='yes'
ac_cv_func_fchmodat='yes'
ac_cv_func_fchown='yes'
ac_cv_func_fchownat='yes'
ac_cv_func_fdopendir='yes'
ac_cv_func_fdwalk='no'
ac_cv_func_fexecve='yes'
ac_cv_func_finite='yes'
ac_cv_func_flock='yes'
ac_cv_func_fork='yes'
ac_cv_func_forkpty='yes'
ac_cv_func_fpathconf='yes'
ac_cv_func_fseek64='no'
ac_cv_func_fseeko='yes'
ac_cv_func_fstatat='yes'
ac_cv_func_fstatvfs='yes'
ac_cv_func_ftell64='no'
ac_cv_func_ftello='yes'
ac_cv_func_ftime='no'
ac_cv_func_ftruncate='yes'
ac_cv_func_futimens='yes'
ac_cv_func_futimes='yes'
ac_cv_func_futimesat='yes'
ac_cv_func_gai_strerror='yes'
ac_cv_func_gamma='yes'
ac_cv_func_getentropy='yes'
ac_cv_func_getgrgid_r='yes'
ac_cv_func_getgrnam_r='yes'
ac_cv_func_getgrouplist='yes'
ac_cv_func_getgroups='yes'
ac_cv_func_gethostbyname_r='yes'
ac_cv_func_getitimer='yes'
ac_cv_func_getloadavg='yes'
ac_cv_func_getlogin='yes'
ac_cv_func_getnameinfo='yes'
ac_cv_func_getpeername='yes'
ac_cv_func_getpgid='yes'
ac_cv_func_getpgrp='yes'
ac_cv_func_getpid='yes'
ac_cv_func_getpriority='yes'
ac_cv_func_getpwent='yes'
ac_cv_func_getpwnam_r='yes'
ac_cv_func_getpwuid_r='yes'
ac_cv_func_getresgid='yes'
ac_cv_func_getresuid='yes'
ac_cv_func_getsid='yes'
ac_cv_func_getspent='no'
ac_cv_func_getspnam='no'
ac_cv_func_getwd='no'
ac_cv_func_hypot='yes'
ac_cv_func_if_nameindex='yes'
ac_cv_func_initgroups='yes'
ac_cv_func_kill='yes'
ac_cv_func_killpg='yes'
ac_cv_func_lchown='yes'
ac_cv_func_lgamma='yes'
ac_cv_func_linkat='yes'
ac_cv_func_lockf='yes'
ac_cv_func_log1p='yes'
ac_cv_func_log2='yes'
ac_cv_func_lstat='yes'
ac_cv_func_lutimes='yes'
ac_cv_func_madvise='yes'
ac_cv_func_mbrtowc='yes'
ac_cv_func_memrchr='yes'
ac_cv_func_mkdirat='yes'
ac_cv_func_mkfifo='yes'
ac_cv_func_mkfifoat='yes'
ac_cv_func_mknod='yes'
ac_cv_func_mknodat='yes'
ac_cv_func_mktime='yes'
ac_cv_func_mmap='yes'
ac_cv_func_mremap='yes'
ac_cv_func_nice='yes'
ac_cv_func_openat='yes'
ac_cv_func_openpty='yes'
ac_cv_func_pathconf='yes'
ac_cv_func_pause='yes'
ac_cv_func_pipe2='yes'
ac_cv_func_plock='no'
ac_cv_func_poll='yes'
ac_cv_func_posix_fadvise='yes'
ac_cv_func_posix_fallocate='yes'
ac_cv_func_posix_spawn='yes'
ac_cv_func_posix_spawnp='yes'
ac_cv_func_pread='yes'
ac_cv_func_preadv2='yes'
ac_cv_func_preadv='yes'
ac_cv_func_pthread_condattr_setclock='yes'
ac_cv_func_pthread_getcpuclockid='yes'
ac_cv_func_pthread_init='no'
ac_cv_func_pthread_kill='yes'
ac_cv_func_pthread_sigmask='yes'
ac_cv_func_pwrite='yes'
ac_cv_func_pwritev2='yes'
ac_cv_func_pwritev='yes'
ac_cv_func_readlink='yes'
ac_cv_func_readlinkat='yes'
ac_cv_func_readv='yes'
ac_cv_func_realpath='yes'
ac_cv_func_renameat='yes'
ac_cv_func_round='yes'
ac_cv_func_rtpSpawn='no'
ac_cv_func_sched_get_priority_max='yes'
ac_cv_func_sched_rr_get_interval='yes'
ac_cv_func_sched_setaffinity='yes'
ac_cv_func_sched_setparam='yes'
ac_cv_func_sched_setscheduler='yes'
ac_cv_func_sem_getvalue='yes'
ac_cv_func_sem_open='yes'
ac_cv_func_sem_timedwait='yes'
ac_cv_func_sem_unlink='yes'
ac_cv_func_sendfile='yes'
ac_cv_func_setegid='yes'
ac_cv_func_seteuid='yes'
ac_cv_func_setgid='yes'
ac_cv_func_sethostname='yes'
ac_cv_func_setitimer='yes'
ac_cv_func_setlocale='yes'
ac_cv_func_setpgid='yes'
ac_cv_func_setpgrp='yes'
ac_cv_func_setpriority='yes'
ac_cv_func_setregid='yes'
ac_cv_func_setresgid='yes'
ac_cv_func_setresuid='yes'
ac_cv_func_setreuid='yes'
ac_cv_func_setsid='yes'
ac_cv_func_setuid='yes'
ac_cv_func_setvbuf='yes'
ac_cv_func_shm_open='no'
ac_cv_func_shm_unlink='no'
ac_cv_func_sigaction='yes'
ac_cv_func_sigaltstack='yes'
ac_cv_func_sigfillset='yes'
ac_cv_func_siginterrupt='yes'
ac_cv_func_sigpending='yes'
ac_cv_func_sigrelse='yes'
ac_cv_func_sigtimedwait='yes'
ac_cv_func_sigwait='yes'
ac_cv_func_sigwaitinfo='yes'
ac_cv_func_snprintf='yes'
ac_cv_func_statvfs='yes'
ac_cv_func_strdup='yes'
ac_cv_func_strftime='yes'
ac_cv_func_strlcpy='yes'
ac_cv_func_strsignal='yes'
ac_cv_func_symlinkat='yes'
ac_cv_func_sync='yes'
ac_cv_func_sysconf='yes'
ac_cv_func_tcgetpgrp='yes'
ac_cv_func_tcsetpgrp='yes'
ac_cv_func_tempnam='yes'
ac_cv_func_tgamma='yes'
ac_cv_func_timegm='yes'
ac_cv_func_times='yes'
ac_cv_func_tmpfile='yes'
ac_cv_func_tmpnam='yes'
ac_cv_func_tmpnam_r='no'
ac_cv_func_truncate='yes'
ac_cv_func_uname='yes'
ac_cv_func_unlinkat='yes'
ac_cv_func_utimensat='yes'
ac_cv_func_utimes='yes'
ac_cv_func_wait3='no'
ac_cv_func_wait4='yes'
ac_cv_func_waitid='yes'
ac_cv_func_waitpid='yes'
ac_cv_func_wcscoll='yes'
ac_cv_func_wcsftime='yes'
ac_cv_func_wcsxfrm='yes'
ac_cv_func_wmemcmp='yes'
ac_cv_func_writev='yes'
ac_cv_has_le64toh='yes'
ac_cv_has_makedev='yes'
ac_cv_has_x509_verify_param_set1_host='yes'
ac_cv_have_chflags='no'
ac_cv_have_decl_RTLD_DEEPBIND='no'
ac_cv_have_decl_RTLD_GLOBAL='yes'
ac_cv_have_decl_RTLD_LAZY='yes'
ac_cv_have_decl_RTLD_LOCAL='yes'
ac_cv_have_decl_RTLD_MEMBER='no'
ac_cv_have_decl_RTLD_NODELETE='yes'
ac_cv_have_decl_RTLD_NOLOAD='yes'
ac_cv_have_decl_RTLD_NOW='yes'
ac_cv_have_decl_dirfd='yes'
ac_cv_have_decl_isfinite='yes'
ac_cv_have_decl_isinf='yes'
ac_cv_have_decl_isnan='yes'
ac_cv_have_getc_unlocked='yes'
ac_cv_have_lchflags='no'
ac_cv_have_size_t_format='yes'
ac_cv_header_alloca_h='yes'
ac_cv_header_asm_types_h='yes'
ac_cv_header_bluetooth_bluetooth_h='no'
ac_cv_header_bluetooth_h='no'
ac_cv_header_conio_h='no'
ac_cv_header_crypt_h='yes'
ac_cv_header_curses_h='yes'
ac_cv_header_direct_h='no'
ac_cv_header_dirent_dirent_h='yes'
ac_cv_header_dlfcn_h='yes'
ac_cv_header_endian_h='yes'
ac_cv_header_errno_h='yes'
ac_cv_header_fcntl_h='yes'
ac_cv_header_grp_h='yes'
ac_cv_header_ieeefp_h='no'
ac_cv_header_inttypes_h='yes'
ac_cv_header_io_h='no'
ac_cv_header_langinfo_h='yes'
ac_cv_header_libintl_h='yes'
ac_cv_header_libutil_h='no'
ac_cv_header_linux_can_bcm_h='yes'
ac_cv_header_linux_can_h='yes'
ac_cv_header_linux_can_j1939_h='yes'
ac_cv_header_linux_can_raw_h='yes'
ac_cv_header_linux_memfd_h='yes'
ac_cv_header_linux_netlink_h='yes'
ac_cv_header_linux_qrtr_h='yes'
ac_cv_header_linux_random_h='yes'
ac_cv_header_linux_tipc_h='yes'
ac_cv_header_linux_vm_sockets_h='yes'
ac_cv_header_linux_wait_h='yes'
ac_cv_header_memory_h='yes'
ac_cv_header_minix_config_h='no'
ac_cv_header_ncurses_h='yes'
ac_cv_header_net_if_h='yes'
ac_cv_header_netpacket_packet_h='yes'
ac_cv_header_poll_h='yes'
ac_cv_header_process_h='no'
ac_cv_header_pthread_h='yes'
ac_cv_header_pty_h='yes'
ac_cv_header_sched_h='yes'
ac_cv_header_shadow_h='no'
ac_cv_header_signal_h='yes'
ac_cv_header_spawn_h='yes'
ac_cv_header_stdc='yes'
ac_cv_header_stdint_h='yes'
ac_cv_header_stdlib_h='yes'
ac_cv_header_string_h='yes'
ac_cv_header_strings_h='yes'
ac_cv_header_stropts_h='no'
ac_cv_header_sys_audioio_h='no'
ac_cv_header_sys_bsdtty_h='no'
ac_cv_header_sys_devpoll_h='no'
ac_cv_header_sys_endian_h='yes'
ac_cv_header_sys_epoll_h='yes'
ac_cv_header_sys_event_h='no'
ac_cv_header_sys_file_h='yes'
ac_cv_header_sys_ioctl_h='yes'
ac_cv_header_sys_kern_control_h='no'
ac_cv_header_sys_loadavg_h='no'
ac_cv_header_sys_lock_h='no'
ac_cv_header_sys_memfd_h='no'
ac_cv_header_sys_mkdev_h='no'
ac_cv_header_sys_mman_h='yes'
ac_cv_header_sys_modem_h='no'
ac_cv_header_sys_param_h='yes'
ac_cv_header_sys_poll_h='yes'
ac_cv_header_sys_random_h='yes'
ac_cv_header_sys_resource_h='yes'
ac_cv_header_sys_select_h='yes'
ac_cv_header_sys_sendfile_h='yes'
ac_cv_header_sys_socket_h='yes'
ac_cv_header_sys_stat_h='yes'
ac_cv_header_sys_statvfs_h='yes'
ac_cv_header_sys_sys_domain_h='no'
ac_cv_header_sys_syscall_h='yes'
ac_cv_header_sys_sysmacros_h='yes'
ac_cv_header_sys_termio_h='no'
ac_cv_header_sys_time_h='yes'
ac_cv_header_sys_times_h='yes'
ac_cv_header_sys_types_h='yes'
ac_cv_header_sys_types_h_makedev='no'
ac_cv_header_sys_uio_h='yes'
ac_cv_header_sys_un_h='yes'
ac_cv_header_sys_utsname_h='yes'
ac_cv_header_sys_wait_h='yes'
ac_cv_header_sys_xattr_h='yes'
ac_cv_header_sysexits_h='yes'
ac_cv_header_term_h='yes'
ac_cv_header_termios_h='yes'
ac_cv_header_time='yes'
ac_cv_header_time_altzone='no'
ac_cv_header_unistd_h='yes'
ac_cv_header_util_h='no'
ac_cv_header_utime_h='yes'
ac_cv_header_uuid_h='no'
ac_cv_header_uuid_uuid_h='yes'
ac_cv_header_wchar_h='yes'
ac_cv_host='aarch64-unknown-linux-gnu'
ac_cv_kpthread='no'
ac_cv_kthread='no'
ac_cv_lib_c_inet_aton='yes'
ac_cv_lib_dl_dlopen='yes'
ac_cv_lib_dld_shl_load='no'
ac_cv_lib_ieee___fpu_control='no'
ac_cv_lib_intl_textdomain='no'
ac_cv_lib_nsl_t_open='no'
ac_cv_lib_readline_append_history='yes'
ac_cv_lib_readline_rl_completion_display_matches_hook='yes'
ac_cv_lib_readline_rl_completion_matches='yes'
ac_cv_lib_readline_rl_pre_input_hook='yes'
ac_cv_lib_readline_rl_resize_terminal='yes'
ac_cv_lib_sendfile_sendfile='no'
ac_cv_lib_socket_socket='no'
ac_cv_lib_z_inflateCopy='yes'
ac_cv_member_siginfo_t_si_band='yes'
ac_cv_member_struct_passwd_pw_gecos='yes'
ac_cv_member_struct_passwd_pw_passwd='yes'
ac_cv_member_struct_stat_st_birthtime='no'
ac_cv_member_struct_stat_st_blksize='yes'
ac_cv_member_struct_stat_st_blocks='yes'
ac_cv_member_struct_stat_st_flags='no'
ac_cv_member_struct_stat_st_gen='no'
ac_cv_member_struct_stat_st_rdev='yes'
ac_cv_member_struct_tm_tm_zone='yes'
ac_cv_mvwdelch_is_expression='yes'
ac_cv_no_strict_aliasing='no'
ac_cv_objext='o'
ac_cv_path_EGREP='/data/data/com.termux/files/usr/bin/grep -E'
ac_cv_path_GREP='/data/data/com.termux/files/usr/bin/grep'
ac_cv_path_SED='/data/data/com.termux/files/usr/bin/sed'
ac_cv_path_ac_pt_LLVM_PROFDATA='/data/data/com.termux/files/usr/bin/llvm-profdata'
ac_cv_path_ac_pt_PKG_CONFIG='/data/data/com.termux/files/usr/bin/pkg-config'
ac_cv_path_install='/data/data/com.termux/files/usr/bin/install -c'
ac_cv_path_mkdir='/data/data/com.termux/files/usr/bin/mkdir'
ac_cv_posix_semaphores_enabled='no'
ac_cv_prog_CPP='gcc -E'
ac_cv_prog_PYTHON_FOR_REGEN='python3'
ac_cv_prog_TRUE='true'
ac_cv_prog_ac_ct_AR='ar'
ac_cv_prog_ac_ct_CC='gcc'
ac_cv_prog_ac_ct_PKG_CONFIG='/data/data/com.termux/files/usr/bin/pkg-config'
ac_cv_prog_ac_ct_READELF='readelf'
ac_cv_prog_cc_c89=''
ac_cv_prog_cc_g='yes'
ac_cv_pthread='no'
ac_cv_pthread_is_default='yes'
ac_cv_pthread_system_supported='no'
ac_cv_rshift_extends_sign='yes'
ac_cv_safe_to_define___extensions__='yes'
ac_cv_search_crypt='-lcrypt'
ac_cv_search_crypt_r='no'
ac_cv_search_opendir='none required'
ac_cv_search_sem_init='none required'
ac_cv_search_shm_open='no'
ac_cv_sizeof__Bool='1'
ac_cv_sizeof_double='8'
ac_cv_sizeof_float='4'
ac_cv_sizeof_fpos_t='8'
ac_cv_sizeof_int='4'
ac_cv_sizeof_long='8'
ac_cv_sizeof_long_double='16'
ac_cv_sizeof_long_long='8'
ac_cv_sizeof_off_t='8'
ac_cv_sizeof_pid_t='4'
ac_cv_sizeof_pthread_key_t='4'
ac_cv_sizeof_pthread_t='8'
ac_cv_sizeof_short='2'
ac_cv_sizeof_size_t='8'
ac_cv_sizeof_time_t='8'
ac_cv_sizeof_uintptr_t='8'
ac_cv_sizeof_void_p='8'
ac_cv_sizeof_wchar_t='4'
ac_cv_stat_tv_nsec2='no'
ac_cv_stat_tv_nsec='yes'
ac_cv_struct_addrinfo='yes'
ac_cv_struct_sockaddr_alg='yes'
ac_cv_struct_sockaddr_storage='yes'
ac_cv_struct_tm='time.h'
ac_cv_type___uint128_t='yes'
ac_cv_type_long_double='yes'
ac_cv_type_mode_t='yes'
ac_cv_type_off_t='yes'
ac_cv_type_pid_t='yes'
ac_cv_type_size_t='yes'
ac_cv_type_socklen_t='yes'
ac_cv_type_ssize_t='yes'
ac_cv_type_uid_t='yes'
ac_cv_wchar_t_signed='no'
ac_cv_window_has_flags='no'
ac_cv_working_tzset='yes'
ac_cv_x87_double_rounding='no'
ax_cv_c_float_words_bigendian='no'
py_cv_lib_readline='yes'

## ----------------- ##
## Output variables. ##
## ----------------- ##

ABIFLAGS=''
ALT_SOABI=''
AR='ar'
ARCH_RUN_32BIT=''
ARFLAGS='rcs'
BASECFLAGS=' -Wno-unused-result -Wsign-compare -Wunreachable-code'
BASECPPFLAGS=''
BINLIBDEST='$(LIBDIR)/python$(VERSION)'
BLDLIBRARY='$(LDLIBRARY)'
BLDSHARED='$(CC) -shared'
BUILDEXEEXT=''
CC='gcc'
CCSHARED='-fPIC'
CFLAGS='-I/data/data/com.termux/files/usr/include'
CFLAGSFORSHARED=''
CFLAGS_ALIASING='-fno-strict-aliasing'
CFLAGS_NODIST=' -std=c99 -Wextra -Wno-unused-result -Wno-unused-parameter -Wno-missing-field-initializers -Werror=implicit-function-declaration -fvisibility=hidden'
CONFIGURE_MACOSX_DEPLOYMENT_TARGET=''
CONFIG_ARGS=' '\''--prefix=/data/data/com.termux/files/usr'\'' '\''CFLAGS=-I/data/data/com.termux/files/usr/include'\'' '\''LDFLAGS=-L/data/data/com.termux/files/usr/lib'\'''
CPP='gcc -E'
CPPFLAGS=''
CXX='g++'
DEFS='-DHAVE_CONFIG_H'
DEF_MAKE_ALL_RULE='build_all'
DEF_MAKE_RULE='all'
DFLAGS=''
DLINCLDIR='.'
DLLLIBRARY=''
DTRACE=''
DTRACE_HEADERS=''
DTRACE_OBJS=''
DYNLOADFILE='dynload_shlib.o'
ECHO_C=''
ECHO_N='-n'
ECHO_T=''
EGREP='/data/data/com.termux/files/usr/bin/grep -E'
ENSUREPIP='upgrade'
EXEEXT=''
EXPORTSFROM=''
EXPORTSYMS=''
EXPORT_MACOSX_DEPLOYMENT_TARGET='#'
EXT_SUFFIX='.cpython-39.so'
FRAMEWORKALTINSTALLFIRST=''
FRAMEWORKALTINSTALLLAST=''
FRAMEWORKINSTALLAPPSPREFIX=''
FRAMEWORKINSTALLFIRST=''
FRAMEWORKINSTALLLAST=''
FRAMEWORKPYTHONW=''
FRAMEWORKUNIXTOOLSPREFIX='/data/data/com.termux/files/usr'
GITBRANCH=''
GITTAG=''
GITVERSION=''
GNULD='yes'
GREP='/data/data/com.termux/files/usr/bin/grep'
HAS_GIT='no-repository'
HAVE_GETHOSTBYNAME=''
HAVE_GETHOSTBYNAME_R=''
HAVE_GETHOSTBYNAME_R_3_ARG=''
HAVE_GETHOSTBYNAME_R_5_ARG=''
HAVE_GETHOSTBYNAME_R_6_ARG=''
INSTALL_DATA='${INSTALL} -m 644'
INSTALL_PROGRAM='${INSTALL}'
INSTALL_SCRIPT='${INSTALL}'
INSTSONAME='$(LDLIBRARY)'
LDCXXSHARED='$(CXX) -shared'
LDFLAGS='-L/data/data/com.termux/files/usr/lib'
LDFLAGS_NODIST=''
LDLIBRARY='libpython$(VERSION)$(ABIFLAGS).a'
LDLIBRARYDIR=''
LDSHARED='$(CC) -shared'
LDVERSION='$(VERSION)$(ABIFLAGS)'
LIBC=''
LIBFFI_INCLUDEDIR='/data/data/com.termux/files/usr/include'
LIBM='-lm'
LIBOBJS=''
LIBPL='$(prefix)/lib/python3.9/config-$(VERSION)$(ABIFLAGS)'
LIBPYTHON='-lpython3.9'
LIBRARY='libpython$(VERSION)$(ABIFLAGS).a'
LIBS='-lcrypt -ldl  -lm'
LIBTOOL_CRUFT=''
LINKCC='$(PURIFY) $(MAINCC)'
LINKFORSHARED='-Xlinker -export-dynamic'
LIPO_32BIT_FLAGS=''
LLVM_AR=''
LLVM_AR_FOUND=''
LLVM_PROFDATA='/data/data/com.termux/files/usr/bin/llvm-profdata'
LLVM_PROF_ERR='no'
LLVM_PROF_FILE=''
LLVM_PROF_FOUND='found'
LLVM_PROF_MERGER='true'
LN='ln'
LTLIBOBJS=''
MACHDEP='linux'
MACHDEP_OBJS=''
MAINCC='$(CC)'
MKDIR_P='/data/data/com.termux/files/usr/bin/mkdir -p'
MULTIARCH=''
MULTIARCH_CPPFLAGS=''
NO_AS_NEEDED='-Wl,--no-as-needed'
OBJEXT='o'
OPENSSL_INCLUDES='-I/data/data/com.termux/files/usr/include'
OPENSSL_LDFLAGS='-L/data/data/com.termux/files/usr/lib'
OPENSSL_LIBS='-lssl -lcrypto'
OPT='-DNDEBUG -g -fwrapv -O3 -Wall'
OTHER_LIBTOOL_OPT=''
PACKAGE_BUGREPORT='https://bugs.python.org/'
PACKAGE_NAME='python'
PACKAGE_STRING='python 3.9'
PACKAGE_TARNAME='python'
PACKAGE_URL=''
PACKAGE_VERSION='3.9'
PATH_SEPARATOR=':'
PGO_PROF_GEN_FLAG='-fprofile-generate'
PGO_PROF_USE_FLAG='-fprofile-use -fprofile-correction'
PKG_CONFIG='/data/data/com.termux/files/usr/bin/pkg-config'
PKG_CONFIG_LIBDIR=''
PKG_CONFIG_PATH=''
PLATFORM_TRIPLET=''
PLATLIBDIR='lib'
PROFILE_TASK='-m test --pgo'
PY3LIBRARY=''
PYTHONFRAMEWORK=''
PYTHONFRAMEWORKDIR='no-framework'
PYTHONFRAMEWORKIDENTIFIER='org.python.python'
PYTHONFRAMEWORKINSTALLDIR=''
PYTHONFRAMEWORKPREFIX=''
PYTHON_FOR_BUILD='./$(BUILDPYTHON) -E'
PYTHON_FOR_REGEN='python3'
PY_ENABLE_SHARED='0'
READELF='readelf'
RUNSHARED=''
SED='/data/data/com.termux/files/usr/bin/sed'
SHELL='/bin/sh'
SHLIBS='$(LIBS)'
SHLIB_SUFFIX='.so'
SOABI='cpython-39'
SOVERSION='1.0'
SRCDIRS='Parser Parser/pegen Objects Python Modules Modules/_io Programs'
TCLTK_INCLUDES=''
TCLTK_LIBS=''
THREADHEADERS=' $(srcdir)/Python/thread_nt.h $(srcdir)/Python/thread_pthread.h'
TRUE='true'
TZPATH='/usr/share/zoneinfo:/usr/lib/zoneinfo:/usr/share/lib/zoneinfo:/etc/zoneinfo'
UNIVERSALSDK=''
UNIVERSAL_ARCH_FLAGS=''
VERSION='3.9'
_PYTHON_HOST_PLATFORM=''
ac_ct_AR='ar'
ac_ct_CC='gcc'
ac_ct_CXX=''
ac_ct_READELF='readelf'
bindir='${exec_prefix}/bin'
build='aarch64-unknown-linux-gnu'
build_alias=''
build_cpu='aarch64'
build_os='linux-gnu'
build_vendor='unknown'
datadir='${datarootdir}'
datarootdir='${prefix}/share'
docdir='${datarootdir}/doc/${PACKAGE_TARNAME}'
dvidir='${docdir}'
exec_prefix='${prefix}'
host='aarch64-unknown-linux-gnu'
host_alias=''
host_cpu='aarch64'
host_os='linux-gnu'
host_vendor='unknown'
htmldir='${docdir}'
includedir='${prefix}/include'
infodir='${datarootdir}/info'
libdir='${exec_prefix}/lib'
libexecdir='${exec_prefix}/libexec'
localedir='${datarootdir}/locale'
localstatedir='${prefix}/var'
mandir='${datarootdir}/man'
oldincludedir='/usr/include'
pdfdir='${docdir}'
prefix='/data/data/com.termux/files/usr'
program_transform_name='s,x,x,'
psdir='${docdir}'
sbindir='${exec_prefix}/sbin'
sharedstatedir='${prefix}/com'
sysconfdir='${prefix}/etc'
target_alias=''

## ----------- ##
## confdefs.h. ##
## ----------- ##

/* confdefs.h */
#define _GNU_SOURCE 1
#define _NETBSD_SOURCE 1
#define __BSD_VISIBLE 1
#define _DARWIN_C_SOURCE 1
#define _PYTHONFRAMEWORK ""
#define _XOPEN_SOURCE 700
#define _XOPEN_SOURCE_EXTENDED 1
#define _POSIX_C_SOURCE 200809L
#define STDC_HEADERS 1
#define HAVE_SYS_TYPES_H 1
#define HAVE_SYS_STAT_H 1
#define HAVE_STDLIB_H 1
#define HAVE_STRING_H 1
#define HAVE_MEMORY_H 1
#define HAVE_STRINGS_H 1
#define HAVE_INTTYPES_H 1
#define HAVE_STDINT_H 1
#define HAVE_UNISTD_H 1
#define __EXTENSIONS__ 1
#define _ALL_SOURCE 1
#define _GNU_SOURCE 1
#define _POSIX_PTHREAD_SEMANTICS 1
#define _TANDEM_SOURCE 1
#define ANDROID_API_LEVEL 24
#define STDC_HEADERS 1
#define HAVE_ASM_TYPES_H 1
#define HAVE_CRYPT_H 1
#define HAVE_DLFCN_H 1
#define HAVE_ERRNO_H 1
#define HAVE_FCNTL_H 1
#define HAVE_GRP_H 1
#define HAVE_LANGINFO_H 1
#define HAVE_LIBINTL_H 1
#define HAVE_PTHREAD_H 1
#define HAVE_SCHED_H 1
#define HAVE_SIGNAL_H 1
#define HAVE_TERMIOS_H 1
#define HAVE_UTIME_H 1
#define HAVE_POLL_H 1
#define HAVE_SYS_EPOLL_H 1
#define HAVE_SYS_POLL_H 1
#define HAVE_SYS_XATTR_H 1
#define HAVE_SYS_FILE_H 1
#define HAVE_SYS_IOCTL_H 1
#define HAVE_SYS_PARAM_H 1
#define HAVE_SYS_RANDOM_H 1
#define HAVE_SYS_SELECT_H 1
#define HAVE_SYS_SENDFILE_H 1
#define HAVE_SYS_SOCKET_H 1
#define HAVE_SYS_STATVFS_H 1
#define HAVE_SYS_STAT_H 1
#define HAVE_SYS_SYSCALL_H 1
#define HAVE_SYS_TIME_H 1
#define HAVE_SYS_TIMES_H 1
#define HAVE_SYS_TYPES_H 1
#define HAVE_SYS_UIO_H 1
#define HAVE_SYS_UN_H 1
#define HAVE_SYS_UTSNAME_H 1
#define HAVE_SYS_WAIT_H 1
#define HAVE_PTY_H 1
#define HAVE_SYS_RESOURCE_H 1
#define HAVE_NETPACKET_PACKET_H 1
#define HAVE_SYSEXITS_H 1
#define HAVE_LINUX_TIPC_H 1
#define HAVE_LINUX_RANDOM_H 1
#define HAVE_SPAWN_H 1
#define HAVE_ALLOCA_H 1
#define HAVE_ENDIAN_H 1
#define HAVE_SYS_ENDIAN_H 1
#define HAVE_SYS_SYSMACROS_H 1
#define HAVE_LINUX_MEMFD_H 1
#define HAVE_LINUX_WAIT_H 1
#define HAVE_SYS_MMAN_H 1
#define HAVE_DIRENT_H 1
#define MAJOR_IN_SYSMACROS 1
#define HAVE_NET_IF_H 1
#define HAVE_LINUX_NETLINK_H 1
#define HAVE_LINUX_QRTR_H 1
#define HAVE_LINUX_VM_SOCKETS_H 1
#define HAVE_LINUX_CAN_H 1
#define HAVE_LINUX_CAN_BCM_H 1
#define HAVE_LINUX_CAN_J1939_H 1
#define HAVE_LINUX_CAN_RAW_H 1
#define HAVE_MAKEDEV 1
#define HAVE_HTOLE64 1
#define _LARGEFILE_SOURCE 1
#define _FILE_OFFSET_BITS 64
#if defined(SCO_DS)
#undef _OFF_T
#endif
#define RETSIGTYPE void
#define HAVE_SSIZE_T 1
#define HAVE_GCC_UINT128_T 1
#define SIZEOF_INT 4
#define SIZEOF_LONG 8
#define SIZEOF_LONG_LONG 8
#define SIZEOF_VOID_P 8
#define SIZEOF_SHORT 2
#define SIZEOF_FLOAT 4
#define SIZEOF_DOUBLE 8
#define SIZEOF_FPOS_T 8
#define SIZEOF_SIZE_T 8
#define SIZEOF_PID_T 4
#define SIZEOF_UINTPTR_T 8
#define HAVE_LONG_DOUBLE 1
#define SIZEOF_LONG_DOUBLE 16
#define SIZEOF__BOOL 1
#define SIZEOF_OFF_T 8
#define SIZEOF_TIME_T 8
#define SIZEOF_PTHREAD_T 8
#define SIZEOF_PTHREAD_KEY_T 4
#define PTHREAD_KEY_T_IS_COMPATIBLE_WITH_INT 1
#define HAVE_LIBDL 1
#define HAVE_UUID_UUID_H 1
#define HAVE_UUID_GENERATE_TIME_SAFE 1
#define WITH_DECIMAL_CONTEXTVAR 1
#define _REENTRANT 1
#define HAVE_PTHREAD_SIGMASK 1
#define HAVE_PTHREAD_GETCPUCLOCKID 1
#define ENABLE_IPV6 1
#define HAVE_LINUX_CAN_RAW_FD_FRAMES 1
#define HAVE_LINUX_CAN_RAW_JOIN_FILTERS 1
#define WITH_DOC_STRINGS 1
#define WITH_PYMALLOC 1
#define PY_COERCE_C_LOCALE 1
#define HAVE_DLOPEN 1
#define HAVE_DYNAMIC_LOADING 1
#define HAVE_ALARM 1
#define HAVE_ACCEPT4 1
#define HAVE_SETITIMER 1
#define HAVE_GETITIMER 1
#define HAVE_CHOWN 1
#define HAVE_CLOCK 1
#define HAVE_CTERMID 1
#define HAVE_DUP3 1
#define HAVE_EXECV 1
#define HAVE_FACCESSAT 1
#define HAVE_FCHMOD 1
#define HAVE_FCHMODAT 1
#define HAVE_FCHOWN 1
#define HAVE_FCHOWNAT 1
#define HAVE_FEXECVE 1
#define HAVE_FDOPENDIR 1
#define HAVE_FORK 1
#define HAVE_FPATHCONF 1
#define HAVE_FSTATAT 1
#define HAVE_FTRUNCATE 1
#define HAVE_FUTIMESAT 1
#define HAVE_FUTIMENS 1
#define HAVE_FUTIMES 1
#define HAVE_GAI_STRERROR 1
#define HAVE_GETENTROPY 1
#define HAVE_GETGRGID_R 1
#define HAVE_GETGRNAM_R 1
#define HAVE_GETGROUPLIST 1
#define HAVE_GETGROUPS 1
#define HAVE_GETLOGIN 1
#define HAVE_GETLOADAVG 1
#define HAVE_GETPEERNAME 1
#define HAVE_GETPGID 1
#define HAVE_GETPID 1
#define HAVE_GETPRIORITY 1
#define HAVE_GETRESUID 1
#define HAVE_GETRESGID 1
#define HAVE_GETPWENT 1
#define HAVE_GETPWNAM_R 1
#define HAVE_GETPWUID_R 1
#define HAVE_GETSID 1
#define HAVE_IF_NAMEINDEX 1
#define HAVE_INITGROUPS 1
#define HAVE_KILL 1
#define HAVE_KILLPG 1
#define HAVE_LCHOWN 1
#define HAVE_LOCKF 1
#define HAVE_LINKAT 1
#define HAVE_LSTAT 1
#define HAVE_LUTIMES 1
#define HAVE_MMAP 1
#define HAVE_MEMRCHR 1
#define HAVE_MBRTOWC 1
#define HAVE_MKDIRAT 1
#define HAVE_MKFIFO 1
#define HAVE_MADVISE 1
#define HAVE_MKFIFOAT 1
#define HAVE_MKNOD 1
#define HAVE_MKNODAT 1
#define HAVE_MKTIME 1
#define HAVE_MREMAP 1
#define HAVE_NICE 1
#define HAVE_OPENAT 1
#define HAVE_PATHCONF 1
#define HAVE_PAUSE 1
#define HAVE_PIPE2 1
#define HAVE_POLL 1
#define HAVE_POSIX_FALLOCATE 1
#define HAVE_POSIX_FADVISE 1
#define HAVE_POSIX_SPAWN 1
#define HAVE_POSIX_SPAWNP 1
#define HAVE_PREAD 1
#define HAVE_PREADV 1
#define HAVE_PREADV2 1
#define HAVE_PTHREAD_CONDATTR_SETCLOCK 1
#define HAVE_PTHREAD_KILL 1
#define HAVE_PWRITE 1
#define HAVE_PWRITEV 1
#define HAVE_PWRITEV2 1
#define HAVE_READLINK 1
#define HAVE_READLINKAT 1
#define HAVE_READV 1
#define HAVE_REALPATH 1
#define HAVE_RENAMEAT 1
#define HAVE_SEM_OPEN 1
#define HAVE_SEM_TIMEDWAIT 1
#define HAVE_SEM_GETVALUE 1
#define HAVE_SEM_UNLINK 1
#define HAVE_SENDFILE 1
#define HAVE_SETEGID 1
#define HAVE_SETEUID 1
#define HAVE_SETGID 1
#define HAVE_SETHOSTNAME 1
#define HAVE_SETLOCALE 1
#define HAVE_SETREGID 1
#define HAVE_SETREUID 1
#define HAVE_SETRESUID 1
#define HAVE_SETRESGID 1
#define HAVE_SETSID 1
#define HAVE_SETPGID 1
#define HAVE_SETPGRP 1
#define HAVE_SETPRIORITY 1
#define HAVE_SETUID 1
#define HAVE_SETVBUF 1
#define HAVE_SCHED_GET_PRIORITY_MAX 1
#define HAVE_SCHED_SETAFFINITY 1
#define HAVE_SCHED_SETSCHEDULER 1
#define HAVE_SCHED_SETPARAM 1
#define HAVE_SCHED_RR_GET_INTERVAL 1
#define HAVE_SIGACTION 1
#define HAVE_SIGALTSTACK 1
#define HAVE_SIGFILLSET 1
#define HAVE_SIGINTERRUPT 1
#define HAVE_SIGPENDING 1
#define HAVE_SIGRELSE 1
#define HAVE_SIGTIMEDWAIT 1
#define HAVE_SIGWAIT 1
#define HAVE_SIGWAITINFO 1
#define HAVE_SNPRINTF 1
#define HAVE_STRFTIME 1
#define HAVE_STRLCPY 1
#define HAVE_STRSIGNAL 1
#define HAVE_SYMLINKAT 1
#define HAVE_SYNC 1
#define HAVE_SYSCONF 1
#define HAVE_TCGETPGRP 1
#define HAVE_TCSETPGRP 1
#define HAVE_TEMPNAM 1
#define HAVE_TIMEGM 1
#define HAVE_TIMES 1
#define HAVE_TMPFILE 1
#define HAVE_TMPNAM 1
#define HAVE_TRUNCATE 1
#define HAVE_UNAME 1
#define HAVE_UNLINKAT 1
#define HAVE_UTIMENSAT 1
#define HAVE_UTIMES 1
#define HAVE_WAITID 1
#define HAVE_WAITPID 1
#define HAVE_WAIT4 1
#define HAVE_WCSCOLL 1
#define HAVE_WCSFTIME 1
#define HAVE_WCSXFRM 1
#define HAVE_WMEMCMP 1
#define HAVE_WRITEV 1
#define HAVE_DIRFD 1
#define HAVE_CHROOT 1
#define HAVE_LINK 1
#define HAVE_SYMLINK 1
#define HAVE_FCHDIR 1
#define HAVE_FSYNC 1
#define HAVE_FDATASYNC 1
#define HAVE_EPOLL 1
#define HAVE_EPOLL_CREATE1 1
#define HAVE_PRLIMIT 1
#define HAVE_FLOCK 1
#define HAVE_GETPAGESIZE 1
#define HAVE_ZLIB_COPY 1
#define HAVE_HSTRERROR 1
#define HAVE_INET_ATON 1
#define HAVE_INET_PTON 1
#define HAVE_SETGROUPS 1
#define HAVE_OPENPTY 1
#define HAVE_FORKPTY 1
#define HAVE_FSEEKO 1
#define HAVE_FSTATVFS 1
#define HAVE_FTELLO 1
#define HAVE_STATVFS 1
#define HAVE_DUP2 1
#define HAVE_STRDUP 1
#define HAVE_GETPGRP 1
#define HAVE_SETPGRP 1
#define HAVE_CLOCK_GETTIME 1
#define HAVE_CLOCK_GETRES 1
#define HAVE_CLOCK_SETTIME 1
#define HAVE_DEVICE_MACROS 1
#define HAVE_GETADDRINFO 1
#define HAVE_GETNAMEINFO 1
#define TIME_WITH_SYS_TIME 1
#define HAVE_STRUCT_TM_TM_ZONE 1
#define HAVE_TM_ZONE 1
#define HAVE_STRUCT_STAT_ST_RDEV 1
#define HAVE_STRUCT_STAT_ST_BLKSIZE 1
#define HAVE_STRUCT_STAT_ST_BLOCKS 1
#define HAVE_STRUCT_PASSWD_PW_GECOS 1
#define HAVE_STRUCT_PASSWD_PW_PASSWD 1
#define HAVE_SIGINFO_T_SI_BAND 1
#define SYS_SELECT_WITH_SYS_TIME 1
#define HAVE_ADDRINFO 1
#define HAVE_SOCKADDR_STORAGE 1
#define HAVE_SOCKADDR_ALG 1
#define HAVE_PROTOTYPES 1
#define HAVE_STDARG_PROTOTYPES 1
#define HAVE_SOCKETPAIR 1
#define HAVE_GETHOSTBYNAME_R 1
#define HAVE_GETHOSTBYNAME_R 1
#define HAVE_GETHOSTBYNAME_R_6_ARG 1
#define DOUBLE_IS_LITTLE_ENDIAN_IEEE754 1
#define HAVE_ACOSH 1
#define HAVE_ASINH 1
#define HAVE_ATANH 1
#define HAVE_COPYSIGN 1
#define HAVE_ERF 1
#define HAVE_ERFC 1
#define HAVE_EXPM1 1
#define HAVE_FINITE 1
#define HAVE_GAMMA 1
#define HAVE_HYPOT 1
#define HAVE_LGAMMA 1
#define HAVE_LOG1P 1
#define HAVE_LOG2 1
#define HAVE_ROUND 1
#define HAVE_TGAMMA 1
#define HAVE_DECL_ISINF 1
#define HAVE_DECL_ISNAN 1
#define HAVE_DECL_ISFINITE 1
#define POSIX_SEMAPHORES_NOT_ENABLED 1
#define HAVE_BROKEN_SEM_GETVALUE 1
#define HAVE_DECL_RTLD_LAZY 1
#define HAVE_DECL_RTLD_NOW 1
#define HAVE_DECL_RTLD_GLOBAL 1
#define HAVE_DECL_RTLD_LOCAL 1
#define HAVE_DECL_RTLD_NODELETE 1
#define HAVE_DECL_RTLD_NOLOAD 1
#define HAVE_DECL_RTLD_DEEPBIND 0
#define HAVE_DECL_RTLD_MEMBER 0
#define HAVE_WCHAR_H 1
#define SIZEOF_WCHAR_T 4
#define HAVE_USABLE_WCHAR_T 1
#define HAVE_GETC_UNLOCKED 1
#define HAVE_LIBREADLINE 1
#define HAVE_RL_COMPLETION_APPEND_CHARACTER 1
#define HAVE_RL_COMPLETION_SUPPRESS_APPEND 1
#define HAVE_RL_PRE_INPUT_HOOK 1
#define HAVE_RL_COMPLETION_DISPLAY_MATCHES_HOOK 1
#define HAVE_RL_RESIZE_TERMINAL 1
#define HAVE_RL_COMPLETION_MATCHES 1
#define HAVE_RL_CATCH_SIGNAL 1
#define HAVE_RL_APPEND_HISTORY 1
#define HAVE_WORKING_TZSET 1
#define HAVE_STAT_TV_NSEC 1
#define HAVE_CURSES_H 1
#define HAVE_NCURSES_H 1
#define HAVE_TERM_H 1
#define MVWDELCH_IS_EXPRESSION 1
#define HAVE_CURSES_IS_PAD 1
#define HAVE_CURSES_IS_TERM_RESIZED 1
#define HAVE_CURSES_RESIZE_TERM 1
#define HAVE_CURSES_RESIZETERM 1
#define HAVE_CURSES_IMMEDOK 1
#define HAVE_CURSES_SYNCOK 1
#define HAVE_CURSES_WCHGAT 1
#define HAVE_CURSES_FILTER 1
#define HAVE_CURSES_HAS_KEY 1
#define HAVE_CURSES_TYPEAHEAD 1
#define HAVE_CURSES_USE_ENV 1
#define HAVE_DEV_PTMX 1
#define PY_FORMAT_SIZE_T "z"
#define HAVE_COMPUTED_GOTOS 1
#define HAVE_STD_ATOMIC 1
#define HAVE_BUILTIN_ATOMIC 1
#define HAVE_DIRENT_D_TYPE 1
#define HAVE_GETRANDOM_SYSCALL 1
#define HAVE_SYS_MMAN_H 1
#define HAVE_X509_VERIFY_PARAM_SET1_HOST 1
#define PY_SSL_DEFAULT_CIPHERS 1
#define PY_BUILTIN_HASHLIB_HASHES /**/
#define PY_BUILTIN_HASHLIB_HASHES "md5,sha1,sha256,sha512,sha3,blake2"

configure: exit 0
